frame,time,faces_detected_count,051_detected,051_tl_x,051_tl_y,051_br_x,051_br_y,052_detected,052_tl_x,052_tl_y,052_br_x,052_br_y,UNKNOWN_detected,UNKNOWN_tl_x,UNKNOWN_tl_y,UNKNOWN_br_x,UNKNOWN_br_y
14888,07:49.974,1,True,1170,830,1315,1025,False,,,,,False,,,,
14903,07:50.447,1,True,1178,837,1324,1031,False,,,,,False,,,,
14918,07:50.921,1,True,1174,838,1321,1033,False,,,,,False,,,,
14933,07:51.394,1,True,1169,837,1315,1030,False,,,,,False,,,,
14948,07:51.868,1,True,1170,836,1315,1028,False,,,,,False,,,,
14963,07:52.341,1,True,1169,838,1315,1032,False,,,,,False,,,,
14978,07:52.815,1,True,1169,843,1315,1036,False,,,,,False,,,,
14993,07:53.288,1,True,1172,849,1318,1044,False,,,,,False,,,,
15008,07:53.762,1,True,1172,848,1316,1043,False,,,,,False,,,,
15023,07:54.235,1,True,1173,851,1315,1041,False,,,,,False,,,,
15038,07:54.709,1,True,1188,854,1324,1043,False,,,,,False,,,,
15053,07:55.182,1,True,1209,863,1340,1054,False,,,,,False,,,,
15068,07:55.656,1,True,1202,864,1337,1056,False,,,,,False,,,,
15083,07:56.129,1,True,1195,869,1337,1067,False,,,,,False,,,,
15098,07:56.603,1,True,1229,853,1377,1053,False,,,,,False,,,,
15113,07:57.076,1,True,1094,856,1244,1053,False,,,,,False,,,,
15128,07:57.550,1,True,1146,843,1294,1039,False,,,,,False,,,,
15143,07:58.023,1,True,1155,852,1305,1050,False,,,,,False,,,,
15158,07:58.497,1,True,1168,850,1316,1050,False,,,,,False,,,,
15173,07:58.970,1,True,1169,842,1317,1037,False,,,,,False,,,,
15188,07:59.444,1,True,1207,918,1354,1114,False,,,,,False,,,,
15203,07:59.917,1,True,1197,882,1343,1078,False,,,,,False,,,,
15218,08:00.391,1,True,1206,906,1352,1102,False,,,,,False,,,,
15233,08:00.864,1,True,1214,916,1360,1110,False,,,,,False,,,,
15248,08:01.338,1,True,1222,891,1368,1085,False,,,,,False,,,,
15263,08:01.811,1,True,1205,870,1352,1068,False,,,,,False,,,,
15278,08:02.285,1,True,1238,873,1387,1070,False,,,,,False,,,,
15293,08:02.758,1,True,1258,903,1406,1097,False,,,,,False,,,,
15308,08:03.232,1,True,1243,932,1390,1123,False,,,,,False,,,,
15323,08:03.705,1,True,1252,919,1400,1113,False,,,,,False,,,,
15338,08:04.179,1,True,1290,891,1437,1083,False,,,,,False,,,,
15353,08:04.652,1,True,1328,864,1477,1054,False,,,,,False,,,,
15368,08:05.126,1,True,1296,866,1444,1054,False,,,,,False,,,,
15383,08:05.599,1,True,1296,868,1444,1058,False,,,,,False,,,,
15398,08:06.073,1,True,1278,836,1427,1026,False,,,,,False,,,,
15413,08:06.546,1,True,1266,836,1414,1024,False,,,,,False,,,,
15428,08:07.020,1,True,1236,786,1382,969,False,,,,,False,,,,
15443,08:07.493,1,True,1228,790,1374,982,False,,,,,False,,,,
15458,08:07.967,1,True,1222,931,1370,1128,False,,,,,False,,,,
15473,08:08.441,1,True,1321,1014,1470,1215,False,,,,,False,,,,
15488,08:08.914,1,True,1167,1024,1314,1223,False,,,,,False,,,,
15503,08:09.388,1,True,1078,1060,1225,1265,False,,,,,False,,,,
15518,08:09.861,1,True,1014,1013,1167,1208,False,,,,,False,,,,
15533,08:10.335,1,True,1014,915,1163,1108,False,,,,,False,,,,
15548,08:10.808,1,True,1013,961,1162,1150,False,,,,,False,,,,
15563,08:11.282,1,True,1076,924,1223,1115,False,,,,,False,,,,
15578,08:11.755,1,True,1091,956,1240,1148,False,,,,,False,,,,
15593,08:12.229,1,True,1157,909,1306,1108,False,,,,,False,,,,
15608,08:12.702,1,True,1367,759,1518,955,False,,,,,False,,,,
15623,08:13.176,1,True,1403,781,1553,976,False,,,,,False,,,,
15638,08:13.649,1,True,1361,780,1511,974,False,,,,,False,,,,
15653,08:14.123,1,True,1358,755,1507,949,False,,,,,False,,,,
15668,08:14.596,1,True,1297,756,1444,953,False,,,,,False,,,,
15683,08:15.070,1,True,1239,658,1387,846,False,,,,,False,,,,
15698,08:15.543,1,True,1282,731,1428,923,False,,,,,False,,,,
15713,08:16.017,1,True,1260,903,1410,1097,False,,,,,False,,,,
15728,08:16.490,1,True,1203,974,1351,1169,False,,,,,False,,,,
15743,08:16.964,1,True,1186,828,1333,1019,False,,,,,False,,,,
15758,08:17.437,1,True,1156,846,1302,1032,False,,,,,False,,,,
15773,08:17.911,1,True,1193,758,1339,952,False,,,,,False,,,,
15788,08:18.384,1,True,1122,883,1268,1079,False,,,,,False,,,,
15803,08:18.858,1,True,1076,843,1224,1037,False,,,,,False,,,,
15818,08:19.331,1,True,1084,855,1233,1051,False,,,,,False,,,,
15833,08:19.805,1,True,1077,855,1225,1051,False,,,,,False,,,,
15848,08:20.278,1,True,1082,874,1229,1069,False,,,,,False,,,,
15863,08:20.752,1,True,1097,852,1245,1049,False,,,,,False,,,,
15878,08:21.225,1,True,1141,854,1289,1048,False,,,,,False,,,,
15893,08:21.699,1,True,1268,845,1417,1036,False,,,,,False,,,,
15908,08:22.172,1,True,1200,885,1349,1081,False,,,,,False,,,,
15923,08:22.646,1,True,1205,856,1352,1050,False,,,,,False,,,,
15938,08:23.119,1,True,1180,858,1326,1052,False,,,,,False,,,,
15953,08:23.593,1,True,1178,841,1327,1031,False,,,,,False,,,,
15968,08:24.066,1,True,1177,799,1323,991,False,,,,,False,,,,
15983,08:24.540,1,True,1184,796,1331,993,False,,,,,False,,,,
15998,08:25.013,1,True,1173,785,1322,980,False,,,,,False,,,,
16013,08:25.487,1,True,1174,794,1322,988,False,,,,,False,,,,
16028,08:25.960,1,True,1174,742,1321,935,False,,,,,False,,,,
16043,08:26.434,1,True,1158,784,1305,976,False,,,,,False,,,,
16058,08:26.907,1,True,1167,752,1314,941,False,,,,,False,,,,
16073,08:27.381,1,True,1177,784,1325,975,False,,,,,False,,,,
16088,08:27.854,1,True,1195,756,1339,946,False,,,,,False,,,,
16103,08:28.328,1,True,1215,790,1360,982,False,,,,,False,,,,
16118,08:28.801,1,True,1226,767,1370,952,False,,,,,False,,,,
16133,08:29.275,1,True,1227,765,1373,952,False,,,,,False,,,,
16148,08:29.748,1,True,1252,767,1397,955,False,,,,,False,,,,
16163,08:30.222,1,True,1224,759,1369,949,False,,,,,False,,,,
16178,08:30.695,1,True,1237,785,1382,969,False,,,,,False,,,,
16193,08:31.169,1,True,1237,813,1385,1004,False,,,,,False,,,,
16208,08:31.642,1,True,1231,792,1378,978,False,,,,,False,,,,
16223,08:32.116,1,True,1225,784,1371,974,False,,,,,False,,,,
16238,08:32.589,1,True,1225,768,1370,955,False,,,,,False,,,,
16253,08:33.063,1,True,1220,773,1366,961,False,,,,,False,,,,
16268,08:33.536,1,True,1227,768,1374,957,False,,,,,False,,,,
16283,08:34.010,1,True,1220,787,1365,976,False,,,,,False,,,,
16298,08:34.484,1,True,1219,792,1366,977,False,,,,,False,,,,
16313,08:34.957,1,True,1221,790,1366,976,False,,,,,False,,,,
16328,08:35.431,1,True,1225,789,1370,979,False,,,,,False,,,,
16343,08:35.904,1,True,1222,786,1368,974,False,,,,,False,,,,
16358,08:36.378,1,True,1223,787,1369,971,False,,,,,False,,,,
16373,08:36.851,1,True,1226,784,1371,973,False,,,,,False,,,,
16388,08:37.325,1,True,1225,780,1370,970,False,,,,,False,,,,
16403,08:37.798,1,True,1223,787,1368,973,False,,,,,False,,,,
16418,08:38.272,1,True,1222,788,1368,975,False,,,,,False,,,,
16433,08:38.745,1,True,1223,788,1370,973,False,,,,,False,,,,
16448,08:39.219,1,True,1225,785,1370,974,False,,,,,False,,,,
16463,08:39.692,1,True,1247,814,1393,1006,False,,,,,False,,,,
16478,08:40.166,1,True,1262,846,1410,1039,False,,,,,False,,,,
16493,08:40.639,1,True,1266,832,1412,1021,False,,,,,False,,,,
16508,08:41.113,1,True,1257,839,1403,1027,False,,,,,False,,,,
16523,08:41.586,1,True,1241,859,1388,1051,False,,,,,False,,,,
16538,08:42.060,1,True,1242,854,1389,1049,False,,,,,False,,,,
16553,08:42.533,1,True,1167,938,1314,1134,False,,,,,False,,,,
16568,08:43.007,1,True,1110,960,1258,1154,False,,,,,False,,,,
16583,08:43.480,1,True,1160,987,1308,1181,False,,,,,False,,,,
16598,08:43.954,1,True,1218,960,1367,1155,False,,,,,False,,,,
16613,08:44.427,1,True,1207,1059,1355,1259,False,,,,,False,,,,
16628,08:44.901,1,True,1248,1043,1400,1244,False,,,,,False,,,,
16643,08:45.374,1,True,1209,1008,1357,1206,False,,,,,False,,,,
16658,08:45.848,1,True,1171,931,1321,1129,False,,,,,False,,,,
16673,08:46.321,1,True,1182,919,1330,1115,False,,,,,False,,,,
16688,08:46.795,1,True,1171,920,1319,1113,False,,,,,False,,,,
16703,08:47.268,1,True,1181,944,1330,1141,False,,,,,False,,,,
16718,08:47.742,1,True,1180,930,1330,1128,False,,,,,False,,,,
16733,08:48.215,1,True,1183,914,1329,1110,False,,,,,False,,,,
16748,08:48.689,1,True,1185,930,1333,1128,False,,,,,False,,,,
16763,08:49.162,1,True,1190,974,1338,1172,False,,,,,False,,,,
16778,08:49.636,1,True,1187,962,1336,1161,False,,,,,False,,,,
16793,08:50.109,1,True,1167,946,1315,1146,False,,,,,False,,,,
16808,08:50.583,1,True,1183,823,1328,1019,False,,,,,False,,,,
16823,08:51.056,1,True,1190,800,1336,994,False,,,,,False,,,,
16838,08:51.530,1,True,1198,831,1343,1024,False,,,,,False,,,,
16853,08:52.003,1,True,1194,825,1340,1018,False,,,,,False,,,,
16868,08:52.477,1,True,1188,832,1336,1022,False,,,,,False,,,,
16883,08:52.950,1,True,1185,820,1329,1009,False,,,,,False,,,,
16898,08:53.424,1,True,1176,824,1321,1014,False,,,,,False,,,,
16913,08:53.897,1,True,1177,855,1322,1046,False,,,,,False,,,,
16928,08:54.371,1,True,1189,833,1336,1023,False,,,,,False,,,,
16943,08:54.844,1,True,1172,807,1318,997,False,,,,,False,,,,
16958,08:55.318,1,True,1147,799,1293,989,False,,,,,False,,,,
16973,08:55.791,1,True,1138,807,1284,995,False,,,,,False,,,,
16988,08:56.265,1,True,1130,811,1277,1001,False,,,,,False,,,,
17003,08:56.738,1,True,1133,807,1279,997,False,,,,,False,,,,
17018,08:57.212,1,True,1134,798,1279,990,False,,,,,False,,,,
17033,08:57.685,1,True,1129,799,1275,986,False,,,,,False,,,,
17048,08:58.159,1,True,1130,798,1276,984,False,,,,,False,,,,
17063,08:58.632,1,True,1125,808,1270,992,False,,,,,False,,,,
17078,08:59.106,1,True,1125,809,1269,996,False,,,,,False,,,,
17093,08:59.579,1,True,1121,814,1265,998,False,,,,,False,,,,
17108,09:00.053,1,True,1136,858,1279,1046,False,,,,,False,,,,
17123,09:00.527,1,True,1180,885,1322,1076,False,,,,,False,,,,
17138,09:01.000,1,True,1192,877,1338,1069,False,,,,,False,,,,
17153,09:01.474,1,True,1229,876,1375,1068,False,,,,,False,,,,
17168,09:01.947,1,True,1223,874,1368,1065,False,,,,,False,,,,
17183,09:02.421,1,True,1225,873,1370,1065,False,,,,,False,,,,
17198,09:02.894,1,True,1210,873,1356,1066,False,,,,,False,,,,
17213,09:03.368,1,True,1193,875,1336,1068,False,,,,,False,,,,
17228,09:03.841,1,True,1187,879,1334,1074,False,,,,,False,,,,
17243,09:04.315,1,True,1217,837,1364,1028,False,,,,,False,,,,
17258,09:04.788,1,True,1237,900,1386,1093,False,,,,,False,,,,
17273,09:05.262,1,True,1237,934,1387,1134,False,,,,,False,,,,
17288,09:05.735,1,True,1249,960,1398,1156,False,,,,,False,,,,
17303,09:06.209,1,True,1335,913,1484,1110,False,,,,,False,,,,
17318,09:06.682,1,True,1312,939,1459,1135,False,,,,,False,,,,
17333,09:07.156,1,True,1247,990,1391,1188,False,,,,,False,,,,
17348,09:07.629,1,True,1175,984,1323,1181,False,,,,,False,,,,
17363,09:08.103,1,True,993,929,1143,1122,False,,,,,False,,,,
17378,09:08.576,1,True,916,895,1067,1088,False,,,,,False,,,,
17393,09:09.050,1,True,953,894,1101,1088,False,,,,,False,,,,
17408,09:09.523,1,True,1013,950,1161,1145,False,,,,,False,,,,
17423,09:09.997,1,True,1072,1092,1221,1297,False,,,,,False,,,,
17438,09:10.470,1,True,1109,1303,1265,1506,False,,,,,False,,,,
17453,09:10.944,1,True,1152,1104,1304,1310,False,,,,,False,,,,
17468,09:11.417,1,True,1088,1026,1237,1227,False,,,,,False,,,,
17483,09:11.891,1,True,1082,1006,1230,1205,False,,,,,False,,,,
17498,09:12.364,1,True,1022,1094,1175,1302,False,,,,,False,,,,
17513,09:12.838,1,True,1004,1071,1155,1276,False,,,,,False,,,,
17528,09:13.311,1,True,1023,989,1174,1197,False,,,,,False,,,,
17543,09:13.785,1,True,1037,955,1188,1152,False,,,,,False,,,,
17558,09:14.258,1,True,1068,934,1217,1130,False,,,,,False,,,,
17573,09:14.732,1,True,1055,955,1206,1156,False,,,,,False,,,,
17588,09:15.205,1,True,1034,943,1185,1142,False,,,,,False,,,,
17603,09:15.679,1,True,1029,933,1178,1131,False,,,,,False,,,,
17618,09:16.152,1,True,1026,933,1175,1134,False,,,,,False,,,,
17633,09:16.626,1,True,1027,917,1175,1118,False,,,,,False,,,,
17648,09:17.099,1,True,1040,935,1188,1134,False,,,,,False,,,,
17663,09:17.573,1,True,1055,920,1202,1122,False,,,,,False,,,,
17678,09:18.046,1,True,1069,918,1217,1117,False,,,,,False,,,,
17693,09:18.520,1,True,1067,915,1216,1113,False,,,,,False,,,,
17708,09:18.993,1,True,1067,909,1214,1108,False,,,,,False,,,,
17723,09:19.467,1,True,1071,906,1218,1102,False,,,,,False,,,,
17738,09:19.940,1,True,1074,900,1224,1099,False,,,,,False,,,,
17753,09:20.414,1,True,1067,905,1214,1101,False,,,,,False,,,,
17768,09:20.887,1,True,1071,903,1218,1104,False,,,,,False,,,,
17783,09:21.361,1,True,1055,1005,1203,1204,False,,,,,False,,,,
17798,09:21.834,1,True,1113,888,1261,1087,False,,,,,False,,,,
17813,09:22.308,1,True,1135,1010,1283,1208,False,,,,,False,,,,
17828,09:22.781,1,True,1162,967,1310,1162,False,,,,,False,,,,
17843,09:23.255,1,True,1196,924,1342,1119,False,,,,,False,,,,
17858,09:23.728,1,True,1208,941,1355,1137,False,,,,,False,,,,
17873,09:24.202,1,True,1214,939,1364,1140,False,,,,,False,,,,
17888,09:24.675,1,True,1210,933,1358,1136,False,,,,,False,,,,
17903,09:25.149,1,True,1187,937,1338,1141,False,,,,,False,,,,
17918,09:25.622,1,True,1188,938,1337,1139,False,,,,,False,,,,
17933,09:26.096,1,True,1186,944,1337,1146,False,,,,,False,,,,
17948,09:26.570,1,True,1187,949,1338,1150,False,,,,,False,,,,
17963,09:27.043,1,True,1191,950,1340,1154,False,,,,,False,,,,
17978,09:27.517,1,True,1195,947,1344,1148,False,,,,,False,,,,
17993,09:27.990,1,True,1196,937,1343,1142,False,,,,,False,,,,
18008,09:28.464,1,True,1194,936,1341,1136,False,,,,,False,,,,
18023,09:28.937,1,True,1194,926,1341,1129,False,,,,,False,,,,
18038,09:29.411,1,True,1200,926,1349,1130,False,,,,,False,,,,
18053,09:29.884,1,True,1204,923,1354,1126,False,,,,,False,,,,
18068,09:30.358,1,True,1216,824,1368,1023,False,,,,,False,,,,
18083,09:30.831,1,True,1215,877,1363,1079,False,,,,,False,,,,
18098,09:31.305,1,True,1180,945,1332,1148,False,,,,,False,,,,
18113,09:31.778,1,True,1148,960,1298,1161,False,,,,,False,,,,
18128,09:32.252,1,True,1159,951,1307,1151,False,,,,,False,,,,
18143,09:32.725,1,True,1159,955,1308,1157,False,,,,,False,,,,
18158,09:33.199,1,True,1142,945,1292,1147,False,,,,,False,,,,
18173,09:33.672,1,True,1142,935,1292,1139,False,,,,,False,,,,
18188,09:34.146,1,True,1169,907,1317,1108,False,,,,,False,,,,
18203,09:34.619,1,True,1239,933,1390,1134,False,,,,,False,,,,
18218,09:35.093,1,True,1238,938,1389,1140,False,,,,,False,,,,
18233,09:35.566,1,True,1238,934,1390,1136,False,,,,,False,,,,
18248,09:36.040,1,True,1237,921,1390,1118,False,,,,,False,,,,
18263,09:36.513,1,True,1241,913,1393,1111,False,,,,,False,,,,
18278,09:36.987,1,True,1248,907,1396,1110,False,,,,,False,,,,
18293,09:37.460,1,True,1206,896,1356,1094,False,,,,,False,,,,
18308,09:37.934,1,True,1213,902,1362,1099,False,,,,,False,,,,
18323,09:38.407,1,True,1230,905,1377,1097,False,,,,,False,,,,
18338,09:38.881,1,True,1232,919,1383,1114,False,,,,,False,,,,
18353,09:39.354,1,True,1213,904,1362,1099,False,,,,,False,,,,
18368,09:39.828,1,True,1360,931,1515,1135,False,,,,,False,,,,
18383,09:40.301,1,True,1373,932,1524,1130,False,,,,,False,,,,
18398,09:40.775,1,True,1380,933,1534,1136,False,,,,,False,,,,
18413,09:41.248,1,True,1365,958,1517,1159,False,,,,,False,,,,
18428,09:41.722,1,True,1301,1012,1453,1212,False,,,,,False,,,,
18443,09:42.195,1,True,1278,962,1427,1157,False,,,,,False,,,,
18458,09:42.669,1,True,1090,1007,1239,1209,False,,,,,False,,,,
18473,09:43.142,1,True,1032,1032,1186,1237,False,,,,,False,,,,
18488,09:43.616,1,True,1050,1032,1206,1235,False,,,,,False,,,,
18503,09:44.089,1,True,1136,955,1287,1150,False,,,,,False,,,,
18518,09:44.563,1,True,1075,922,1226,1118,False,,,,,False,,,,
18533,09:45.036,1,True,1030,934,1180,1125,False,,,,,False,,,,
18548,09:45.510,1,True,1013,897,1165,1090,False,,,,,False,,,,
18563,09:45.983,1,True,1017,905,1168,1097,False,,,,,False,,,,
18578,09:46.457,1,True,1006,914,1157,1110,False,,,,,False,,,,
18593,09:46.930,1,True,1020,919,1172,1114,False,,,,,False,,,,
18608,09:47.404,1,True,951,931,1102,1132,False,,,,,False,,,,
18623,09:47.877,1,True,943,917,1095,1115,False,,,,,False,,,,
18638,09:48.351,1,True,933,888,1086,1086,False,,,,,False,,,,
18653,09:48.824,1,True,929,896,1082,1091,False,,,,,False,,,,
18668,09:49.298,1,True,947,864,1097,1061,False,,,,,False,,,,
18683,09:49.771,1,True,964,815,1113,1010,False,,,,,False,,,,
18698,09:50.245,1,True,991,760,1141,958,False,,,,,False,,,,
18713,09:50.718,1,True,1008,739,1158,937,False,,,,,False,,,,
18728,09:51.192,1,True,1003,741,1152,937,False,,,,,False,,,,
18743,09:51.666,1,True,1015,783,1163,980,False,,,,,False,,,,
18758,09:52.139,1,True,1082,827,1231,1024,False,,,,,False,,,,
18773,09:52.613,1,True,1061,871,1207,1063,False,,,,,False,,,,
18788,09:53.086,1,True,1036,875,1184,1073,False,,,,,False,,,,
18803,09:53.560,1,True,1040,896,1189,1089,False,,,,,False,,,,
18818,09:54.033,1,True,1062,902,1209,1095,False,,,,,False,,,,
18833,09:54.507,1,True,1068,885,1218,1083,False,,,,,False,,,,
18848,09:54.980,1,True,1087,880,1233,1080,False,,,,,False,,,,
18863,09:55.454,1,True,1084,887,1232,1080,False,,,,,False,,,,
18878,09:55.927,1,True,1096,884,1244,1080,False,,,,,False,,,,
18893,09:56.401,1,True,1068,895,1220,1087,False,,,,,False,,,,
18908,09:56.874,1,True,1073,897,1219,1089,False,,,,,False,,,,
18923,09:57.348,1,True,1069,892,1211,1087,False,,,,,False,,,,
18938,09:57.821,1,True,1058,889,1203,1084,False,,,,,False,,,,
18953,09:58.295,1,True,1069,889,1213,1086,False,,,,,False,,,,
18968,09:58.768,1,True,1072,893,1212,1085,False,,,,,False,,,,
18983,09:59.242,1,True,1060,894,1207,1089,False,,,,,False,,,,
18998,09:59.715,1,True,1072,898,1217,1092,False,,,,,False,,,,
19013,10:00.189,1,True,1086,902,1234,1098,False,,,,,False,,,,
19028,10:00.662,1,True,1090,894,1238,1088,False,,,,,False,,,,
19043,10:01.136,1,True,1086,896,1233,1089,False,,,,,False,,,,
19058,10:01.609,1,True,1088,897,1235,1091,False,,,,,False,,,,
19073,10:02.083,1,True,1084,891,1233,1087,False,,,,,False,,,,
19088,10:02.556,1,True,1083,893,1231,1088,False,,,,,False,,,,
19103,10:03.030,1,True,1087,891,1236,1087,False,,,,,False,,,,
19118,10:03.503,1,True,1086,895,1235,1089,False,,,,,False,,,,
19133,10:03.977,1,True,1084,884,1231,1080,False,,,,,False,,,,
19148,10:04.450,1,True,1094,879,1243,1078,False,,,,,False,,,,
19163,10:04.924,1,True,1092,880,1239,1077,False,,,,,False,,,,
19178,10:05.397,1,True,1092,872,1240,1066,False,,,,,False,,,,
19193,10:05.871,1,True,1102,870,1248,1064,False,,,,,False,,,,
19208,10:06.344,1,True,1103,865,1251,1058,False,,,,,False,,,,
19223,10:06.818,1,True,1100,865,1249,1058,False,,,,,False,,,,
19238,10:07.291,1,True,1093,862,1243,1056,False,,,,,False,,,,
19253,10:07.765,1,True,1085,865,1235,1059,False,,,,,False,,,,
19268,10:08.238,1,True,1089,867,1237,1057,False,,,,,False,,,,
19283,10:08.712,1,True,1091,859,1239,1057,False,,,,,False,,,,
19298,10:09.185,1,True,1092,860,1241,1056,False,,,,,False,,,,
19313,10:09.659,1,True,1095,861,1246,1055,False,,,,,False,,,,
19328,10:10.132,1,True,1105,882,1252,1079,False,,,,,False,,,,
19343,10:10.606,1,True,1098,879,1247,1077,False,,,,,False,,,,
19358,10:11.079,1,True,1094,887,1242,1079,False,,,,,False,,,,
19373,10:11.553,1,True,1094,889,1242,1081,False,,,,,False,,,,
19388,10:12.026,1,True,1091,898,1239,1088,False,,,,,False,,,,
19403,10:12.500,1,True,1118,904,1266,1097,False,,,,,False,,,,
19418,10:12.973,1,True,1121,924,1269,1118,False,,,,,False,,,,
19433,10:13.447,1,True,1124,908,1272,1105,False,,,,,False,,,,
19448,10:13.920,1,True,1139,913,1286,1107,False,,,,,False,,,,
19463,10:14.394,1,True,1139,907,1287,1101,False,,,,,False,,,,
19478,10:14.867,1,True,1170,977,1318,1175,False,,,,,False,,,,
19493,10:15.341,1,True,1350,903,1499,1096,False,,,,,False,,,,
19508,10:15.814,1,True,1465,805,1621,1009,False,,,,,False,,,,
19523,10:16.288,1,True,1429,787,1587,994,False,,,,,False,,,,
19538,10:16.761,1,True,1433,801,1591,1003,False,,,,,False,,,,
19553,10:17.235,1,True,1418,838,1579,1035,False,,,,,False,,,,
19568,10:17.709,1,True,1440,832,1600,1034,False,,,,,False,,,,
19583,10:18.182,1,True,1458,928,1618,1136,False,,,,,False,,,,
19598,10:18.656,1,True,1343,766,1497,957,False,,,,,False,,,,
19613,10:19.129,1,True,1311,737,1462,932,False,,,,,False,,,,
19628,10:19.603,1,True,1291,755,1441,952,False,,,,,False,,,,
19643,10:20.076,1,True,1273,765,1425,962,False,,,,,False,,,,
19658,10:20.550,1,True,1242,903,1392,1096,False,,,,,False,,,,
19673,10:21.023,1,True,1276,916,1426,1113,False,,,,,False,,,,
19688,10:21.497,1,True,1277,918,1428,1112,False,,,,,False,,,,
19703,10:21.970,1,True,1259,884,1408,1077,False,,,,,False,,,,
19718,10:22.444,1,True,1244,881,1395,1074,False,,,,,False,,,,
19733,10:22.917,1,True,1236,877,1386,1064,False,,,,,False,,,,
19748,10:23.391,1,True,1236,880,1386,1067,False,,,,,False,,,,
19763,10:23.864,1,True,1230,905,1380,1094,False,,,,,False,,,,
19778,10:24.338,1,True,1232,909,1383,1103,False,,,,,False,,,,
19793,10:24.811,1,True,1221,924,1371,1118,False,,,,,False,,,,
19808,10:25.285,1,True,1229,921,1379,1119,False,,,,,False,,,,
19823,10:25.758,1,True,1219,908,1368,1102,False,,,,,False,,,,
19838,10:26.232,1,True,1218,891,1368,1090,False,,,,,False,,,,
19853,10:26.705,1,True,1219,902,1367,1098,False,,,,,False,,,,
19868,10:27.179,1,True,1191,997,1340,1201,False,,,,,False,,,,
19883,10:27.652,1,True,1141,1015,1291,1214,False,,,,,False,,,,
19898,10:28.126,1,True,1070,992,1219,1195,False,,,,,False,,,,
19913,10:28.599,1,True,1041,998,1189,1198,False,,,,,False,,,,
19928,10:29.073,1,True,1017,985,1164,1189,False,,,,,False,,,,
19943,10:29.546,1,True,948,936,1087,1132,False,,,,,False,,,,
19958,10:30.020,1,True,975,945,1123,1139,False,,,,,False,,,,
19973,10:30.493,1,True,971,935,1121,1134,False,,,,,False,,,,
19988,10:30.967,1,True,983,910,1131,1108,False,,,,,False,,,,
20003,10:31.440,1,True,987,906,1135,1103,False,,,,,False,,,,
20018,10:31.914,1,True,998,850,1148,1047,False,,,,,False,,,,
20033,10:32.387,1,True,1063,771,1212,968,False,,,,,False,,,,
20048,10:32.861,1,True,1114,855,1262,1050,False,,,,,False,,,,
20063,10:33.334,1,True,1128,842,1277,1039,False,,,,,False,,,,
20078,10:33.808,1,True,1132,851,1280,1044,False,,,,,False,,,,
20093,10:34.281,1,True,1132,843,1281,1036,False,,,,,False,,,,
20108,10:34.755,1,True,1153,960,1301,1155,False,,,,,False,,,,
20123,10:35.228,1,True,1206,969,1353,1166,False,,,,,False,,,,
20138,10:35.702,1,True,1218,1104,1368,1305,False,,,,,False,,,,
20153,10:36.175,1,True,1177,1004,1324,1203,False,,,,,False,,,,
20168,10:36.649,1,True,1186,995,1334,1190,False,,,,,False,,,,
20183,10:37.122,1,True,1186,991,1333,1188,False,,,,,False,,,,
20198,10:37.596,1,True,1186,993,1336,1193,False,,,,,False,,,,
20213,10:38.069,1,True,1109,1024,1262,1227,False,,,,,False,,,,
20228,10:38.543,1,True,1101,1032,1254,1227,False,,,,,False,,,,
20243,10:39.016,1,True,1107,1026,1258,1219,False,,,,,False,,,,
20258,10:39.490,1,True,1152,978,1299,1179,False,,,,,False,,,,
20273,10:39.963,1,True,1170,950,1321,1150,False,,,,,False,,,,
20288,10:40.437,1,True,1163,951,1312,1148,False,,,,,False,,,,
20303,10:40.910,1,True,1172,981,1322,1180,False,,,,,False,,,,
20318,10:41.384,1,True,1173,963,1323,1158,False,,,,,False,,,,
20333,10:41.857,1,True,1162,944,1313,1143,False,,,,,False,,,,
20348,10:42.331,1,True,1162,942,1312,1140,False,,,,,False,,,,
20363,10:42.804,1,True,1155,956,1304,1154,False,,,,,False,,,,
20378,10:43.278,1,True,1157,944,1308,1143,False,,,,,False,,,,
20393,10:43.752,1,True,1148,927,1298,1128,False,,,,,False,,,,
20408,10:44.225,1,True,1136,1025,1285,1227,False,,,,,False,,,,
20423,10:44.699,1,True,1162,964,1309,1158,False,,,,,False,,,,
20438,10:45.172,1,True,1169,942,1320,1145,False,,,,,False,,,,
20453,10:45.646,1,True,1172,921,1323,1116,False,,,,,False,,,,
20468,10:46.119,1,True,1166,903,1315,1100,False,,,,,False,,,,
20483,10:46.593,1,True,1166,900,1316,1098,False,,,,,False,,,,
20498,10:47.066,1,True,1174,900,1326,1096,False,,,,,False,,,,
20513,10:47.540,1,True,1183,905,1329,1097,False,,,,,False,,,,
20528,10:48.013,1,True,1181,904,1328,1096,False,,,,,False,,,,
20543,10:48.487,1,True,1183,907,1329,1102,False,,,,,False,,,,
20558,10:48.960,1,True,1180,814,1329,1010,False,,,,,False,,,,
20573,10:49.434,1,True,1162,937,1309,1138,False,,,,,False,,,,
20588,10:49.907,1,True,1158,930,1306,1128,False,,,,,False,,,,
20603,10:50.381,1,True,1165,910,1312,1108,False,,,,,False,,,,
20618,10:50.854,1,True,1127,908,1275,1102,False,,,,,False,,,,
20633,10:51.328,1,True,1045,917,1193,1114,False,,,,,False,,,,
20648,10:51.801,1,True,1054,924,1204,1121,False,,,,,False,,,,
20663,10:52.275,1,True,1055,895,1204,1087,False,,,,,False,,,,
20678,10:52.748,1,True,821,879,974,1078,False,,,,,False,,,,
20693,10:53.222,1,True,-49,844,175,1093,False,,,,,False,,,,
20708,10:53.695,1,True,-70,903,151,1153,False,,,,,False,,,,
20723,10:54.169,1,True,136,997,350,1233,False,,,,,False,,,,
20738,10:54.642,1,True,705,1073,868,1277,False,,,,,False,,,,
20753,10:55.116,1,True,771,1212,937,1437,False,,,,,False,,,,
20768,10:55.589,1,True,753,1296,923,1510,False,,,,,False,,,,
20783,10:56.063,1,True,857,1180,1020,1392,False,,,,,False,,,,
20798,10:56.536,1,True,888,1133,1046,1340,False,,,,,False,,,,
20813,10:57.010,1,True,966,1082,1120,1285,False,,,,,False,,,,
20828,10:57.483,1,True,1004,1005,1157,1202,False,,,,,False,,,,
20843,10:57.957,1,True,1006,995,1141,1187,False,,,,,False,,,,
20858,10:58.430,1,True,805,967,941,1156,False,,,,,False,,,,
20873,10:58.904,1,True,492,940,652,1128,False,,,,,False,,,,
20888,10:59.377,1,True,609,1068,770,1257,False,,,,,False,,,,
20903,10:59.851,1,True,1177,1016,1326,1197,False,,,,,False,,,,
20918,11:00.324,1,True,1909,1216,2098,1441,False,,,,,False,,,,
20933,11:00.798,1,True,2152,1087,2358,1330,False,,,,,False,,,,
20948,11:01.271,1,True,1882,1128,2066,1325,False,,,,,False,,,,
20963,11:01.745,1,True,907,1287,1058,1467,False,,,,,False,,,,
20978,11:02.218,0,False,,,,,False,,,,,False,,,,
20993,11:02.692,0,False,,,,,False,,,,,False,,,,
21008,11:03.165,1,True,963,1323,1103,1458,False,,,,,False,,,,
21023,11:03.639,1,True,1145,1080,1262,1275,False,,,,,False,,,,
21038,11:04.112,1,True,1173,1065,1289,1259,False,,,,,False,,,,
21053,11:04.586,1,True,1249,1034,1368,1228,False,,,,,False,,,,
21068,11:05.059,1,True,1267,1050,1384,1249,False,,,,,False,,,,
21083,11:05.533,1,True,1302,1038,1425,1245,False,,,,,False,,,,
21098,11:06.006,0,False,,,,,False,,,,,False,,,,
21113,11:06.480,0,False,,,,,False,,,,,False,,,,
21128,11:06.953,0,False,,,,,False,,,,,False,,,,
21143,11:07.427,0,False,,,,,False,,,,,False,,,,
21158,11:07.900,1,True,1168,919,1338,1141,False,,,,,False,,,,
21173,11:08.374,1,True,359,917,573,1166,False,,,,,False,,,,
21188,11:08.847,0,False,,,,,False,,,,,False,,,,
21203,11:09.321,0,False,,,,,False,,,,,False,,,,
21218,11:09.795,1,True,466,773,637,982,False,,,,,False,,,,
21233,11:10.268,1,True,1739,799,1909,1010,False,,,,,False,,,,
21248,11:10.742,1,True,1986,889,2188,1114,False,,,,,False,,,,
21263,11:11.215,1,True,1889,1265,2065,1501,False,,,,,False,,,,
21278,11:11.689,1,True,1295,1292,1412,1493,False,,,,,False,,,,
21293,11:12.162,1,True,1025,1258,1150,1461,False,,,,,False,,,,
21308,11:12.636,1,True,955,1298,1079,1496,False,,,,,False,,,,
21323,11:13.109,1,True,849,1358,1002,1511,False,,,,,False,,,,
21338,11:13.583,1,True,780,1368,930,1520,False,,,,,False,,,,
21353,11:14.056,0,False,,,,,False,,,,,False,,,,
21368,11:14.530,1,True,1119,962,1265,1158,False,,,,,False,,,,
21383,11:15.003,1,True,1136,914,1286,1112,False,,,,,False,,,,
21398,11:15.477,1,True,1120,849,1269,1043,False,,,,,False,,,,
21413,11:15.950,1,True,1113,842,1267,1043,False,,,,,False,,,,
21428,11:16.424,1,True,1100,975,1251,1175,False,,,,,False,,,,
21443,11:16.897,1,True,1165,942,1317,1142,False,,,,,False,,,,
21458,11:17.371,1,True,1252,989,1403,1195,False,,,,,False,,,,
21473,11:17.844,1,True,1226,881,1375,1082,False,,,,,False,,,,
21488,11:18.318,1,True,1232,932,1377,1122,False,,,,,False,,,,
21503,11:18.791,1,True,1272,961,1416,1154,False,,,,,False,,,,
21518,11:19.265,1,True,1398,938,1547,1136,False,,,,,False,,,,
21533,11:19.738,1,True,1560,850,1718,1063,False,,,,,False,,,,
21548,11:20.212,1,True,1659,940,1823,1148,False,,,,,False,,,,
21563,11:20.685,1,True,1647,911,1811,1122,False,,,,,False,,,,
21578,11:21.159,1,True,1493,926,1647,1130,False,,,,,False,,,,
21593,11:21.632,1,True,1219,873,1366,1069,False,,,,,False,,,,
21608,11:22.106,1,True,1157,915,1304,1109,False,,,,,False,,,,
21623,11:22.579,1,True,1124,865,1270,1057,False,,,,,False,,,,
21638,11:23.053,1,True,1129,854,1275,1051,False,,,,,False,,,,
21653,11:23.526,1,True,1129,859,1275,1058,False,,,,,False,,,,
21668,11:24.000,1,True,1127,834,1274,1027,False,,,,,False,,,,
21683,11:24.473,1,True,1029,944,1176,1140,False,,,,,False,,,,
21698,11:24.947,1,True,915,826,1063,1020,False,,,,,False,,,,
21713,11:25.420,1,True,929,901,1078,1098,False,,,,,False,,,,
21728,11:25.894,1,True,951,928,1097,1133,False,,,,,False,,,,
21743,11:26.367,1,True,1057,855,1202,1050,False,,,,,False,,,,
21758,11:26.841,1,True,1079,827,1224,1017,False,,,,,False,,,,
21773,11:27.314,1,True,1080,846,1227,1036,False,,,,,False,,,,
21788,11:27.788,1,True,1090,834,1236,1023,False,,,,,False,,,,
21803,11:28.261,1,True,1100,833,1246,1023,False,,,,,False,,,,
21818,11:28.735,1,True,1071,852,1216,1044,False,,,,,False,,,,
21833,11:29.208,1,True,1140,1004,1285,1200,False,,,,,False,,,,
21848,11:29.682,1,True,1223,950,1368,1145,False,,,,,False,,,,
21863,11:30.155,1,True,1304,918,1453,1113,False,,,,,False,,,,
21878,11:30.629,1,True,1476,846,1630,1040,False,,,,,False,,,,
21893,11:31.102,1,True,1597,837,1761,1034,False,,,,,False,,,,
21908,11:31.576,1,True,1643,939,1807,1143,False,,,,,False,,,,
21923,11:32.049,1,True,1569,975,1727,1184,False,,,,,False,,,,
21938,11:32.523,1,True,1431,887,1582,1085,False,,,,,False,,,,
21953,11:32.996,1,True,1360,850,1511,1053,False,,,,,False,,,,
21968,11:33.470,1,True,1266,831,1415,1021,False,,,,,False,,,,
21983,11:33.943,1,True,1198,803,1344,996,False,,,,,False,,,,
21998,11:34.417,1,True,1147,756,1295,950,False,,,,,False,,,,
22013,11:34.891,1,True,1153,793,1301,991,False,,,,,False,,,,
22028,11:35.364,1,True,1156,784,1304,980,False,,,,,False,,,,
22043,11:35.838,1,True,1169,874,1318,1074,False,,,,,False,,,,
22058,11:36.311,1,True,1313,1013,1460,1212,False,,,,,False,,,,
22073,11:36.785,1,True,1303,920,1453,1117,False,,,,,False,,,,
22088,11:37.258,1,True,1274,830,1421,1020,False,,,,,False,,,,
22103,11:37.732,1,True,1231,805,1375,998,False,,,,,False,,,,
22118,11:38.205,1,True,1217,791,1363,985,False,,,,,False,,,,
22133,11:38.679,1,True,1227,784,1373,975,False,,,,,False,,,,
22148,11:39.152,1,True,1247,766,1394,959,False,,,,,False,,,,
22163,11:39.626,1,True,1245,774,1392,966,False,,,,,False,,,,
22178,11:40.099,1,True,1239,800,1384,992,False,,,,,False,,,,
22193,11:40.573,1,True,1254,835,1401,1027,False,,,,,False,,,,
22208,11:41.046,1,True,1250,830,1396,1021,False,,,,,False,,,,
22223,11:41.520,1,True,1249,829,1396,1023,False,,,,,False,,,,
22238,11:41.993,1,True,1250,832,1398,1026,False,,,,,False,,,,
22253,11:42.467,1,True,1257,838,1406,1031,False,,,,,False,,,,
22268,11:42.940,1,True,1081,871,1228,1067,False,,,,,False,,,,
22283,11:43.414,1,True,960,1041,1113,1243,False,,,,,False,,,,
22298,11:43.887,1,True,1114,948,1262,1149,False,,,,,False,,,,
22313,11:44.361,1,True,1170,920,1317,1115,False,,,,,False,,,,
22328,11:44.834,1,True,1212,919,1359,1115,False,,,,,False,,,,
22343,11:45.308,1,True,1228,916,1376,1113,False,,,,,False,,,,
22358,11:45.781,1,True,1228,911,1377,1106,False,,,,,False,,,,
22373,11:46.255,1,True,1223,890,1371,1086,False,,,,,False,,,,
22388,11:46.728,1,True,1221,897,1371,1093,False,,,,,False,,,,
22403,11:47.202,1,True,1227,907,1374,1106,False,,,,,False,,,,
22418,11:47.675,1,True,1223,1135,1372,1339,False,,,,,False,,,,
22433,11:48.149,1,True,1126,1005,1274,1204,False,,,,,False,,,,
22448,11:48.622,1,True,1140,901,1288,1094,False,,,,,False,,,,
22463,11:49.096,1,True,1185,862,1332,1055,False,,,,,False,,,,
22478,11:49.569,1,True,1231,817,1378,1011,False,,,,,False,,,,
22493,11:50.043,1,True,1226,817,1371,1011,False,,,,,False,,,,
22508,11:50.516,1,True,1227,817,1373,1013,False,,,,,False,,,,
22523,11:50.990,1,True,1227,814,1374,1007,False,,,,,False,,,,
22538,11:51.463,1,True,1229,812,1375,999,False,,,,,False,,,,
22553,11:51.937,1,True,1228,812,1377,1007,False,,,,,False,,,,
22568,11:52.410,1,True,1053,825,1204,1020,False,,,,,False,,,,
22583,11:52.884,1,True,1162,845,1310,1041,False,,,,,False,,,,
22598,11:53.357,1,True,1246,858,1394,1054,False,,,,,False,,,,
22613,11:53.831,1,True,1148,856,1291,1048,False,,,,,False,,,,
22628,11:54.304,1,True,1147,854,1287,1044,False,,,,,False,,,,
22643,11:54.778,1,True,1147,827,1286,1013,False,,,,,False,,,,
22658,11:55.251,1,True,1176,773,1319,963,False,,,,,False,,,,
22673,11:55.725,1,True,1197,752,1338,949,False,,,,,False,,,,
22688,11:56.198,1,True,1198,745,1338,936,False,,,,,False,,,,
22703,11:56.672,1,True,1199,753,1342,947,False,,,,,False,,,,
22718,11:57.145,1,True,1198,753,1341,944,False,,,,,False,,,,
22733,11:57.619,1,True,1202,746,1346,940,False,,,,,False,,,,
22748,11:58.092,1,True,1208,750,1354,941,False,,,,,False,,,,
22763,11:58.566,1,True,1205,744,1350,940,False,,,,,False,,,,
22778,11:59.039,1,True,1203,742,1348,936,False,,,,,False,,,,
22793,11:59.513,1,True,1212,739,1359,936,False,,,,,False,,,,
22808,11:59.986,1,True,1224,741,1374,937,False,,,,,False,,,,
22823,12:00.460,1,True,1217,737,1366,930,False,,,,,False,,,,
22838,12:00.934,1,True,1226,738,1374,931,False,,,,,False,,,,
22853,12:01.407,1,True,1226,736,1373,929,False,,,,,False,,,,
22868,12:01.881,1,True,1223,735,1369,929,False,,,,,False,,,,
22883,12:02.354,1,True,1232,735,1379,926,False,,,,,False,,,,
22898,12:02.828,1,True,1233,731,1380,927,False,,,,,False,,,,
22913,12:03.301,1,True,1228,726,1377,920,False,,,,,False,,,,
22928,12:03.775,1,True,1213,983,1358,1179,False,,,,,False,,,,
22943,12:04.248,1,True,1201,933,1349,1125,False,,,,,False,,,,
22958,12:04.722,1,True,1198,912,1345,1104,False,,,,,False,,,,
22973,12:05.195,1,True,1202,905,1347,1096,False,,,,,False,,,,
22988,12:05.669,1,True,1207,894,1353,1085,False,,,,,False,,,,
23003,12:06.142,1,True,1208,889,1353,1084,False,,,,,False,,,,
23018,12:06.616,1,True,1190,884,1337,1079,False,,,,,False,,,,
23033,12:07.089,1,True,1196,872,1343,1070,False,,,,,False,,,,
23048,12:07.563,1,True,1199,868,1344,1065,False,,,,,False,,,,
23063,12:08.036,1,True,1201,872,1348,1067,False,,,,,False,,,,
23078,12:08.510,1,True,1201,859,1349,1057,False,,,,,False,,,,
23093,12:08.983,1,True,1093,1186,1245,1394,False,,,,,False,,,,
23108,12:09.457,1,True,1053,1055,1201,1258,False,,,,,False,,,,
23123,12:09.930,1,True,1066,912,1214,1107,False,,,,,False,,,,
23138,12:10.404,1,True,986,912,1139,1106,False,,,,,False,,,,
23153,12:10.877,1,True,970,914,1120,1107,False,,,,,False,,,,
23168,12:11.351,1,True,1036,910,1186,1104,False,,,,,False,,,,
23183,12:11.824,1,True,1067,902,1210,1097,False,,,,,False,,,,
23198,12:12.298,1,True,1099,912,1238,1101,False,,,,,False,,,,
23213,12:12.771,1,True,1125,933,1260,1126,False,,,,,False,,,,
23228,12:13.245,1,True,993,904,1130,1091,False,,,,,False,,,,
23243,12:13.718,1,True,984,920,1121,1111,False,,,,,False,,,,
23258,12:14.192,1,True,1028,949,1163,1137,False,,,,,False,,,,
23273,12:14.665,1,True,1048,948,1185,1133,False,,,,,False,,,,
23288,12:15.139,1,True,1035,917,1172,1104,False,,,,,False,,,,
23303,12:15.612,1,True,1034,904,1174,1093,False,,,,,False,,,,
23318,12:16.086,1,True,1030,907,1171,1099,False,,,,,False,,,,
23333,12:16.559,1,True,1031,904,1173,1096,False,,,,,False,,,,
23348,12:17.033,1,True,1044,902,1183,1090,False,,,,,False,,,,
23363,12:17.506,1,True,1056,899,1194,1090,False,,,,,False,,,,
23378,12:17.980,1,True,1053,894,1190,1085,False,,,,,False,,,,
23393,12:18.453,1,True,1047,897,1185,1084,False,,,,,False,,,,
23408,12:18.927,1,True,1048,897,1186,1085,False,,,,,False,,,,
23423,12:19.400,1,True,1046,894,1187,1086,False,,,,,False,,,,
23438,12:19.874,1,True,1053,892,1190,1083,False,,,,,False,,,,
23453,12:20.347,1,True,1053,889,1190,1081,False,,,,,False,,,,
23468,12:20.821,1,True,1050,895,1189,1085,False,,,,,False,,,,
23483,12:21.294,1,True,837,1035,985,1239,False,,,,,False,,,,
23498,12:21.768,1,True,731,995,891,1202,False,,,,,False,,,,
23513,12:22.241,1,True,688,969,847,1177,False,,,,,False,,,,
23528,12:22.715,1,True,744,959,897,1164,False,,,,,False,,,,
23543,12:23.188,1,True,762,938,920,1141,False,,,,,False,,,,
23558,12:23.662,1,True,780,945,933,1143,False,,,,,False,,,,
23573,12:24.135,1,True,786,953,943,1152,False,,,,,False,,,,
23588,12:24.609,1,True,512,1069,690,1293,False,,,,,False,,,,
23603,12:25.082,1,True,640,816,805,1025,False,,,,,False,,,,
23618,12:25.556,1,True,557,873,729,1083,False,,,,,False,,,,
23633,12:26.029,1,True,487,837,664,1056,False,,,,,False,,,,
23648,12:26.503,1,True,854,861,1010,1065,False,,,,,False,,,,
23663,12:26.977,1,True,946,874,1097,1073,False,,,,,False,,,,
23678,12:27.450,1,True,1033,962,1182,1161,False,,,,,False,,,,
23693,12:27.924,1,True,1034,903,1184,1100,False,,,,,False,,,,
23708,12:28.397,1,True,1036,819,1187,1021,False,,,,,False,,,,
23723,12:28.871,1,True,1045,825,1192,1026,False,,,,,False,,,,
23738,12:29.344,1,True,1038,814,1185,1014,False,,,,,False,,,,
23753,12:29.818,1,True,1035,807,1182,1006,False,,,,,False,,,,
23768,12:30.291,1,True,1061,766,1209,964,False,,,,,False,,,,
23783,12:30.765,1,True,1052,807,1197,1002,False,,,,,False,,,,
23798,12:31.238,1,True,1040,814,1188,1014,False,,,,,False,,,,
23813,12:31.712,1,True,1041,820,1189,1018,False,,,,,False,,,,
23828,12:32.185,1,True,1134,875,1282,1077,False,,,,,False,,,,
23843,12:32.659,1,True,1103,902,1251,1102,False,,,,,False,,,,
23858,12:33.132,1,True,1053,932,1204,1138,False,,,,,False,,,,
23873,12:33.606,1,True,1160,910,1309,1112,False,,,,,False,,,,
23888,12:34.079,1,True,1166,872,1314,1076,False,,,,,False,,,,
23903,12:34.553,1,True,1175,833,1323,1034,False,,,,,False,,,,
23918,12:35.026,1,True,1175,816,1323,1018,False,,,,,False,,,,
23933,12:35.500,1,True,1163,813,1312,1011,False,,,,,False,,,,
23948,12:35.973,1,True,1153,908,1303,1110,False,,,,,False,,,,
23963,12:36.447,1,True,1155,915,1304,1116,False,,,,,False,,,,
23978,12:36.920,1,True,1147,890,1294,1088,False,,,,,False,,,,
23993,12:37.394,1,True,1171,869,1321,1074,False,,,,,False,,,,
24008,12:37.867,1,True,1222,914,1372,1113,False,,,,,False,,,,
24023,12:38.341,1,True,1225,934,1374,1138,False,,,,,False,,,,
24038,12:38.814,1,True,1172,884,1321,1085,False,,,,,False,,,,
24053,12:39.288,1,True,1170,880,1319,1081,False,,,,,False,,,,
24068,12:39.761,1,True,1164,872,1309,1075,False,,,,,False,,,,
24083,12:40.235,1,True,1151,901,1302,1098,False,,,,,False,,,,
24098,12:40.708,1,True,1148,898,1300,1097,False,,,,,False,,,,
24113,12:41.182,1,True,1140,912,1293,1116,False,,,,,False,,,,
24128,12:41.655,1,True,1143,908,1295,1105,False,,,,,False,,,,
24143,12:42.129,1,True,1145,905,1295,1102,False,,,,,False,,,,
24158,12:42.602,1,True,1159,825,1310,1025,False,,,,,False,,,,
24173,12:43.076,1,True,1171,914,1315,1111,False,,,,,False,,,,
24188,12:43.549,1,True,1172,906,1302,1090,False,,,,,False,,,,
24203,12:44.023,1,True,1186,907,1312,1093,False,,,,,False,,,,
24218,12:44.496,1,True,1163,884,1302,1078,False,,,,,False,,,,
24233,12:44.970,1,True,1170,906,1311,1102,False,,,,,False,,,,
24248,12:45.443,1,True,1157,923,1301,1119,False,,,,,False,,,,
24263,12:45.917,1,True,1144,921,1293,1114,False,,,,,False,,,,
24278,12:46.390,1,True,1134,924,1282,1117,False,,,,,False,,,,
24293,12:46.864,1,True,1136,923,1282,1115,False,,,,,False,,,,
24308,12:47.337,1,True,1136,924,1284,1122,False,,,,,False,,,,
24323,12:47.811,1,True,1129,918,1277,1119,False,,,,,False,,,,
24338,12:48.284,1,True,1129,909,1275,1104,False,,,,,False,,,,
24353,12:48.758,1,True,1126,909,1270,1102,False,,,,,False,,,,
24368,12:49.231,1,True,1128,991,1276,1191,False,,,,,False,,,,
24383,12:49.705,1,True,1151,1010,1299,1210,False,,,,,False,,,,
24398,12:50.178,1,True,1128,940,1275,1142,False,,,,,False,,,,
24413,12:50.652,1,True,1123,920,1271,1126,False,,,,,False,,,,
24428,12:51.125,1,True,1105,912,1252,1114,False,,,,,False,,,,
24443,12:51.599,1,True,1106,888,1254,1090,False,,,,,False,,,,
24458,12:52.072,1,True,1109,855,1253,1057,False,,,,,False,,,,
24473,12:52.546,1,True,1102,849,1250,1050,False,,,,,False,,,,
24488,12:53.020,1,True,1108,847,1256,1045,False,,,,,False,,,,
24503,12:53.493,1,True,1123,845,1273,1043,False,,,,,False,,,,
24518,12:53.967,1,True,1131,834,1281,1031,False,,,,,False,,,,
24533,12:54.440,1,True,1133,841,1280,1041,False,,,,,False,,,,
24548,12:54.914,1,True,1124,822,1274,1021,False,,,,,False,,,,
24563,12:55.387,1,True,1121,834,1270,1028,False,,,,,False,,,,
24578,12:55.861,1,True,1119,828,1267,1023,False,,,,,False,,,,
24593,12:56.334,1,True,1100,832,1249,1029,False,,,,,False,,,,
24608,12:56.808,1,True,1107,823,1255,1022,False,,,,,False,,,,
24623,12:57.281,1,True,1095,822,1243,1021,False,,,,,False,,,,
24638,12:57.755,1,True,1102,810,1251,1010,False,,,,,False,,,,
24653,12:58.228,1,True,1105,813,1253,1009,False,,,,,False,,,,
24668,12:58.702,1,True,1103,810,1250,1005,False,,,,,False,,,,
24683,12:59.175,1,True,1095,804,1241,997,False,,,,,False,,,,
24698,12:59.649,1,True,1151,1160,1302,1374,False,,,,,False,,,,
24713,13:00.122,1,True,1165,1002,1312,1211,False,,,,,False,,,,
24728,13:00.596,1,True,1172,934,1321,1134,False,,,,,False,,,,
24743,13:01.069,1,True,1184,903,1331,1099,False,,,,,False,,,,
24758,13:01.543,1,True,1179,889,1329,1084,False,,,,,False,,,,
24773,13:02.016,1,True,1124,882,1276,1081,False,,,,,False,,,,
24788,13:02.490,1,True,1142,870,1291,1066,False,,,,,False,,,,
24803,13:02.963,1,True,1213,836,1363,1029,False,,,,,False,,,,
24818,13:03.437,1,True,1373,834,1525,1031,False,,,,,False,,,,
24833,13:03.910,1,True,1269,873,1417,1067,False,,,,,False,,,,
24848,13:04.384,1,True,1248,847,1398,1044,False,,,,,False,,,,
24863,13:04.857,1,True,1237,836,1386,1032,False,,,,,False,,,,
24878,13:05.331,1,True,1232,829,1381,1026,False,,,,,False,,,,
24893,13:05.804,1,True,1090,881,1236,1079,False,,,,,False,,,,
24908,13:06.278,1,True,1010,860,1156,1063,False,,,,,False,,,,
24923,13:06.751,1,True,1038,878,1185,1071,False,,,,,False,,,,
24938,13:07.225,1,True,1042,879,1191,1076,False,,,,,False,,,,
24953,13:07.698,1,True,1135,875,1287,1076,False,,,,,False,,,,
24968,13:08.172,1,True,1244,908,1396,1107,False,,,,,False,,,,
24983,13:08.645,1,True,1225,868,1375,1069,False,,,,,False,,,,
24998,13:09.119,1,True,1206,851,1358,1052,False,,,,,False,,,,
25013,13:09.592,1,True,1177,848,1328,1049,False,,,,,False,,,,
25028,13:10.066,1,True,1144,842,1294,1036,False,,,,,False,,,,
25043,13:10.539,1,True,1154,824,1306,1024,False,,,,,False,,,,
25058,13:11.013,1,True,1150,821,1300,1020,False,,,,,False,,,,
25073,13:11.486,1,True,1153,817,1302,1011,False,,,,,False,,,,
25088,13:11.960,1,True,1178,847,1329,1048,False,,,,,False,,,,
25103,13:12.433,1,True,1454,987,1610,1193,False,,,,,False,,,,
25118,13:12.907,1,True,1464,1000,1621,1208,False,,,,,False,,,,
25133,13:13.380,1,True,1217,1107,1370,1316,False,,,,,False,,,,
25148,13:13.854,1,True,1207,1076,1359,1284,False,,,,,False,,,,
25163,13:14.327,1,True,1225,1028,1375,1230,False,,,,,False,,,,
25178,13:14.801,1,True,1192,942,1340,1142,False,,,,,False,,,,
25193,13:15.274,1,True,1126,892,1277,1090,False,,,,,False,,,,
25208,13:15.748,1,True,1068,895,1218,1096,False,,,,,False,,,,
25223,13:16.221,1,True,1047,907,1199,1109,False,,,,,False,,,,
25238,13:16.695,1,True,849,981,1006,1193,False,,,,,False,,,,
25253,13:17.168,1,True,804,934,962,1140,False,,,,,False,,,,
25268,13:17.642,1,True,906,946,1060,1146,False,,,,,False,,,,
25283,13:18.116,1,True,990,1075,1142,1284,False,,,,,False,,,,
25298,13:18.589,1,True,1214,1065,1366,1274,False,,,,,False,,,,
25313,13:19.063,1,True,1235,1042,1391,1252,False,,,,,False,,,,
25328,13:19.536,1,True,1335,1008,1489,1213,False,,,,,False,,,,
25343,13:20.010,1,True,1365,977,1519,1186,False,,,,,False,,,,
25358,13:20.483,1,True,1362,947,1516,1150,False,,,,,False,,,,
25373,13:20.957,1,True,1357,946,1511,1153,False,,,,,False,,,,
25388,13:21.430,1,True,1344,929,1498,1134,False,,,,,False,,,,
25403,13:21.904,1,True,1345,917,1499,1122,False,,,,,False,,,,
25418,13:22.377,1,True,1337,916,1492,1124,False,,,,,False,,,,
25433,13:22.851,1,True,1305,896,1457,1096,False,,,,,False,,,,
25448,13:23.324,1,True,1294,888,1452,1088,False,,,,,False,,,,
25463,13:23.798,1,True,1068,1064,1230,1265,False,,,,,False,,,,
25478,13:24.271,1,True,609,1074,792,1291,False,,,,,False,,,,
25493,13:24.745,1,True,558,1080,744,1302,False,,,,,False,,,,
25508,13:25.218,1,True,633,1088,811,1307,False,,,,,False,,,,
25523,13:25.692,1,True,648,1053,826,1264,False,,,,,False,,,,
25538,13:26.165,1,True,852,937,1013,1140,False,,,,,False,,,,
25553,13:26.639,1,True,1046,943,1200,1142,False,,,,,False,,,,
25568,13:27.112,1,True,1208,915,1367,1120,False,,,,,False,,,,
25583,13:27.586,1,True,1193,852,1347,1059,False,,,,,False,,,,
25598,13:28.059,1,True,1146,818,1301,1015,False,,,,,False,,,,
25613,13:28.533,1,True,1127,819,1281,1018,False,,,,,False,,,,
25628,13:29.006,1,True,1161,812,1310,1006,False,,,,,False,,,,
25643,13:29.480,1,True,1204,858,1356,1058,False,,,,,False,,,,
25658,13:29.953,1,True,1190,1014,1343,1213,False,,,,,False,,,,
25673,13:30.427,1,True,1245,1010,1398,1209,False,,,,,False,,,,
25688,13:30.900,1,True,1265,949,1418,1147,False,,,,,False,,,,
25703,13:31.374,1,True,1385,917,1540,1121,False,,,,,False,,,,
25718,13:31.847,1,True,1413,925,1571,1129,False,,,,,False,,,,
25733,13:32.321,1,True,1360,939,1513,1139,False,,,,,False,,,,
25748,13:32.794,1,True,1357,922,1508,1121,False,,,,,False,,,,
25763,13:33.268,1,True,1305,880,1455,1079,False,,,,,False,,,,
25778,13:33.741,1,True,1234,844,1382,1037,False,,,,,False,,,,
25793,13:34.215,1,True,1212,848,1357,1046,False,,,,,False,,,,
25808,13:34.688,1,True,1234,853,1383,1047,False,,,,,False,,,,
25823,13:35.162,1,True,1259,836,1408,1028,False,,,,,False,,,,
25838,13:35.635,1,True,1274,808,1423,1001,False,,,,,False,,,,
25853,13:36.109,1,True,1275,810,1426,1003,False,,,,,False,,,,
25868,13:36.582,1,True,1279,813,1429,1004,False,,,,,False,,,,
25883,13:37.056,1,True,1281,822,1430,1019,False,,,,,False,,,,
25898,13:37.529,1,True,1283,824,1432,1024,False,,,,,False,,,,
25913,13:38.003,1,True,1289,818,1438,1020,False,,,,,False,,,,
25928,13:38.476,1,True,1326,838,1476,1040,False,,,,,False,,,,
25943,13:38.950,1,True,1333,899,1484,1095,False,,,,,False,,,,
25958,13:39.423,1,True,1343,902,1493,1103,False,,,,,False,,,,
25973,13:39.897,1,True,1349,890,1499,1092,False,,,,,False,,,,
25988,13:40.370,1,True,1351,880,1502,1080,False,,,,,False,,,,
26003,13:40.844,1,True,1336,906,1488,1099,False,,,,,False,,,,
26018,13:41.317,1,True,1334,902,1483,1096,False,,,,,False,,,,
26033,13:41.791,1,True,1306,858,1455,1058,False,,,,,False,,,,
26048,13:42.264,1,True,1273,822,1423,1021,False,,,,,False,,,,
26063,13:42.738,1,True,1273,814,1422,1010,False,,,,,False,,,,
26078,13:43.211,1,True,1270,816,1418,1010,False,,,,,False,,,,
26093,13:43.685,1,True,1275,800,1424,994,False,,,,,False,,,,
26108,13:44.159,1,True,1280,795,1429,991,False,,,,,False,,,,
26123,13:44.632,1,True,1281,795,1429,994,False,,,,,False,,,,
26138,13:45.106,1,True,1283,796,1430,995,False,,,,,False,,,,
26153,13:45.579,1,True,1285,788,1431,986,False,,,,,False,,,,
26168,13:46.053,1,True,1284,813,1432,1009,False,,,,,False,,,,
26183,13:46.526,1,True,1286,814,1435,1013,False,,,,,False,,,,
26198,13:47.000,1,True,1277,810,1425,1007,False,,,,,False,,,,
26213,13:47.473,1,True,1284,807,1431,1006,False,,,,,False,,,,
26228,13:47.947,1,True,1284,805,1431,1003,False,,,,,False,,,,
26243,13:48.420,1,True,1284,805,1432,1004,False,,,,,False,,,,
26258,13:48.894,1,True,1287,808,1435,1005,False,,,,,False,,,,
26273,13:49.367,1,True,1292,808,1440,1004,False,,,,,False,,,,
26288,13:49.841,1,True,1292,807,1440,1002,False,,,,,False,,,,
26303,13:50.314,1,True,1287,805,1435,1002,False,,,,,False,,,,
26318,13:50.788,1,True,1289,801,1437,996,False,,,,,False,,,,
26333,13:51.261,1,True,1250,992,1396,1192,False,,,,,False,,,,
26348,13:51.735,1,True,1167,1052,1317,1260,False,,,,,False,,,,
26363,13:52.208,1,True,1202,1055,1352,1257,False,,,,,False,,,,
26378,13:52.682,1,True,1230,1027,1378,1221,False,,,,,False,,,,
26393,13:53.155,1,True,1276,998,1424,1195,False,,,,,False,,,,
26408,13:53.629,1,True,1296,1041,1451,1251,False,,,,,False,,,,
26423,13:54.102,1,True,1341,1011,1490,1218,False,,,,,False,,,,
26438,13:54.576,1,True,1376,979,1528,1188,False,,,,,False,,,,
26453,13:55.049,1,True,1383,960,1535,1168,False,,,,,False,,,,
26468,13:55.523,1,True,1375,957,1526,1159,False,,,,,False,,,,
26483,13:55.996,1,True,1287,1119,1440,1330,False,,,,,False,,,,
26498,13:56.470,1,True,1245,981,1395,1183,False,,,,,False,,,,
26513,13:56.943,1,True,1240,976,1391,1182,False,,,,,False,,,,
26528,13:57.417,1,True,1158,966,1309,1172,False,,,,,False,,,,
26543,13:57.890,1,True,1176,916,1328,1122,False,,,,,False,,,,
26558,13:58.364,1,True,1184,1005,1335,1209,False,,,,,False,,,,
26573,13:58.837,1,True,1182,971,1332,1174,False,,,,,False,,,,
26588,13:59.311,1,True,1178,1004,1327,1206,False,,,,,False,,,,
26603,13:59.784,1,True,1223,992,1373,1195,False,,,,,False,,,,
26618,14:00.258,1,True,1222,941,1371,1145,False,,,,,False,,,,
26633,14:00.731,1,True,1140,891,1290,1092,False,,,,,False,,,,
26648,14:01.205,1,True,1121,889,1270,1088,False,,,,,False,,,,
26663,14:01.678,1,True,1107,877,1258,1073,False,,,,,False,,,,
26678,14:02.152,1,True,1128,874,1277,1072,False,,,,,False,,,,
26693,14:02.625,1,True,1145,854,1294,1055,False,,,,,False,,,,
26708,14:03.099,1,True,1180,842,1329,1039,False,,,,,False,,,,
26723,14:03.572,1,True,1180,830,1327,1027,False,,,,,False,,,,
26738,14:04.046,1,True,1182,824,1330,1020,False,,,,,False,,,,
26753,14:04.519,1,True,1193,816,1340,1016,False,,,,,False,,,,
26768,14:04.993,1,True,1173,816,1319,1011,False,,,,,False,,,,
26783,14:05.466,1,True,1167,819,1312,1009,False,,,,,False,,,,
26798,14:05.940,1,True,1163,818,1310,1009,False,,,,,False,,,,
26813,14:06.413,1,True,1195,859,1342,1054,False,,,,,False,,,,
26828,14:06.887,1,True,1169,851,1317,1041,False,,,,,False,,,,
26843,14:07.360,1,True,1144,849,1291,1038,False,,,,,False,,,,
26858,14:07.834,1,True,1148,847,1295,1039,False,,,,,False,,,,
26873,14:08.307,1,True,1151,845,1298,1035,False,,,,,False,,,,
26888,14:08.781,1,True,1159,841,1309,1034,False,,,,,False,,,,
26903,14:09.254,1,True,1151,849,1301,1041,False,,,,,False,,,,
26918,14:09.728,1,True,1153,821,1302,1010,False,,,,,False,,,,
26933,14:10.202,1,True,1181,937,1332,1134,False,,,,,False,,,,
26948,14:10.675,1,True,1196,914,1348,1108,False,,,,,False,,,,
26963,14:11.149,1,True,1243,879,1395,1077,False,,,,,False,,,,
26978,14:11.622,1,True,1227,844,1378,1037,False,,,,,False,,,,
26993,14:12.096,1,True,1243,844,1393,1036,False,,,,,False,,,,
27008,14:12.569,1,True,1252,834,1404,1025,False,,,,,False,,,,
27023,14:13.043,1,True,1248,827,1400,1022,False,,,,,False,,,,
27038,14:13.516,1,True,1272,872,1425,1070,False,,,,,False,,,,
27053,14:13.990,1,True,1246,872,1399,1069,False,,,,,False,,,,
27068,14:14.463,1,True,1238,862,1392,1055,False,,,,,False,,,,
27083,14:14.937,1,True,1249,859,1401,1054,False,,,,,False,,,,
27098,14:15.410,1,True,1150,965,1300,1161,False,,,,,False,,,,
27113,14:15.884,1,True,1229,939,1377,1133,False,,,,,False,,,,
27128,14:16.357,1,True,1205,879,1354,1072,False,,,,,False,,,,
27143,14:16.831,1,True,1229,870,1379,1062,False,,,,,False,,,,
27158,14:17.304,1,True,1257,865,1406,1057,False,,,,,False,,,,
27173,14:17.778,1,True,1253,904,1399,1093,False,,,,,False,,,,
27188,14:18.251,1,True,1217,856,1364,1051,False,,,,,False,,,,
27203,14:18.725,1,True,1208,822,1355,1016,False,,,,,False,,,,
27218,14:19.198,1,True,1208,822,1355,1017,False,,,,,False,,,,
27233,14:19.672,1,True,1218,841,1367,1037,False,,,,,False,,,,
27248,14:20.145,1,True,1241,847,1388,1043,False,,,,,False,,,,
27263,14:20.619,1,True,1260,865,1410,1062,False,,,,,False,,,,
27278,14:21.092,1,True,1219,838,1368,1033,False,,,,,False,,,,
27293,14:21.566,1,True,1226,835,1374,1028,False,,,,,False,,,,
27308,14:22.039,1,True,1247,841,1395,1033,False,,,,,False,,,,
27323,14:22.513,1,True,1256,844,1403,1035,False,,,,,False,,,,
27338,14:22.986,1,True,1274,852,1421,1049,False,,,,,False,,,,
27353,14:23.460,1,True,1254,858,1402,1056,False,,,,,False,,,,
27368,14:23.933,1,True,1261,940,1411,1140,False,,,,,False,,,,
27383,14:24.407,1,True,1316,913,1464,1112,False,,,,,False,,,,
27398,14:24.880,1,True,1438,831,1597,1021,False,,,,,False,,,,
27413,14:25.354,1,True,1487,731,1647,912,False,,,,,False,,,,
27428,14:25.827,1,True,1381,841,1536,1018,False,,,,,False,,,,
27443,14:26.301,1,True,1325,971,1477,1160,False,,,,,False,,,,
27458,14:26.774,1,True,1205,966,1359,1153,False,,,,,False,,,,
27473,14:27.248,1,True,1208,949,1359,1131,False,,,,,False,,,,
27488,14:27.721,1,True,1210,922,1362,1107,False,,,,,False,,,,
27503,14:28.195,1,True,1205,903,1355,1093,False,,,,,False,,,,
27518,14:28.668,1,True,1201,838,1353,1025,False,,,,,False,,,,
27533,14:29.142,1,True,1207,852,1356,1040,False,,,,,False,,,,
27548,14:29.615,1,True,1211,861,1364,1052,False,,,,,False,,,,
27563,14:30.089,1,True,1235,1018,1388,1209,False,,,,,False,,,,
27578,14:30.562,1,True,1243,937,1397,1138,False,,,,,False,,,,
27593,14:31.036,1,True,1239,909,1387,1107,False,,,,,False,,,,
27608,14:31.509,1,True,1247,874,1398,1071,False,,,,,False,,,,
27623,14:31.983,1,True,1252,867,1405,1060,False,,,,,False,,,,
27638,14:32.456,1,True,1251,842,1401,1039,False,,,,,False,,,,
27653,14:32.930,1,True,1263,821,1412,1017,False,,,,,False,,,,
27668,14:33.403,1,True,1241,816,1390,1015,False,,,,,False,,,,
27683,14:33.877,1,True,1227,804,1374,997,False,,,,,False,,,,
27698,14:34.350,1,True,1234,790,1383,985,False,,,,,False,,,,
27713,14:34.824,1,True,1250,784,1399,979,False,,,,,False,,,,
27728,14:35.297,1,True,1254,784,1401,972,False,,,,,False,,,,
27743,14:35.771,1,True,1245,779,1390,968,False,,,,,False,,,,
27758,14:36.245,1,True,1218,784,1366,974,False,,,,,False,,,,
27773,14:36.718,1,True,1239,791,1384,979,False,,,,,False,,,,
27788,14:37.192,1,True,1237,800,1380,992,False,,,,,False,,,,
27803,14:37.665,1,True,1204,762,1351,962,False,,,,,False,,,,
27818,14:38.139,1,True,1222,760,1369,957,False,,,,,False,,,,
27833,14:38.612,1,True,1229,764,1376,958,False,,,,,False,,,,
27848,14:39.086,1,True,1233,768,1381,964,False,,,,,False,,,,
27863,14:39.559,1,True,1232,761,1378,956,False,,,,,False,,,,
27878,14:40.033,1,True,1234,757,1381,955,False,,,,,False,,,,
27893,14:40.506,1,True,1244,762,1393,963,False,,,,,False,,,,
27908,14:40.980,1,True,1255,755,1400,953,False,,,,,False,,,,
27923,14:41.453,1,True,1252,755,1397,953,False,,,,,False,,,,
27938,14:41.927,1,True,1261,754,1407,956,False,,,,,False,,,,
27953,14:42.400,1,True,1252,751,1400,946,False,,,,,False,,,,
27968,14:42.874,1,True,1242,752,1392,950,False,,,,,False,,,,
27983,14:43.347,1,True,1256,752,1404,952,False,,,,,False,,,,
27998,14:43.821,1,True,1255,827,1399,1020,False,,,,,False,,,,
28013,14:44.294,1,True,1244,1004,1392,1210,False,,,,,False,,,,
28028,14:44.768,1,True,1231,917,1381,1114,False,,,,,False,,,,
28043,14:45.241,1,True,1225,857,1372,1056,False,,,,,False,,,,
28058,14:45.715,1,True,1189,771,1334,974,False,,,,,False,,,,
28073,14:46.188,1,True,1197,780,1342,984,False,,,,,False,,,,
28088,14:46.662,1,True,1223,756,1370,960,False,,,,,False,,,,
28103,14:47.135,1,True,1232,800,1379,994,False,,,,,False,,,,
28118,14:47.609,1,True,1199,949,1344,1155,False,,,,,False,,,,
28133,14:48.082,1,True,1181,1099,1331,1313,False,,,,,False,,,,
28148,14:48.556,1,True,1199,1006,1351,1209,False,,,,,False,,,,
28163,14:49.029,1,True,1191,987,1339,1189,False,,,,,False,,,,
28178,14:49.503,1,True,1190,960,1338,1161,False,,,,,False,,,,
28193,14:49.976,1,True,1184,896,1331,1093,False,,,,,False,,,,
28208,14:50.450,1,True,1177,883,1322,1080,False,,,,,False,,,,
28223,14:50.923,1,True,1176,872,1325,1068,False,,,,,False,,,,
28238,14:51.397,1,True,1137,888,1286,1088,False,,,,,False,,,,
28253,14:51.870,1,True,1149,1029,1300,1233,False,,,,,False,,,,
28268,14:52.344,1,True,1155,1108,1306,1316,False,,,,,False,,,,
28283,14:52.817,1,True,1181,1051,1334,1258,False,,,,,False,,,,
28298,14:53.291,1,True,1193,1055,1343,1258,False,,,,,False,,,,
28313,14:53.764,1,True,1156,1149,1309,1357,False,,,,,False,,,,
28328,14:54.238,1,True,1165,1109,1321,1332,False,,,,,False,,,,
28343,14:54.711,1,True,1191,1102,1344,1314,False,,,,,False,,,,
28358,14:55.185,1,True,1181,1067,1334,1279,False,,,,,False,,,,
28373,14:55.658,1,True,1207,1109,1359,1313,False,,,,,False,,,,
28388,14:56.132,1,True,1207,1070,1361,1271,False,,,,,False,,,,
28403,14:56.605,1,True,1199,998,1349,1207,False,,,,,False,,,,
28418,14:57.079,1,True,1211,1050,1364,1254,False,,,,,False,,,,
28433,14:57.552,1,True,1212,1079,1368,1292,False,,,,,False,,,,
28448,14:58.026,1,True,1176,1005,1329,1215,False,,,,,False,,,,
28463,14:58.499,1,True,1146,915,1297,1121,False,,,,,False,,,,
28478,14:58.973,1,True,1151,850,1302,1054,False,,,,,False,,,,
28493,14:59.446,1,True,1151,819,1299,1019,False,,,,,False,,,,
28508,14:59.920,1,True,1151,800,1300,997,False,,,,,False,,,,
28523,15:00.393,1,True,1152,793,1301,994,False,,,,,False,,,,
28538,15:00.867,1,True,1154,794,1301,996,False,,,,,False,,,,
28553,15:01.341,1,True,1181,798,1328,1002,False,,,,,False,,,,
28568,15:01.814,1,True,1261,812,1409,1009,False,,,,,False,,,,
28583,15:02.288,1,True,1275,799,1423,1003,False,,,,,False,,,,
28598,15:02.761,1,True,1263,787,1413,991,False,,,,,False,,,,
28613,15:03.235,1,True,1257,789,1402,984,False,,,,,False,,,,
28628,15:03.708,1,True,1238,785,1382,978,False,,,,,False,,,,
28643,15:04.182,1,True,1223,781,1368,968,False,,,,,False,,,,
28658,15:04.655,1,True,1230,783,1377,978,False,,,,,False,,,,
28673,15:05.129,1,True,1246,786,1395,989,False,,,,,False,,,,
28688,15:05.602,1,True,1240,790,1394,991,False,,,,,False,,,,
28703,15:06.076,1,True,1246,797,1395,998,False,,,,,False,,,,
28718,15:06.549,1,True,1254,802,1406,1004,False,,,,,False,,,,
28733,15:07.023,1,True,1256,959,1410,1161,False,,,,,False,,,,
28748,15:07.496,1,True,1326,998,1480,1202,False,,,,,False,,,,
28763,15:07.970,1,True,1511,1072,1676,1289,False,,,,,False,,,,
28778,15:08.443,1,True,1386,1062,1544,1274,False,,,,,False,,,,
28793,15:08.917,1,True,1357,980,1511,1184,False,,,,,False,,,,
28808,15:09.390,1,True,1347,934,1497,1137,False,,,,,False,,,,
28823,15:09.864,1,True,1345,923,1496,1122,False,,,,,False,,,,
28838,15:10.337,1,True,1336,927,1485,1125,False,,,,,False,,,,
28853,15:10.811,1,True,1351,920,1503,1116,False,,,,,False,,,,
28868,15:11.284,1,True,1528,778,1683,978,False,,,,,False,,,,
28883,15:11.758,1,True,1521,875,1679,1081,False,,,,,False,,,,
28898,15:12.231,1,True,1422,921,1577,1123,False,,,,,False,,,,
28913,15:12.705,1,True,1314,977,1464,1185,False,,,,,False,,,,
28928,15:13.178,1,True,1232,988,1385,1198,False,,,,,False,,,,
28943,15:13.652,1,True,1083,1051,1236,1262,False,,,,,False,,,,
28958,15:14.125,1,True,1156,1022,1308,1234,False,,,,,False,,,,
28973,15:14.599,1,True,1195,986,1345,1194,False,,,,,False,,,,
28988,15:15.072,1,True,1225,992,1377,1200,False,,,,,False,,,,
29003,15:15.546,1,True,1262,958,1414,1155,False,,,,,False,,,,
29018,15:16.019,1,True,1291,969,1443,1171,False,,,,,False,,,,
29033,15:16.493,1,True,1406,972,1557,1176,False,,,,,False,,,,
29048,15:16.966,1,True,1389,962,1541,1168,False,,,,,False,,,,
29063,15:17.440,1,True,1396,923,1550,1131,False,,,,,False,,,,
29078,15:17.913,1,True,1355,886,1509,1091,False,,,,,False,,,,
29093,15:18.387,1,True,1369,838,1519,1038,False,,,,,False,,,,
29108,15:18.860,1,True,1387,833,1537,1032,False,,,,,False,,,,
29123,15:19.334,1,True,1409,856,1560,1059,False,,,,,False,,,,
29138,15:19.807,1,True,1443,849,1596,1059,False,,,,,False,,,,
29153,15:20.281,1,True,1479,898,1637,1110,False,,,,,False,,,,
29168,15:20.754,1,True,1466,897,1624,1108,False,,,,,False,,,,
29183,15:21.228,1,True,1437,897,1593,1110,False,,,,,False,,,,
29198,15:21.701,1,True,1401,897,1554,1104,False,,,,,False,,,,
29213,15:22.175,1,True,1296,906,1450,1113,False,,,,,False,,,,
29228,15:22.648,1,True,1257,921,1408,1128,False,,,,,False,,,,
29243,15:23.122,1,True,1256,926,1407,1130,False,,,,,False,,,,
29258,15:23.595,1,True,1258,926,1409,1128,False,,,,,False,,,,
29273,15:24.069,1,True,1246,968,1397,1174,False,,,,,False,,,,
29288,15:24.542,1,True,1225,971,1372,1174,False,,,,,False,,,,
29303,15:25.016,1,True,1221,1002,1373,1208,False,,,,,False,,,,
29318,15:25.489,1,True,1254,1164,1406,1377,False,,,,,False,,,,
29333,15:25.963,1,True,1170,985,1317,1189,False,,,,,False,,,,
29348,15:26.436,1,True,1080,934,1226,1131,False,,,,,False,,,,
29363,15:26.910,1,True,1072,941,1219,1144,False,,,,,False,,,,
29378,15:27.384,1,True,1136,914,1282,1119,False,,,,,False,,,,
29393,15:27.857,1,True,1246,907,1394,1108,False,,,,,False,,,,
29408,15:28.331,1,True,1269,945,1417,1144,False,,,,,False,,,,
29423,15:28.804,1,True,1219,977,1367,1180,False,,,,,False,,,,
29438,15:29.278,1,True,1100,932,1247,1131,False,,,,,False,,,,
29453,15:29.751,1,True,1074,854,1221,1053,False,,,,,False,,,,
29468,15:30.225,1,True,1053,919,1202,1120,False,,,,,False,,,,
29483,15:30.698,1,True,1095,951,1246,1151,False,,,,,False,,,,
29498,15:31.172,1,True,1111,966,1262,1168,False,,,,,False,,,,
29513,15:31.645,1,True,1094,778,1243,974,False,,,,,False,,,,
29528,15:32.119,1,True,1076,821,1224,1036,False,,,,,False,,,,
29543,15:32.592,1,True,1093,817,1243,1014,False,,,,,False,,,,
29558,15:33.066,1,True,1128,808,1280,1008,False,,,,,False,,,,
29573,15:33.539,1,True,1162,827,1310,1028,False,,,,,False,,,,
29588,15:34.013,1,True,1382,1089,1542,1308,False,,,,,False,,,,
29603,15:34.486,1,True,1322,1062,1481,1276,False,,,,,False,,,,
29618,15:34.960,1,True,1236,1043,1391,1250,False,,,,,False,,,,
29633,15:35.433,1,True,1204,970,1355,1175,False,,,,,False,,,,
29648,15:35.907,1,True,1175,955,1325,1158,False,,,,,False,,,,
29663,15:36.380,1,True,1182,962,1330,1162,False,,,,,False,,,,
29678,15:36.854,1,True,1133,873,1281,1073,False,,,,,False,,,,
29693,15:37.327,1,True,1107,937,1255,1135,False,,,,,False,,,,
29708,15:37.801,1,True,1105,880,1253,1076,False,,,,,False,,,,
29723,15:38.274,1,True,1104,874,1252,1071,False,,,,,False,,,,
29738,15:38.748,1,True,1039,885,1186,1087,False,,,,,False,,,,
29753,15:39.221,1,True,975,886,1123,1084,False,,,,,False,,,,
29768,15:39.695,1,True,697,967,857,1177,False,,,,,False,,,,
29783,15:40.168,1,True,633,998,798,1210,False,,,,,False,,,,
29798,15:40.642,1,True,634,1056,800,1270,False,,,,,False,,,,
29813,15:41.115,1,True,734,976,892,1186,False,,,,,False,,,,
29828,15:41.589,1,True,818,939,973,1145,False,,,,,False,,,,
29843,15:42.062,1,True,942,925,1095,1127,False,,,,,False,,,,
29858,15:42.536,1,True,1013,934,1162,1138,False,,,,,False,,,,
29873,15:43.009,1,True,1036,917,1185,1115,False,,,,,False,,,,
29888,15:43.483,1,True,1067,904,1217,1102,False,,,,,False,,,,
29903,15:43.956,1,True,1156,988,1305,1186,False,,,,,False,,,,
29918,15:44.430,1,True,1053,952,1202,1151,False,,,,,False,,,,
29933,15:44.903,1,True,1139,903,1288,1098,False,,,,,False,,,,
29948,15:45.377,1,True,1200,888,1349,1086,False,,,,,False,,,,
29963,15:45.850,1,True,1254,918,1406,1113,False,,,,,False,,,,
29978,15:46.324,1,True,1237,961,1388,1160,False,,,,,False,,,,
29993,15:46.797,1,True,1245,868,1395,1065,False,,,,,False,,,,
30008,15:47.271,1,True,1244,799,1395,995,False,,,,,False,,,,
30023,15:47.744,1,True,1250,736,1399,932,False,,,,,False,,,,
30038,15:48.218,1,True,1248,724,1395,921,False,,,,,False,,,,
30053,15:48.691,1,True,1256,742,1403,941,False,,,,,False,,,,
30068,15:49.165,1,True,1243,725,1394,924,False,,,,,False,,,,
30083,15:49.638,1,True,1215,683,1366,884,False,,,,,False,,,,
30098,15:50.112,1,True,1204,699,1353,899,False,,,,,False,,,,
30113,15:50.585,1,True,1178,732,1325,930,False,,,,,False,,,,
30128,15:51.059,1,True,1043,765,1191,962,False,,,,,False,,,,
30143,15:51.532,1,True,985,768,1134,966,False,,,,,False,,,,
30158,15:52.006,1,True,1053,761,1201,960,False,,,,,False,,,,
30173,15:52.479,1,True,1077,747,1224,946,False,,,,,False,,,,
30188,15:52.953,1,True,1097,754,1245,952,False,,,,,False,,,,
30203,15:53.427,1,True,1107,758,1255,956,False,,,,,False,,,,
30218,15:53.900,1,True,1127,759,1276,958,False,,,,,False,,,,
30233,15:54.374,1,True,1127,762,1277,960,False,,,,,False,,,,
30248,15:54.847,1,True,1124,760,1274,959,False,,,,,False,,,,
30263,15:55.321,1,True,1128,768,1278,965,False,,,,,False,,,,
30278,15:55.794,1,True,1126,777,1276,974,False,,,,,False,,,,
30293,15:56.268,1,True,1132,777,1281,975,False,,,,,False,,,,
30308,15:56.741,1,True,1133,778,1282,978,False,,,,,False,,,,
30323,15:57.215,1,True,1207,1188,1364,1408,False,,,,,False,,,,
30338,15:57.688,1,True,1257,1145,1414,1365,False,,,,,False,,,,
30353,15:58.162,1,True,1229,1047,1383,1253,False,,,,,False,,,,
30368,15:58.635,1,True,1154,943,1303,1141,False,,,,,False,,,,
30383,15:59.109,1,True,1153,894,1303,1092,False,,,,,False,,,,
30398,15:59.582,1,True,1171,855,1318,1052,False,,,,,False,,,,
30413,16:00.056,1,True,1177,820,1328,1019,False,,,,,False,,,,
30428,16:00.529,1,True,1174,811,1324,1005,False,,,,,False,,,,
30443,16:01.003,1,True,1184,797,1334,995,False,,,,,False,,,,
30458,16:01.476,1,True,1194,771,1343,968,False,,,,,False,,,,
30473,16:01.950,1,True,1196,776,1345,971,False,,,,,False,,,,
30488,16:02.423,1,True,1188,777,1338,969,False,,,,,False,,,,
30503,16:02.897,1,True,1177,773,1326,968,False,,,,,False,,,,
30518,16:03.370,1,True,1168,777,1317,972,False,,,,,False,,,,
30533,16:03.844,1,True,1159,778,1309,974,False,,,,,False,,,,
30548,16:04.317,1,True,1162,769,1310,966,False,,,,,False,,,,
30563,16:04.791,1,True,1163,769,1312,965,False,,,,,False,,,,
30578,16:05.264,1,True,1335,895,1487,1095,False,,,,,False,,,,
30593,16:05.738,1,True,1331,871,1484,1074,False,,,,,False,,,,
30608,16:06.211,1,True,1327,927,1481,1130,False,,,,,False,,,,
30623,16:06.685,1,True,1364,954,1517,1154,False,,,,,False,,,,
30638,16:07.158,1,True,1382,957,1537,1154,False,,,,,False,,,,
30653,16:07.632,1,True,1425,863,1580,1064,False,,,,,False,,,,
30668,16:08.105,1,True,1372,942,1524,1139,False,,,,,False,,,,
30683,16:08.579,1,True,1332,889,1483,1085,False,,,,,False,,,,
30698,16:09.052,1,True,1328,875,1480,1069,False,,,,,False,,,,
30713,16:09.526,1,True,1250,876,1398,1072,False,,,,,False,,,,
30728,16:09.999,1,True,1207,904,1355,1101,False,,,,,False,,,,
30743,16:10.473,1,True,1154,904,1306,1104,False,,,,,False,,,,
30758,16:10.946,1,True,1138,894,1290,1091,False,,,,,False,,,,
30773,16:11.420,1,True,1077,884,1227,1086,False,,,,,False,,,,
30788,16:11.893,1,True,870,810,1024,1010,False,,,,,False,,,,
30803,16:12.367,1,True,763,842,920,1046,False,,,,,False,,,,
30818,16:12.840,1,True,735,871,894,1077,False,,,,,False,,,,
30833,16:13.314,1,True,842,899,996,1099,False,,,,,False,,,,
30848,16:13.787,1,True,958,841,1106,1039,False,,,,,False,,,,
30863,16:14.261,1,True,1153,831,1304,1025,False,,,,,False,,,,
30878,16:14.734,1,True,1172,737,1321,934,False,,,,,False,,,,
30893,16:15.208,1,True,1177,736,1327,931,False,,,,,False,,,,
30908,16:15.681,1,True,1183,781,1334,975,False,,,,,False,,,,
30923,16:16.155,1,True,1218,725,1368,919,False,,,,,False,,,,
30938,16:16.628,1,True,1265,727,1415,928,False,,,,,False,,,,
30953,16:17.102,1,True,1260,783,1409,974,False,,,,,False,,,,
30968,16:17.575,1,True,1263,779,1413,973,False,,,,,False,,,,
30983,16:18.049,1,True,1226,743,1378,937,False,,,,,False,,,,
30998,16:18.523,1,True,1209,754,1359,945,False,,,,,False,,,,
31013,16:18.996,1,True,1200,766,1331,959,False,,,,,False,,,,
31028,16:19.470,1,True,1150,754,1295,945,False,,,,,False,,,,
31043,16:19.943,1,True,1143,675,1302,870,False,,,,,False,,,,
31058,16:20.417,1,True,1183,732,1352,925,False,,,,,False,,,,
31073,16:20.890,1,True,1168,808,1337,1003,False,,,,,False,,,,
31088,16:21.364,1,True,1159,799,1330,993,False,,,,,False,,,,
31103,16:21.837,1,True,1156,792,1331,987,False,,,,,False,,,,
31118,16:22.311,1,True,1159,783,1332,974,False,,,,,False,,,,
31133,16:22.784,1,True,1171,783,1339,975,False,,,,,False,,,,
31148,16:23.258,1,True,1167,783,1336,970,False,,,,,False,,,,
31163,16:23.731,1,True,1170,764,1336,953,False,,,,,False,,,,
31178,16:24.205,1,True,1155,730,1328,921,False,,,,,False,,,,
31193,16:24.678,1,True,1138,661,1304,844,False,,,,,False,,,,
31208,16:25.152,1,True,1201,663,1349,861,False,,,,,False,,,,
31223,16:25.625,1,True,1209,662,1360,856,False,,,,,False,,,,
31238,16:26.099,1,True,1221,660,1370,853,False,,,,,False,,,,
31253,16:26.572,1,True,1214,664,1362,857,False,,,,,False,,,,
31268,16:27.046,1,True,1221,663,1371,857,False,,,,,False,,,,
31283,16:27.519,1,True,1229,663,1378,855,False,,,,,False,,,,
31298,16:27.993,1,True,1248,655,1400,850,False,,,,,False,,,,
31313,16:28.466,1,True,1228,665,1377,860,False,,,,,False,,,,
31328,16:28.940,1,True,1190,682,1351,870,False,,,,,False,,,,
31343,16:29.413,1,True,1191,682,1350,867,False,,,,,False,,,,
31358,16:29.887,1,True,1189,681,1349,870,False,,,,,False,,,,
31373,16:30.360,1,True,1236,719,1396,907,False,,,,,False,,,,
31388,16:30.834,1,True,1203,705,1362,899,False,,,,,False,,,,
31403,16:31.307,1,True,1040,766,1200,954,False,,,,,False,,,,
31418,16:31.781,1,True,1017,787,1178,978,False,,,,,False,,,,
31433,16:32.254,1,True,998,778,1158,971,False,,,,,False,,,,
31448,16:32.728,1,True,864,721,1016,913,False,,,,,False,,,,
31463,16:33.201,1,True,679,814,836,1013,False,,,,,False,,,,
31478,16:33.675,1,True,698,838,855,1041,False,,,,,False,,,,
31493,16:34.148,1,True,826,822,979,1019,False,,,,,False,,,,
31508,16:34.622,1,True,843,825,995,1028,False,,,,,False,,,,
31523,16:35.095,1,True,901,866,1053,1067,False,,,,,False,,,,
31538,16:35.569,1,True,899,871,1051,1079,False,,,,,False,,,,
31553,16:36.042,1,True,1001,1006,1151,1210,False,,,,,False,,,,
31568,16:36.516,1,True,1026,957,1175,1157,False,,,,,False,,,,
31583,16:36.989,1,True,1055,872,1203,1072,False,,,,,False,,,,
31598,16:37.463,1,True,1124,813,1271,1006,False,,,,,False,,,,
31613,16:37.936,1,True,1185,814,1332,1013,False,,,,,False,,,,
31628,16:38.410,1,True,1198,842,1346,1042,False,,,,,False,,,,
31643,16:38.883,1,True,1225,861,1372,1057,False,,,,,False,,,,
31658,16:39.357,1,True,1226,843,1374,1041,False,,,,,False,,,,
31673,16:39.830,1,True,1217,817,1366,1012,False,,,,,False,,,,
31688,16:40.304,1,True,1202,749,1351,942,False,,,,,False,,,,
31703,16:40.777,1,True,1194,739,1342,935,False,,,,,False,,,,
31718,16:41.251,1,True,1189,766,1337,959,False,,,,,False,,,,
31733,16:41.724,1,True,1218,739,1367,933,False,,,,,False,,,,
31748,16:42.198,1,True,1186,745,1334,938,False,,,,,False,,,,
31763,16:42.671,1,True,1160,757,1308,956,False,,,,,False,,,,
31778,16:43.145,1,True,1126,758,1273,950,False,,,,,False,,,,
31793,16:43.618,1,True,1131,762,1278,960,False,,,,,False,,,,
31808,16:44.092,1,True,1137,772,1284,965,False,,,,,False,,,,
31823,16:44.566,1,True,1104,765,1251,960,False,,,,,False,,,,
31838,16:45.039,1,True,1106,770,1253,963,False,,,,,False,,,,
31853,16:45.513,1,True,1113,770,1260,964,False,,,,,False,,,,
31868,16:45.986,1,True,1136,773,1283,967,False,,,,,False,,,,
31883,16:46.460,1,True,1143,757,1289,955,False,,,,,False,,,,
31898,16:46.933,1,True,1136,753,1282,947,False,,,,,False,,,,
31913,16:47.407,1,True,1134,751,1281,943,False,,,,,False,,,,
31928,16:47.880,1,True,1148,656,1295,854,False,,,,,False,,,,
31943,16:48.354,1,True,1150,594,1298,795,False,,,,,False,,,,
31958,16:48.827,1,True,1140,559,1288,751,False,,,,,False,,,,
31973,16:49.301,1,True,1170,437,1320,633,False,,,,,False,,,,
31988,16:49.774,1,True,1211,503,1361,699,False,,,,,False,,,,
32003,16:50.248,1,True,1179,606,1328,800,False,,,,,False,,,,
32018,16:50.721,1,True,1210,605,1360,804,False,,,,,False,,,,
32033,16:51.195,1,True,1174,677,1322,877,False,,,,,False,,,,
32048,16:51.668,1,True,1193,794,1342,989,False,,,,,False,,,,
32063,16:52.142,1,True,1240,794,1396,991,False,,,,,False,,,,
32078,16:52.615,1,True,1246,819,1402,1019,False,,,,,False,,,,
32093,16:53.089,1,True,1203,877,1356,1078,False,,,,,False,,,,
32108,16:53.562,1,True,1170,788,1321,985,False,,,,,False,,,,
32123,16:54.036,1,True,1227,792,1377,985,False,,,,,False,,,,
32138,16:54.509,1,True,1222,800,1373,991,False,,,,,False,,,,
32153,16:54.983,1,True,1217,793,1368,982,False,,,,,False,,,,
32168,16:55.456,1,True,1198,838,1348,1029,False,,,,,False,,,,
32183,16:55.930,1,True,1204,864,1356,1057,False,,,,,False,,,,
32198,16:56.403,1,True,1212,818,1362,1011,False,,,,,False,,,,
32213,16:56.877,1,True,1207,809,1355,997,False,,,,,False,,,,
32228,16:57.350,1,True,1199,794,1344,976,False,,,,,False,,,,
32243,16:57.824,1,True,1203,781,1349,968,False,,,,,False,,,,
32258,16:58.297,1,True,1210,782,1358,969,False,,,,,False,,,,
32273,16:58.771,1,True,1205,795,1353,979,False,,,,,False,,,,
32288,16:59.244,1,True,1188,802,1335,986,False,,,,,False,,,,
32303,16:59.718,1,True,1186,802,1331,983,False,,,,,False,,,,
32318,17:00.191,1,True,1201,772,1350,956,False,,,,,False,,,,
32333,17:00.665,1,True,1193,780,1340,963,False,,,,,False,,,,
32348,17:01.138,1,True,1187,798,1334,981,False,,,,,False,,,,
32363,17:01.612,1,True,1214,971,1362,1158,False,,,,,False,,,,
32378,17:02.085,1,True,1548,956,1708,1156,False,,,,,False,,,,
32393,17:02.559,1,True,1510,916,1667,1121,False,,,,,False,,,,
32408,17:03.032,1,True,1779,808,1953,1023,False,,,,,False,,,,
32423,17:03.506,1,True,1307,878,1455,1076,False,,,,,False,,,,
32438,17:03.979,1,True,1158,870,1305,1066,False,,,,,False,,,,
32453,17:04.453,1,True,1146,882,1294,1079,False,,,,,False,,,,
32468,17:04.926,1,True,1119,1056,1272,1260,False,,,,,False,,,,
32483,17:05.400,1,True,1025,985,1178,1198,False,,,,,False,,,,
32498,17:05.873,1,True,899,972,1053,1180,False,,,,,False,,,,
32513,17:06.347,1,True,1052,834,1201,1031,False,,,,,False,,,,
32528,17:06.820,1,True,1116,787,1263,979,False,,,,,False,,,,
32543,17:07.294,1,True,1155,795,1303,991,False,,,,,False,,,,
32558,17:07.767,1,True,1149,802,1295,993,False,,,,,False,,,,
32573,17:08.241,1,True,1166,830,1314,1025,False,,,,,False,,,,
32588,17:08.714,1,True,1201,832,1350,1033,False,,,,,False,,,,
32603,17:09.188,1,True,1183,848,1329,1046,False,,,,,False,,,,
32618,17:09.661,1,True,1200,834,1347,1026,False,,,,,False,,,,
32633,17:10.135,1,True,1209,820,1356,1015,False,,,,,False,,,,
32648,17:10.609,1,True,1209,816,1356,1010,False,,,,,False,,,,
32663,17:11.082,1,True,1212,814,1360,1007,False,,,,,False,,,,
32678,17:11.556,1,True,1212,806,1358,997,False,,,,,False,,,,
32693,17:12.029,1,True,1206,810,1353,1000,False,,,,,False,,,,
32708,17:12.503,1,True,1211,808,1357,1002,False,,,,,False,,,,
32723,17:12.976,1,True,1218,796,1364,989,False,,,,,False,,,,
32738,17:13.450,1,True,1216,799,1361,995,False,,,,,False,,,,
32753,17:13.923,1,True,1203,803,1352,1000,False,,,,,False,,,,
32768,17:14.397,1,True,1205,786,1352,987,False,,,,,False,,,,
32783,17:14.870,1,True,1200,787,1350,987,False,,,,,False,,,,
32798,17:15.344,1,True,1203,818,1353,1004,False,,,,,False,,,,
32813,17:15.817,1,True,1198,818,1346,1004,False,,,,,False,,,,
32828,17:16.291,1,True,1191,812,1339,997,False,,,,,False,,,,
32843,17:16.764,1,True,1198,814,1347,996,False,,,,,False,,,,
32858,17:17.238,1,True,1198,776,1345,975,False,,,,,False,,,,
32873,17:17.711,1,True,1208,754,1355,949,False,,,,,False,,,,
32888,17:18.185,1,True,1207,741,1354,935,False,,,,,False,,,,
32903,17:18.658,1,True,1199,738,1343,931,False,,,,,False,,,,
32918,17:19.132,1,True,1196,741,1341,933,False,,,,,False,,,,
32933,17:19.605,1,True,1204,757,1349,952,False,,,,,False,,,,
32948,17:20.079,1,True,1213,776,1359,966,False,,,,,False,,,,
32963,17:20.552,1,True,1218,782,1366,975,False,,,,,False,,,,
32978,17:21.026,1,True,1253,908,1401,1109,False,,,,,False,,,,
32993,17:21.499,1,True,1307,1001,1458,1208,False,,,,,False,,,,
33008,17:21.973,1,True,1340,1084,1494,1293,False,,,,,False,,,,
33023,17:22.446,1,True,1338,1026,1491,1228,False,,,,,False,,,,
33038,17:22.920,1,True,1314,922,1464,1127,False,,,,,False,,,,
33053,17:23.393,1,True,1262,948,1413,1151,False,,,,,False,,,,
33068,17:23.867,1,True,1246,930,1396,1130,False,,,,,False,,,,
33083,17:24.340,1,True,1210,987,1360,1192,False,,,,,False,,,,
33098,17:24.814,1,True,1143,1056,1295,1262,False,,,,,False,,,,
33113,17:25.287,1,True,1143,928,1293,1128,False,,,,,False,,,,
33128,17:25.761,1,True,1160,900,1308,1096,False,,,,,False,,,,
33143,17:26.234,1,True,1167,870,1315,1069,False,,,,,False,,,,
33158,17:26.708,1,True,1178,873,1324,1076,False,,,,,False,,,,
33173,17:27.181,1,True,1187,827,1335,1025,False,,,,,False,,,,
33188,17:27.655,1,True,1192,808,1339,1004,False,,,,,False,,,,
33203,17:28.128,1,True,1195,807,1342,1000,False,,,,,False,,,,
33218,17:28.602,1,True,1197,804,1342,999,False,,,,,False,,,,
33233,17:29.075,1,True,1199,793,1346,989,False,,,,,False,,,,
33248,17:29.549,1,True,1202,786,1349,986,False,,,,,False,,,,
33263,17:30.022,1,True,1195,788,1340,984,False,,,,,False,,,,
33278,17:30.496,1,True,1198,787,1344,987,False,,,,,False,,,,
33293,17:30.969,1,True,1236,787,1384,981,False,,,,,False,,,,
33308,17:31.443,1,True,1241,777,1387,971,False,,,,,False,,,,
33323,17:31.916,1,True,1239,771,1385,960,False,,,,,False,,,,
33338,17:32.390,1,True,1239,768,1385,960,False,,,,,False,,,,
33353,17:32.863,1,True,1237,763,1384,960,False,,,,,False,,,,
33368,17:33.337,1,True,1231,763,1380,959,False,,,,,False,,,,
33383,17:33.810,1,True,1241,765,1387,962,False,,,,,False,,,,
33398,17:34.284,1,True,1244,766,1392,955,False,,,,,False,,,,
33413,17:34.757,1,True,1243,764,1390,958,False,,,,,False,,,,
33428,17:35.231,1,True,1244,764,1394,960,False,,,,,False,,,,
33443,17:35.704,1,True,1243,766,1390,960,False,,,,,False,,,,
33458,17:36.178,1,True,1243,759,1393,955,False,,,,,False,,,,
33473,17:36.652,1,True,1242,759,1390,959,False,,,,,False,,,,
33488,17:37.125,1,True,1231,757,1379,957,False,,,,,False,,,,
33503,17:37.599,1,True,1224,765,1370,966,False,,,,,False,,,,
33518,17:38.072,1,True,1222,761,1371,963,False,,,,,False,,,,
33533,17:38.546,1,True,1199,762,1352,960,False,,,,,False,,,,
33548,17:39.019,1,True,1227,771,1376,967,False,,,,,False,,,,
33563,17:39.493,1,True,1246,756,1394,956,False,,,,,False,,,,
33578,17:39.966,1,True,1246,755,1393,950,False,,,,,False,,,,
33593,17:40.440,1,True,1241,750,1391,946,False,,,,,False,,,,
33608,17:40.913,1,True,1241,750,1392,946,False,,,,,False,,,,
33623,17:41.387,1,True,1239,748,1389,945,False,,,,,False,,,,
33638,17:41.860,1,True,1242,738,1392,935,False,,,,,False,,,,
33653,17:42.334,1,True,1316,889,1466,1088,False,,,,,False,,,,
33668,17:42.807,1,True,1221,705,1368,903,False,,,,,False,,,,
33683,17:43.281,1,True,1194,828,1343,1028,False,,,,,False,,,,
33698,17:43.754,1,True,1210,861,1364,1070,False,,,,,False,,,,
33713,17:44.228,1,True,1213,851,1363,1052,False,,,,,False,,,,
33728,17:44.701,1,True,1230,861,1382,1064,False,,,,,False,,,,
33743,17:45.175,1,True,1226,866,1378,1069,False,,,,,False,,,,
33758,17:45.648,1,True,1230,859,1383,1069,False,,,,,False,,,,
33773,17:46.122,1,True,1233,856,1386,1057,False,,,,,False,,,,
33788,17:46.595,1,True,1237,867,1392,1075,False,,,,,False,,,,
33803,17:47.069,1,True,1241,861,1396,1069,False,,,,,False,,,,
33818,17:47.542,1,True,1240,856,1394,1063,False,,,,,False,,,,
33833,17:48.016,1,True,1251,855,1401,1062,False,,,,,False,,,,
33848,17:48.489,1,True,1259,915,1413,1127,False,,,,,False,,,,
33863,17:48.963,1,True,1190,906,1342,1115,False,,,,,False,,,,
33878,17:49.436,1,True,1180,1068,1335,1282,False,,,,,False,,,,
33893,17:49.910,1,True,1174,1037,1332,1253,False,,,,,False,,,,
33908,17:50.383,1,True,1182,1018,1336,1231,False,,,,,False,,,,
33923,17:50.857,1,True,1183,974,1337,1186,False,,,,,False,,,,
33938,17:51.330,1,True,1144,944,1296,1151,False,,,,,False,,,,
33953,17:51.804,1,True,1085,895,1236,1097,False,,,,,False,,,,
33968,17:52.277,1,True,1087,880,1238,1082,False,,,,,False,,,,
33983,17:52.751,1,True,1091,854,1242,1061,False,,,,,False,,,,
33998,17:53.224,1,True,1101,849,1249,1052,False,,,,,False,,,,
34013,17:53.698,1,True,1103,877,1251,1071,False,,,,,False,,,,
34028,17:54.171,1,True,1101,886,1251,1079,False,,,,,False,,,,
34043,17:54.645,1,True,1102,891,1253,1088,False,,,,,False,,,,
34058,17:55.118,1,True,1108,882,1258,1078,False,,,,,False,,,,
34073,17:55.592,1,True,1107,881,1257,1081,False,,,,,False,,,,
34088,17:56.065,1,True,1108,880,1256,1072,False,,,,,False,,,,
34103,17:56.539,1,True,1115,882,1263,1071,False,,,,,False,,,,
34118,17:57.012,1,True,1127,870,1276,1068,False,,,,,False,,,,
34133,17:57.486,1,True,1125,832,1275,1033,False,,,,,False,,,,
34148,17:57.959,1,True,1129,862,1276,1061,False,,,,,False,,,,
34163,17:58.433,1,True,1126,850,1273,1052,False,,,,,False,,,,
34178,17:58.906,1,True,1128,849,1276,1049,False,,,,,False,,,,
34193,17:59.380,1,True,1135,849,1282,1050,False,,,,,False,,,,
34208,17:59.853,1,True,1139,848,1288,1044,False,,,,,False,,,,
34223,18:00.327,1,True,1143,846,1292,1046,False,,,,,False,,,,
34238,18:00.800,1,True,1149,844,1296,1043,False,,,,,False,,,,
34253,18:01.274,1,True,1148,841,1295,1040,False,,,,,False,,,,
34268,18:01.748,1,True,1149,838,1296,1036,False,,,,,False,,,,
34283,18:02.221,1,True,1147,832,1296,1026,False,,,,,False,,,,
34298,18:02.695,1,True,1149,834,1296,1026,False,,,,,False,,,,
34313,18:03.168,1,True,1144,840,1291,1027,False,,,,,False,,,,
34328,18:03.642,1,True,1148,840,1294,1027,False,,,,,False,,,,
34343,18:04.115,1,True,1097,869,1241,1057,False,,,,,False,,,,
34358,18:04.589,1,True,1115,971,1264,1163,False,,,,,False,,,,
34373,18:05.062,1,True,1168,1054,1317,1258,False,,,,,False,,,,
34388,18:05.536,1,True,1132,1054,1283,1257,False,,,,,False,,,,
34403,18:06.009,1,True,1168,1077,1320,1286,False,,,,,False,,,,
34418,18:06.483,1,True,1260,1079,1415,1289,False,,,,,False,,,,
34433,18:06.956,1,True,1373,970,1527,1180,False,,,,,False,,,,
34448,18:07.430,1,True,1322,964,1474,1168,False,,,,,False,,,,
34463,18:07.903,1,True,1292,959,1447,1153,False,,,,,False,,,,
34478,18:08.377,1,True,1294,954,1450,1148,False,,,,,False,,,,
34493,18:08.850,1,True,1297,959,1452,1148,False,,,,,False,,,,
34508,18:09.324,1,True,1334,989,1493,1180,False,,,,,False,,,,
34523,18:09.797,1,True,1401,1046,1564,1248,False,,,,,False,,,,
34538,18:10.271,1,True,1665,1040,1840,1246,False,,,,,False,,,,
34553,18:10.744,1,True,1701,925,1877,1127,False,,,,,False,,,,
34568,18:11.218,1,True,1568,979,1733,1189,False,,,,,False,,,,
34583,18:11.691,1,True,1376,910,1530,1112,False,,,,,False,,,,
34598,18:12.165,1,True,1195,826,1346,1027,False,,,,,False,,,,
34613,18:12.638,1,True,1116,796,1268,991,False,,,,,False,,,,
34628,18:13.112,1,True,1112,829,1264,1036,False,,,,,False,,,,
34643,18:13.585,1,True,1031,814,1185,1015,False,,,,,False,,,,
34658,18:14.059,1,True,1104,849,1254,1051,False,,,,,False,,,,
34673,18:14.532,1,True,1203,707,1353,909,False,,,,,False,,,,
34688,18:15.006,1,True,1248,777,1399,983,False,,,,,False,,,,
34703,18:15.479,1,True,1233,841,1385,1042,False,,,,,False,,,,
34718,18:15.953,1,True,1209,844,1359,1041,False,,,,,False,,,,
34733,18:16.426,1,True,1190,842,1339,1046,False,,,,,False,,,,
34748,18:16.900,1,True,1171,848,1319,1046,False,,,,,False,,,,
34763,18:17.373,1,True,1165,841,1313,1044,False,,,,,False,,,,
34778,18:17.847,1,True,1150,850,1300,1047,False,,,,,False,,,,
34793,18:18.320,1,True,1147,848,1297,1049,False,,,,,False,,,,
34808,18:18.794,1,True,1159,839,1307,1040,False,,,,,False,,,,
34823,18:19.267,1,True,1154,834,1305,1030,False,,,,,False,,,,
34838,18:19.741,1,True,1148,817,1297,1014,False,,,,,False,,,,
34853,18:20.214,1,True,1091,992,1243,1199,False,,,,,False,,,,
34868,18:20.688,1,True,1134,915,1282,1121,False,,,,,False,,,,
34883,18:21.161,1,True,1160,938,1310,1140,False,,,,,False,,,,
34898,18:21.635,1,True,1139,953,1288,1153,False,,,,,False,,,,
34913,18:22.108,1,True,1117,958,1272,1150,False,,,,,False,,,,
34928,18:22.582,1,True,1103,984,1256,1185,False,,,,,False,,,,
34943,18:23.055,1,True,1089,1003,1241,1196,False,,,,,False,,,,
34958,18:23.529,1,True,1124,964,1276,1162,False,,,,,False,,,,
34973,18:24.002,1,True,1168,959,1320,1156,False,,,,,False,,,,
34988,18:24.476,1,True,1174,940,1327,1135,False,,,,,False,,,,
35003,18:24.949,1,True,1172,936,1322,1132,False,,,,,False,,,,
35018,18:25.423,1,True,1194,919,1346,1111,False,,,,,False,,,,
35033,18:25.896,1,True,1444,841,1604,1035,False,,,,,False,,,,
35048,18:26.370,1,True,1597,864,1766,1071,False,,,,,False,,,,
35063,18:26.843,1,True,1673,901,1846,1112,False,,,,,False,,,,
35078,18:27.317,1,True,1563,892,1730,1091,False,,,,,False,,,,
35093,18:27.791,1,True,1381,1005,1541,1195,False,,,,,False,,,,
35108,18:28.264,1,True,1270,947,1428,1135,False,,,,,False,,,,
35123,18:28.738,1,True,1139,837,1297,1019,False,,,,,False,,,,
35138,18:29.211,1,True,1101,872,1262,1058,False,,,,,False,,,,
35153,18:29.685,1,True,1052,787,1205,980,False,,,,,False,,,,
35168,18:30.158,1,True,868,805,1026,1001,False,,,,,False,,,,
35183,18:30.632,1,True,817,798,979,1004,False,,,,,False,,,,
35198,18:31.105,1,True,870,815,1027,1016,False,,,,,False,,,,
35213,18:31.579,1,True,977,851,1137,1060,False,,,,,False,,,,
35228,18:32.052,1,True,1098,842,1252,1050,False,,,,,False,,,,
35243,18:32.526,1,True,1139,829,1293,1027,False,,,,,False,,,,
35258,18:32.999,1,True,1134,798,1287,1005,False,,,,,False,,,,
35273,18:33.473,1,True,1136,906,1290,1111,False,,,,,False,,,,
35288,18:33.946,1,True,1092,930,1248,1133,False,,,,,False,,,,
35303,18:34.420,1,True,1046,945,1198,1145,False,,,,,False,,,,
35318,18:34.893,1,True,1041,974,1195,1177,False,,,,,False,,,,
35333,18:35.367,1,True,928,968,1086,1172,False,,,,,False,,,,
35348,18:35.840,1,True,956,914,1111,1119,False,,,,,False,,,,
35363,18:36.314,1,True,924,887,1076,1089,False,,,,,False,,,,
35378,18:36.787,1,True,1008,1001,1163,1205,False,,,,,False,,,,
35393,18:37.261,1,True,1047,902,1199,1101,False,,,,,False,,,,
35408,18:37.734,1,True,1127,894,1281,1096,False,,,,,False,,,,
35423,18:38.208,1,True,1196,868,1347,1076,False,,,,,False,,,,
35438,18:38.681,1,True,1144,853,1296,1059,False,,,,,False,,,,
35453,18:39.155,1,True,1168,849,1316,1051,False,,,,,False,,,,
35468,18:39.628,1,True,1153,851,1302,1051,False,,,,,False,,,,
35483,18:40.102,1,True,1150,850,1299,1058,False,,,,,False,,,,
35498,18:40.575,1,True,1148,842,1297,1039,False,,,,,False,,,,
35513,18:41.049,1,True,1149,836,1300,1032,False,,,,,False,,,,
35528,18:41.522,1,True,1148,825,1297,1022,False,,,,,False,,,,
35543,18:41.996,1,True,1148,822,1296,1022,False,,,,,False,,,,
35558,18:42.469,1,True,1143,822,1293,1021,False,,,,,False,,,,
35573,18:42.943,1,True,1146,821,1294,1020,False,,,,,False,,,,
35588,18:43.416,1,True,1148,820,1297,1013,False,,,,,False,,,,
35603,18:43.890,1,True,1159,816,1309,1013,False,,,,,False,,,,
35618,18:44.363,1,True,1148,843,1297,1037,False,,,,,False,,,,
35633,18:44.837,1,True,1149,814,1297,1004,False,,,,,False,,,,
35648,18:45.310,1,True,1170,782,1321,975,False,,,,,False,,,,
35663,18:45.784,1,True,1184,794,1334,991,False,,,,,False,,,,
35678,18:46.257,1,True,1186,790,1334,981,False,,,,,False,,,,
35693,18:46.731,1,True,1188,782,1337,976,False,,,,,False,,,,
35708,18:47.204,1,True,1186,782,1337,974,False,,,,,False,,,,
35723,18:47.678,1,True,1188,775,1338,973,False,,,,,False,,,,
35738,18:48.151,1,True,1186,783,1336,977,False,,,,,False,,,,
35753,18:48.625,1,True,1184,788,1332,978,False,,,,,False,,,,
35768,18:49.098,1,True,1184,786,1333,979,False,,,,,False,,,,
35783,18:49.572,1,True,1184,783,1334,977,False,,,,,False,,,,
35798,18:50.045,1,True,1195,779,1344,973,False,,,,,False,,,,
35813,18:50.519,1,True,1198,778,1346,970,False,,,,,False,,,,
35828,18:50.992,1,True,1138,999,1288,1200,False,,,,,False,,,,
35843,18:51.466,1,True,1169,1000,1319,1204,False,,,,,False,,,,
35858,18:51.939,1,True,1215,1098,1366,1306,False,,,,,False,,,,
35873,18:52.413,1,True,1248,1093,1399,1299,False,,,,,False,,,,
35888,18:52.886,1,True,1266,1010,1416,1210,False,,,,,False,,,,
35903,18:53.360,1,True,1256,984,1407,1187,False,,,,,False,,,,
35918,18:53.834,1,True,1247,969,1398,1166,False,,,,,False,,,,
35933,18:54.307,1,True,1230,930,1381,1123,False,,,,,False,,,,
35948,18:54.781,1,True,1244,860,1395,1055,False,,,,,False,,,,
35963,18:55.254,1,True,1252,915,1403,1112,False,,,,,False,,,,
35978,18:55.728,1,True,1275,936,1426,1132,False,,,,,False,,,,
35993,18:56.201,1,True,1282,878,1432,1074,False,,,,,False,,,,
36008,18:56.675,1,True,1253,833,1403,1028,False,,,,,False,,,,
36023,18:57.148,1,True,1211,676,1360,870,False,,,,,False,,,,
36038,18:57.622,1,True,1216,708,1367,902,False,,,,,False,,,,
36053,18:58.095,1,True,1226,726,1376,916,False,,,,,False,,,,
36068,18:58.569,1,True,1243,728,1394,921,False,,,,,False,,,,
36083,18:59.042,1,True,1234,732,1385,929,False,,,,,False,,,,
36098,18:59.516,1,True,1256,718,1407,910,False,,,,,False,,,,
36113,18:59.989,1,True,1261,702,1411,898,False,,,,,False,,,,
36128,19:00.463,1,True,1268,687,1418,878,False,,,,,False,,,,
36143,19:00.936,1,True,1271,801,1421,997,False,,,,,False,,,,
36158,19:01.410,1,True,1203,997,1352,1196,False,,,,,False,,,,
36173,19:01.883,1,True,1202,889,1352,1086,False,,,,,False,,,,
36188,19:02.357,1,True,1166,904,1313,1098,False,,,,,False,,,,
36203,19:02.830,1,True,1221,1009,1373,1208,False,,,,,False,,,,
36218,19:03.304,1,True,1228,904,1377,1101,False,,,,,False,,,,
36233,19:03.777,1,True,1215,878,1362,1084,False,,,,,False,,,,
36248,19:04.251,1,True,1155,864,1302,1065,False,,,,,False,,,,
36263,19:04.724,1,True,1144,854,1293,1055,False,,,,,False,,,,
36278,19:05.198,1,True,1141,849,1290,1042,False,,,,,False,,,,
36293,19:05.671,1,True,1152,846,1301,1041,False,,,,,False,,,,
36308,19:06.145,1,True,1158,837,1307,1030,False,,,,,False,,,,
36323,19:06.618,1,True,1165,831,1313,1027,False,,,,,False,,,,
36338,19:07.092,1,True,1170,1135,1323,1346,False,,,,,False,,,,
36353,19:07.565,1,True,1169,1080,1320,1281,False,,,,,False,,,,
36368,19:08.039,1,True,1183,1065,1337,1271,False,,,,,False,,,,
36383,19:08.512,1,True,1178,1010,1328,1214,False,,,,,False,,,,
36398,19:08.986,1,True,1193,1029,1346,1239,False,,,,,False,,,,
36413,19:09.459,1,True,1132,1053,1284,1260,False,,,,,False,,,,
36428,19:09.933,1,True,1097,1025,1248,1226,False,,,,,False,,,,
36443,19:10.406,1,True,1137,997,1286,1200,False,,,,,False,,,,
36458,19:10.880,1,True,1037,975,1187,1179,False,,,,,False,,,,
36473,19:11.353,1,True,1021,975,1175,1182,False,,,,,False,,,,
36488,19:11.827,1,True,1089,986,1240,1190,False,,,,,False,,,,
36503,19:12.300,1,True,1130,956,1284,1165,False,,,,,False,,,,
36518,19:12.774,1,True,1184,913,1336,1114,False,,,,,False,,,,
36533,19:13.247,1,True,1220,917,1372,1119,False,,,,,False,,,,
36548,19:13.721,1,True,1195,875,1343,1075,False,,,,,False,,,,
36563,19:14.194,1,True,1183,871,1335,1072,False,,,,,False,,,,
36578,19:14.668,1,True,1185,862,1337,1063,False,,,,,False,,,,
36593,19:15.141,1,True,1170,836,1322,1035,False,,,,,False,,,,
36608,19:15.615,1,True,1160,813,1310,1010,False,,,,,False,,,,
36623,19:16.088,1,True,1163,830,1314,1028,False,,,,,False,,,,
36638,19:16.562,1,True,1170,799,1321,998,False,,,,,False,,,,
36653,19:17.035,1,True,1160,793,1308,995,False,,,,,False,,,,
36668,19:17.509,1,True,1177,825,1328,1023,False,,,,,False,,,,
36683,19:17.982,1,True,1178,763,1329,963,False,,,,,False,,,,
36698,19:18.456,1,True,1154,798,1305,996,False,,,,,False,,,,
36713,19:18.929,1,True,1161,791,1311,988,False,,,,,False,,,,
36728,19:19.403,1,True,1154,788,1304,990,False,,,,,False,,,,
36743,19:19.877,1,True,1199,835,1351,1036,False,,,,,False,,,,
36758,19:20.350,1,True,1237,857,1389,1060,False,,,,,False,,,,
36773,19:20.824,1,True,1250,833,1400,1030,False,,,,,False,,,,
36788,19:21.297,1,True,1263,812,1413,1009,False,,,,,False,,,,
36803,19:21.771,1,True,1258,797,1409,1000,False,,,,,False,,,,
36818,19:22.244,1,True,1263,794,1413,995,False,,,,,False,,,,
36833,19:22.718,1,True,1263,789,1414,991,False,,,,,False,,,,
36848,19:23.191,1,True,1310,822,1461,1022,False,,,,,False,,,,
36863,19:23.665,1,True,1213,823,1360,1023,False,,,,,False,,,,
36878,19:24.138,1,True,1215,914,1366,1112,False,,,,,False,,,,
36893,19:24.612,1,True,1186,816,1337,1019,False,,,,,False,,,,
36908,19:25.085,1,True,1308,724,1461,919,False,,,,,False,,,,
36923,19:25.559,1,True,1151,872,1303,1075,False,,,,,False,,,,
36938,19:26.032,1,True,995,969,1150,1172,False,,,,,False,,,,
36953,19:26.506,1,True,965,889,1116,1089,False,,,,,False,,,,
36968,19:26.979,1,True,755,800,916,1004,False,,,,,False,,,,
36983,19:27.453,1,True,745,825,906,1032,False,,,,,False,,,,
36998,19:27.926,1,True,812,808,968,1015,False,,,,,False,,,,
37013,19:28.400,1,True,913,769,1073,970,False,,,,,False,,,,
37028,19:28.873,1,True,961,761,1116,959,False,,,,,False,,,,
37043,19:29.347,1,True,982,796,1138,1000,False,,,,,False,,,,
37058,19:29.820,1,True,985,839,1140,1033,False,,,,,False,,,,
37073,19:30.294,1,True,999,894,1155,1095,False,,,,,False,,,,
37088,19:30.767,1,True,988,1029,1145,1237,False,,,,,False,,,,
37103,19:31.241,1,True,924,1068,1080,1279,False,,,,,False,,,,
37118,19:31.714,1,True,865,1054,1021,1264,False,,,,,False,,,,
37133,19:32.188,1,True,841,1049,999,1260,False,,,,,False,,,,
37148,19:32.661,1,True,1038,1002,1187,1199,False,,,,,False,,,,
37163,19:33.135,1,True,1057,1036,1209,1241,False,,,,,False,,,,
37178,19:33.608,1,True,1090,984,1240,1185,False,,,,,False,,,,
37193,19:34.082,1,True,1114,936,1266,1140,False,,,,,False,,,,
37208,19:34.555,1,True,1155,891,1303,1096,False,,,,,False,,,,
37223,19:35.029,1,True,1138,861,1288,1065,False,,,,,False,,,,
37238,19:35.502,1,True,1130,845,1281,1039,False,,,,,False,,,,
37253,19:35.976,1,True,1113,829,1265,1034,False,,,,,False,,,,
37268,19:36.449,1,True,1103,859,1251,1061,False,,,,,False,,,,
37283,19:36.923,1,True,1100,834,1249,1036,False,,,,,False,,,,
37298,19:37.396,1,True,1106,825,1256,1027,False,,,,,False,,,,
37313,19:37.870,1,True,1106,823,1256,1022,False,,,,,False,,,,
37328,19:38.343,1,True,1122,830,1273,1027,False,,,,,False,,,,
37343,19:38.817,1,True,1127,829,1277,1029,False,,,,,False,,,,
37358,19:39.290,1,True,1131,816,1281,1014,False,,,,,False,,,,
37373,19:39.764,1,True,1134,801,1283,999,False,,,,,False,,,,
37388,19:40.237,1,True,1035,698,1183,892,False,,,,,False,,,,
37403,19:40.711,1,True,967,728,1116,924,False,,,,,False,,,,
37418,19:41.184,1,True,1068,1087,1219,1296,False,,,,,False,,,,
37433,19:41.658,1,True,1086,1038,1238,1244,False,,,,,False,,,,
37448,19:42.131,1,True,1090,973,1240,1179,False,,,,,False,,,,
37463,19:42.605,1,True,1131,1031,1280,1234,False,,,,,False,,,,
37478,19:43.078,1,True,1163,1003,1312,1205,False,,,,,False,,,,
37493,19:43.552,1,True,1177,933,1326,1134,False,,,,,False,,,,
37508,19:44.025,1,True,1181,907,1328,1103,False,,,,,False,,,,
37523,19:44.499,1,True,1169,901,1316,1096,False,,,,,False,,,,
37538,19:44.973,1,True,1168,873,1316,1069,False,,,,,False,,,,
37553,19:45.446,1,True,1178,857,1327,1055,False,,,,,False,,,,
37568,19:45.920,1,True,1187,850,1336,1045,False,,,,,False,,,,
37583,19:46.393,1,True,1157,860,1300,1057,False,,,,,False,,,,
37598,19:46.867,1,True,1162,874,1306,1072,False,,,,,False,,,,
37613,19:47.340,1,True,1149,855,1300,1063,False,,,,,False,,,,
37628,19:47.814,1,True,1148,842,1299,1038,False,,,,,False,,,,
37643,19:48.287,1,True,1135,850,1284,1047,False,,,,,False,,,,
37658,19:48.761,1,True,1103,816,1254,1016,False,,,,,False,,,,
37673,19:49.234,1,True,1138,812,1289,1015,False,,,,,False,,,,
37688,19:49.708,1,True,579,840,741,1047,False,,,,,False,,,,
37703,19:50.181,1,True,611,824,775,1029,False,,,,,False,,,,
37718,19:50.655,1,True,662,799,820,1000,False,,,,,False,,,,
37733,19:51.128,1,True,-13,1017,182,1267,False,,,,,False,,,,
37748,19:51.602,0,False,,,,,False,,,,,False,,,,
37763,19:52.075,0,False,,,,,False,,,,,False,,,,
37778,19:52.549,0,False,,,,,False,,,,,False,,,,
37793,19:53.022,0,False,,,,,False,,,,,False,,,,
37808,19:53.496,0,False,,,,,False,,,,,False,,,,
37823,19:53.969,0,False,,,,,False,,,,,False,,,,
37838,19:54.443,0,False,,,,,False,,,,,False,,,,
37853,19:54.916,0,False,,,,,False,,,,,False,,,,
37868,19:55.390,0,False,,,,,False,,,,,False,,,,
37883,19:55.863,1,True,-57,720,168,960,False,,,,,False,,,,
37898,19:56.337,0,False,,,,,False,,,,,False,,,,
37913,19:56.810,0,False,,,,,False,,,,,False,,,,
37928,19:57.284,0,False,,,,,False,,,,,False,,,,
37943,19:57.757,0,False,,,,,False,,,,,False,,,,
37958,19:58.231,0,False,,,,,False,,,,,False,,,,
37973,19:58.704,0,False,,,,,False,,,,,False,,,,
37988,19:59.178,0,False,,,,,False,,,,,False,,,,
38003,19:59.651,0,False,,,,,False,,,,,False,,,,
38018,20:00.125,0,False,,,,,False,,,,,False,,,,
38033,20:00.598,0,False,,,,,False,,,,,False,,,,
38048,20:01.072,0,False,,,,,False,,,,,False,,,,
38063,20:01.545,0,False,,,,,False,,,,,False,,,,
38078,20:02.019,0,False,,,,,False,,,,,False,,,,
38093,20:02.492,0,False,,,,,False,,,,,False,,,,
38108,20:02.966,0,False,,,,,False,,,,,False,,,,
38123,20:03.439,0,False,,,,,False,,,,,False,,,,
38138,20:03.913,0,False,,,,,False,,,,,False,,,,
38153,20:04.386,0,False,,,,,False,,,,,False,,,,
38168,20:04.860,0,False,,,,,False,,,,,False,,,,
38183,20:05.333,0,False,,,,,False,,,,,False,,,,
38198,20:05.807,0,False,,,,,False,,,,,False,,,,
38213,20:06.280,0,False,,,,,False,,,,,False,,,,
38228,20:06.754,0,False,,,,,False,,,,,False,,,,
38243,20:07.227,0,False,,,,,False,,,,,False,,,,
38258,20:07.701,0,False,,,,,False,,,,,False,,,,
38273,20:08.174,0,False,,,,,False,,,,,False,,,,
38288,20:08.648,0,False,,,,,False,,,,,False,,,,
38303,20:09.121,0,False,,,,,False,,,,,False,,,,
38318,20:09.595,0,False,,,,,False,,,,,False,,,,
38333,20:10.068,0,False,,,,,False,,,,,False,,,,
38348,20:10.542,0,False,,,,,False,,,,,False,,,,
38363,20:11.016,0,False,,,,,False,,,,,False,,,,
38378,20:11.489,0,False,,,,,False,,,,,False,,,,
38393,20:11.963,0,False,,,,,False,,,,,False,,,,
38408,20:12.436,0,False,,,,,False,,,,,False,,,,
38423,20:12.910,0,False,,,,,False,,,,,False,,,,
38438,20:13.383,0,False,,,,,False,,,,,False,,,,
38453,20:13.857,1,True,368,742,542,955,False,,,,,False,,,,
38468,20:14.330,1,True,161,698,362,919,False,,,,,False,,,,
38483,20:14.804,1,True,61,591,279,818,False,,,,,False,,,,
38498,20:15.277,1,True,201,481,399,705,False,,,,,False,,,,
38513,20:15.751,1,True,-35,524,168,760,False,,,,,False,,,,
38528,20:16.224,1,False,,,,,False,,,,,True,-78,482,92,711
38543,20:16.698,1,False,,,,,False,,,,,True,-71,473,83,704
38558,20:17.171,0,False,,,,,False,,,,,False,,,,
38573,20:17.645,1,True,785,403,942,597,False,,,,,False,,,,
38588,20:18.118,1,True,823,610,977,803,False,,,,,False,,,,
38603,20:18.592,1,True,765,1132,932,1349,False,,,,,False,,,,
38618,20:19.065,0,False,,,,,False,,,,,False,,,,
38633,20:19.539,0,False,,,,,False,,,,,False,,,,
38648,20:20.012,0,False,,,,,False,,,,,False,,,,
38663,20:20.486,0,False,,,,,False,,,,,False,,,,
38678,20:20.959,0,False,,,,,False,,,,,False,,,,
38693,20:21.433,0,False,,,,,False,,,,,False,,,,
38708,20:21.906,0,False,,,,,False,,,,,False,,,,
38723,20:22.380,0,False,,,,,False,,,,,False,,,,
38738,20:22.853,0,False,,,,,False,,,,,False,,,,
38753,20:23.327,0,False,,,,,False,,,,,False,,,,
