frame,time,faces_detected_count,face_0_tl_x,face_0_tl_y,face_0_br_x,face_0_br_y
10443,09:23.333,0,,,,
10444,11:22.742,0,,,,
10445,11:22.775,0,,,,
10446,11:22.808,0,,,,
10447,11:22.842,0,,,,
10448,11:22.875,0,,,,
10449,11:22.908,0,,,,
10450,11:22.942,0,,,,
10451,11:22.975,0,,,,
10452,11:23.008,0,,,,
10453,11:23.042,0,,,,
10454,11:23.075,0,,,,
10455,11:23.108,0,,,,
10456,11:23.142,0,,,,
10457,11:23.175,0,,,,
10458,11:23.208,0,,,,
10459,11:23.242,0,,,,
10460,11:23.275,0,,,,
10461,11:23.308,0,,,,
10462,11:23.342,0,,,,
10463,11:23.375,0,,,,
10464,11:23.408,0,,,,
10465,11:23.442,0,,,,
10466,11:23.475,0,,,,
10467,11:23.508,0,,,,
10468,11:23.542,0,,,,
10469,11:23.575,0,,,,
10470,11:23.608,0,,,,
10471,11:23.642,0,,,,
10472,11:23.675,0,,,,
10473,11:23.708,0,,,,
10474,11:23.742,0,,,,
10475,11:23.775,0,,,,
10476,11:23.808,0,,,,
10477,11:23.842,0,,,,
10478,11:23.875,0,,,,
10479,11:23.908,0,,,,
10480,11:23.942,0,,,,
10481,11:23.975,0,,,,
10482,11:24.008,0,,,,
10483,11:24.042,0,,,,
10484,11:24.075,0,,,,
10485,11:24.108,0,,,,
10486,11:24.142,0,,,,
10487,11:24.175,0,,,,
10488,11:24.208,0,,,,
10489,11:24.242,0,,,,
10490,11:24.275,0,,,,
10491,11:24.308,0,,,,
10492,11:24.342,0,,,,
10493,11:24.375,0,,,,
10494,11:24.408,0,,,,
10495,11:24.442,0,,,,
10496,11:24.475,0,,,,
10497,11:24.508,0,,,,
10498,11:24.542,0,,,,
10499,11:24.575,0,,,,
10500,11:24.608,0,,,,
10501,11:24.642,0,,,,
10502,11:24.675,0,,,,
10503,11:24.708,0,,,,
10504,11:24.742,0,,,,
10505,11:24.775,0,,,,
10506,11:24.808,0,,,,
10507,11:24.842,0,,,,
10508,11:24.875,0,,,,
10509,11:24.908,0,,,,
10510,11:24.942,0,,,,
10511,11:24.975,0,,,,
10512,11:25.008,0,,,,
10513,11:25.042,0,,,,
10514,11:25.075,0,,,,
10515,11:25.108,0,,,,
10516,11:25.142,0,,,,
10517,11:25.177,0,,,,
10518,11:25.210,0,,,,
10519,11:25.243,0,,,,
10520,11:25.277,0,,,,
10521,11:25.310,0,,,,
10522,11:25.343,0,,,,
10523,11:25.377,0,,,,
10524,11:25.410,0,,,,
10525,11:25.443,0,,,,
10526,11:25.477,0,,,,
10527,11:25.510,0,,,,
10528,11:25.543,0,,,,
10529,11:25.577,0,,,,
10530,11:25.610,0,,,,
10531,11:25.643,0,,,,
10532,11:25.677,0,,,,
10533,11:25.710,0,,,,
10534,11:25.743,0,,,,
10535,11:25.777,0,,,,
10536,11:25.810,0,,,,
10537,11:25.843,0,,,,
10538,11:25.877,0,,,,
10539,11:25.910,0,,,,
10540,11:25.943,0,,,,
10541,11:25.977,0,,,,
10542,11:26.010,0,,,,
10543,11:26.043,0,,,,
10544,11:26.077,0,,,,
10545,11:26.110,0,,,,
10546,11:26.143,0,,,,
10547,11:26.177,0,,,,
10548,11:26.210,0,,,,
10549,11:26.243,0,,,,
10550,11:26.277,0,,,,
10551,11:26.310,0,,,,
10552,11:26.343,0,,,,
10553,11:26.377,0,,,,
10554,11:26.410,0,,,,
10555,11:26.443,0,,,,
10556,11:26.477,0,,,,
10557,11:26.510,0,,,,
10558,11:26.543,0,,,,
10559,11:26.577,0,,,,
10560,11:26.610,0,,,,
10561,11:26.643,0,,,,
10562,11:26.677,0,,,,
10563,11:26.710,0,,,,
10564,11:26.743,0,,,,
10565,11:26.777,0,,,,
10566,11:26.810,0,,,,
10567,11:26.843,0,,,,
10568,11:26.877,0,,,,
10569,11:26.910,0,,,,
10570,11:26.943,0,,,,
10571,11:26.977,0,,,,
10572,11:27.010,0,,,,
10573,11:27.043,0,,,,
10574,11:27.077,0,,,,
10575,11:27.110,0,,,,
10576,11:27.143,0,,,,
10577,11:27.177,0,,,,
10578,11:27.210,0,,,,
10579,11:27.243,0,,,,
10580,11:27.277,0,,,,
10581,11:27.310,0,,,,
10582,11:27.343,0,,,,
10583,11:27.377,0,,,,
10584,11:27.410,0,,,,
10585,11:27.443,0,,,,
10586,11:27.477,0,,,,
10587,11:27.510,0,,,,
10588,11:27.543,0,,,,
10589,11:27.577,0,,,,
10590,11:27.610,0,,,,
10591,11:27.643,0,,,,
10592,11:27.677,0,,,,
10593,11:27.710,0,,,,
10594,11:27.743,0,,,,
10595,11:27.777,0,,,,
10596,11:27.810,0,,,,
10597,11:27.843,0,,,,
10598,11:27.877,0,,,,
10599,11:27.910,0,,,,
10600,11:27.943,0,,,,
10601,11:27.977,0,,,,
10602,11:28.010,0,,,,
10603,11:28.043,0,,,,
10604,11:28.077,0,,,,
10605,11:28.110,0,,,,
10606,11:28.143,0,,,,
10607,11:28.177,0,,,,
10608,11:28.210,0,,,,
10609,11:28.243,0,,,,
10610,11:28.277,0,,,,
10611,11:28.310,0,,,,
10612,11:28.343,0,,,,
10613,11:28.377,0,,,,
10614,11:28.410,0,,,,
10615,11:28.443,0,,,,
10616,11:28.477,0,,,,
10617,11:28.510,0,,,,
10618,11:28.543,0,,,,
10619,11:28.577,0,,,,
10620,11:28.610,0,,,,
10621,11:28.643,0,,,,
10622,11:28.677,0,,,,
10623,11:28.710,0,,,,
10624,11:28.743,0,,,,
10625,11:28.777,0,,,,
10626,11:28.810,0,,,,
10627,11:28.843,0,,,,
10628,11:28.877,0,,,,
10629,11:28.910,0,,,,
10630,11:28.943,0,,,,
10631,11:28.977,0,,,,
10632,11:29.010,0,,,,
10633,11:29.043,0,,,,
10634,11:29.077,0,,,,
10635,11:29.110,0,,,,
10636,11:29.143,0,,,,
10637,11:29.177,0,,,,
10638,11:29.210,0,,,,
10639,11:29.243,0,,,,
10640,11:29.277,0,,,,
10641,11:29.310,0,,,,
10642,11:29.343,0,,,,
10643,11:29.377,0,,,,
10644,11:29.410,0,,,,
10645,11:29.445,0,,,,
10646,11:29.478,0,,,,
10647,11:29.512,0,,,,
10648,11:29.545,0,,,,
10649,11:29.578,0,,,,
10650,11:29.612,0,,,,
10651,11:29.645,0,,,,
10652,11:29.678,0,,,,
10653,11:29.712,0,,,,
10654,11:29.745,0,,,,
10655,11:29.778,0,,,,
10656,11:29.812,0,,,,
10657,11:29.845,0,,,,
10658,11:29.878,0,,,,
10659,11:29.912,0,,,,
10660,11:29.945,0,,,,
10661,11:29.978,0,,,,
10662,11:30.012,0,,,,
10663,11:30.045,0,,,,
10664,11:30.078,0,,,,
10665,11:30.112,0,,,,
10666,11:30.145,0,,,,
10667,11:30.178,0,,,,
10668,11:30.212,0,,,,
10669,11:30.245,0,,,,
10670,11:30.278,0,,,,
10671,11:30.312,0,,,,
10672,11:30.345,0,,,,
10673,11:30.378,0,,,,
10674,11:30.412,0,,,,
10675,11:30.445,0,,,,
10676,11:30.478,0,,,,
10677,11:30.512,0,,,,
10678,11:30.545,0,,,,
10679,11:30.578,0,,,,
10680,11:30.612,0,,,,
10681,11:30.645,0,,,,
10682,11:30.678,0,,,,
10683,11:30.712,0,,,,
10684,11:30.745,0,,,,
10685,11:30.778,0,,,,
10686,11:30.812,0,,,,
10687,11:30.845,0,,,,
10688,11:30.878,0,,,,
10689,11:30.912,0,,,,
10690,11:30.945,0,,,,
10691,11:30.978,0,,,,
10692,11:31.012,0,,,,
10693,11:31.045,0,,,,
10694,11:31.078,0,,,,
10695,11:31.112,0,,,,
10696,11:31.145,0,,,,
10697,11:31.178,0,,,,
10698,11:31.212,0,,,,
10699,11:31.245,0,,,,
10700,11:31.278,0,,,,
10701,11:31.312,0,,,,
10702,11:31.345,0,,,,
10703,11:31.378,0,,,,
10704,11:31.412,0,,,,
10705,11:31.445,0,,,,
10706,11:31.478,0,,,,
10707,11:31.512,0,,,,
10708,11:31.545,0,,,,
10709,11:31.578,0,,,,
10710,11:31.612,0,,,,
10711,11:31.645,0,,,,
10712,11:31.678,0,,,,
10713,11:31.712,0,,,,
10714,11:31.745,0,,,,
10715,11:31.778,0,,,,
10716,11:31.812,0,,,,
10717,11:31.845,0,,,,
10718,11:31.878,0,,,,
10719,11:31.912,0,,,,
10720,11:31.937,0,,,,
10721,11:31.953,0,,,,
10722,11:31.978,0,,,,
10723,11:32.012,0,,,,
10724,11:32.045,0,,,,
10725,11:32.078,0,,,,
10726,11:32.112,0,,,,
10727,11:32.145,0,,,,
10728,11:32.178,0,,,,
10729,11:32.212,0,,,,
10730,11:32.245,0,,,,
10731,11:32.278,0,,,,
10732,11:32.312,0,,,,
10733,11:32.345,0,,,,
10734,11:32.378,0,,,,
10735,11:32.412,0,,,,
10736,11:32.445,0,,,,
10737,11:32.478,0,,,,
10738,11:32.512,0,,,,
10739,11:32.545,0,,,,
10740,11:32.578,0,,,,
10741,11:32.612,0,,,,
10742,11:32.645,0,,,,
10743,11:32.678,0,,,,
10744,11:32.712,0,,,,
10745,11:32.745,0,,,,
10746,11:32.778,0,,,,
10747,11:32.812,0,,,,
10748,11:32.845,0,,,,
10749,11:32.878,0,,,,
10750,11:32.912,0,,,,
10751,11:32.945,0,,,,
10752,11:32.978,0,,,,
10753,11:33.012,0,,,,
10754,11:33.045,1,2232.0,599.0,2424.0,826.0
10755,11:33.078,1,2139.0,609.0,2336.0,836.0
10756,11:33.112,1,2067.0,617.0,2259.0,843.0
10757,11:33.145,1,1997.0,633.0,2186.0,849.0
10758,11:33.178,1,1941.0,647.0,2118.0,857.0
10759,11:33.212,1,1890.0,662.0,2061.0,867.0
10760,11:33.245,1,1838.0,671.0,2011.0,876.0
10761,11:33.278,1,1802.0,681.0,1968.0,884.0
10762,11:33.312,1,1771.0,695.0,1933.0,889.0
10763,11:33.345,1,1745.0,694.0,1901.0,894.0
10764,11:33.378,1,1721.0,696.0,1877.0,897.0
10765,11:33.412,1,1704.0,707.0,1861.0,900.0
10766,11:33.445,1,1686.0,704.0,1841.0,901.0
10767,11:33.478,1,1669.0,709.0,1826.0,902.0
10768,11:33.512,1,1659.0,710.0,1813.0,903.0
10769,11:33.545,1,1651.0,712.0,1803.0,900.0
10770,11:33.578,1,1645.0,711.0,1796.0,898.0
10771,11:33.612,1,1643.0,707.0,1794.0,895.0
10772,11:33.645,1,1644.0,702.0,1797.0,891.0
10773,11:33.678,1,1644.0,700.0,1802.0,889.0
10774,11:33.712,1,1647.0,699.0,1805.0,889.0
10775,11:33.747,1,1648.0,693.0,1808.0,886.0
10776,11:33.780,1,1652.0,688.0,1810.0,884.0
10777,11:33.813,1,1658.0,687.0,1817.0,882.0
10778,11:33.847,1,1671.0,677.0,1831.0,874.0
10779,11:33.880,1,1700.0,674.0,1859.0,870.0
10780,11:33.913,1,1751.0,660.0,1914.0,859.0
10781,11:33.947,1,1835.0,641.0,2003.0,846.0
10782,11:33.980,1,1944.0,620.0,2127.0,833.0
10783,11:34.013,1,2076.0,588.0,2277.0,812.0
10784,11:34.047,1,2230.0,558.0,2419.0,785.0
10785,11:34.080,0,,,,
10786,11:34.113,0,,,,
10787,11:34.147,0,,,,
10788,11:34.180,0,,,,
10789,11:34.213,0,,,,
10790,11:34.247,0,,,,
10791,11:34.280,0,,,,
10792,11:34.313,0,,,,
10793,11:34.347,0,,,,
10794,11:34.380,0,,,,
10795,11:34.413,0,,,,
10796,11:34.447,0,,,,
10797,11:34.480,0,,,,
10798,11:34.513,0,,,,
10799,11:34.547,0,,,,
10800,11:34.580,0,,,,
10801,11:34.613,0,,,,
10802,11:34.647,0,,,,
10803,11:34.680,0,,,,
10804,11:34.713,0,,,,
10805,11:34.747,0,,,,
10806,11:34.780,0,,,,
10807,11:34.813,0,,,,
10808,11:34.847,0,,,,
10809,11:34.880,0,,,,
10810,11:34.913,0,,,,
10811,11:34.947,0,,,,
10812,11:34.980,0,,,,
10813,11:35.013,0,,,,
10814,11:35.047,0,,,,
10815,11:35.080,0,,,,
10816,11:35.113,0,,,,
10817,11:35.147,0,,,,
10818,11:35.180,0,,,,
10819,11:35.213,0,,,,
10820,11:35.247,0,,,,
10821,11:35.280,0,,,,
10822,11:35.313,0,,,,
10823,11:35.347,0,,,,
10824,11:35.380,0,,,,
10825,11:35.413,0,,,,
10826,11:35.447,0,,,,
10827,11:35.480,0,,,,
10828,11:35.513,0,,,,
10829,11:35.547,0,,,,
10830,11:35.580,0,,,,
10831,11:35.613,0,,,,
10832,11:35.647,0,,,,
10833,11:35.680,0,,,,
10834,11:35.713,0,,,,
10835,11:35.747,0,,,,
10836,11:35.780,0,,,,
10837,11:35.813,0,,,,
10838,11:35.847,0,,,,
10839,11:35.880,0,,,,
10840,11:35.913,0,,,,
10841,11:35.947,0,,,,
10842,11:35.980,0,,,,
10843,11:36.013,0,,,,
10844,11:36.047,0,,,,
10845,11:36.080,0,,,,
10846,11:36.113,0,,,,
10847,11:36.147,0,,,,
10848,11:36.180,0,,,,
10849,11:36.213,0,,,,
10850,11:36.247,0,,,,
10851,11:36.280,0,,,,
10852,11:36.313,0,,,,
10853,11:36.347,0,,,,
10854,11:36.380,0,,,,
10855,11:36.413,0,,,,
10856,11:36.447,0,,,,
10857,11:36.480,0,,,,
10858,11:36.513,0,,,,
10859,11:36.547,0,,,,
10860,11:36.580,0,,,,
10861,11:36.613,0,,,,
10862,11:36.647,0,,,,
10863,11:36.680,0,,,,
10864,11:36.713,0,,,,
10865,11:36.747,0,,,,
10866,11:36.780,0,,,,
10867,11:36.813,0,,,,
10868,11:36.847,0,,,,
10869,11:36.880,0,,,,
10870,11:36.913,0,,,,
10871,11:36.947,0,,,,
10872,11:36.980,0,,,,
10873,11:37.013,0,,,,
10874,11:37.047,0,,,,
10875,11:37.080,0,,,,
10876,11:37.113,0,,,,
10877,11:37.147,0,,,,
10878,11:37.180,0,,,,
10879,11:37.213,0,,,,
10880,11:37.247,0,,,,
10881,11:37.280,0,,,,
10882,11:37.313,0,,,,
10883,11:37.347,0,,,,
10884,11:37.380,0,,,,
10885,11:37.413,0,,,,
10886,11:37.447,0,,,,
10887,11:37.480,0,,,,
10888,11:37.513,0,,,,
10889,11:37.547,0,,,,
10890,11:37.580,0,,,,
10891,11:37.613,0,,,,
10892,11:37.647,0,,,,
10893,11:37.680,0,,,,
10894,11:37.713,0,,,,
10895,11:37.747,0,,,,
10896,11:37.780,0,,,,
10897,11:37.813,0,,,,
10898,11:37.847,0,,,,
10899,11:37.880,0,,,,
10900,11:37.913,0,,,,
10901,11:37.947,0,,,,
10902,11:37.980,0,,,,
10903,11:38.015,0,,,,
10904,11:38.048,0,,,,
10905,11:38.082,0,,,,
10906,11:38.115,0,,,,
10907,11:38.148,0,,,,
10908,11:38.182,0,,,,
10909,11:38.215,0,,,,
10910,11:38.248,0,,,,
10911,11:38.282,0,,,,
10912,11:38.315,0,,,,
10913,11:38.348,0,,,,
10914,11:38.382,0,,,,
10915,11:38.415,0,,,,
10916,11:38.448,0,,,,
10917,11:38.482,0,,,,
10918,11:38.515,0,,,,
10919,11:38.548,0,,,,
10920,11:38.582,0,,,,
10921,11:38.615,0,,,,
10922,11:38.648,0,,,,
10923,11:38.682,0,,,,
10924,11:38.715,0,,,,
10925,11:38.748,0,,,,
10926,11:38.782,0,,,,
10927,11:38.815,0,,,,
10928,11:38.848,0,,,,
10929,11:38.882,0,,,,
10930,11:38.915,0,,,,
10931,11:38.948,0,,,,
10932,11:38.982,0,,,,
10933,11:39.015,0,,,,
10934,11:39.048,0,,,,
10935,11:39.082,0,,,,
10936,11:39.115,0,,,,
10937,11:39.148,0,,,,
10938,11:39.182,0,,,,
10939,11:39.215,0,,,,
10940,11:39.248,0,,,,
10941,11:39.282,0,,,,
10942,11:39.315,0,,,,
10943,11:39.348,0,,,,
10944,11:39.382,0,,,,
10945,11:39.415,0,,,,
10946,11:39.448,0,,,,
10947,11:39.482,0,,,,
10948,11:39.515,0,,,,
10949,11:39.548,0,,,,
10950,11:39.582,0,,,,
10951,11:39.615,0,,,,
10952,11:39.648,0,,,,
10953,11:39.682,0,,,,
10954,11:39.715,0,,,,
10955,11:39.748,0,,,,
10956,11:39.782,0,,,,
10957,11:39.815,0,,,,
10958,11:39.848,0,,,,
10959,11:39.882,0,,,,
10960,11:39.915,0,,,,
10961,11:39.948,0,,,,
10962,11:39.982,0,,,,
10963,11:40.015,0,,,,
10964,11:40.048,0,,,,
10965,11:40.082,0,,,,
10966,11:40.115,0,,,,
10967,11:40.148,0,,,,
10968,11:40.182,0,,,,
10969,11:40.215,0,,,,
10970,11:40.248,0,,,,
10971,11:40.282,0,,,,
10972,11:40.315,0,,,,
10973,11:40.348,0,,,,
10974,11:40.382,0,,,,
10975,11:40.415,0,,,,
10976,11:40.448,0,,,,
10977,11:40.482,0,,,,
10978,11:40.515,0,,,,
10979,11:40.548,0,,,,
10980,11:40.582,0,,,,
10981,11:40.615,0,,,,
10982,11:40.648,0,,,,
10983,11:40.682,0,,,,
10984,11:40.715,0,,,,
10985,11:40.748,0,,,,
10986,11:40.782,0,,,,
10987,11:40.815,0,,,,
10988,11:40.848,0,,,,
10989,11:40.882,0,,,,
10990,11:40.915,0,,,,
10991,11:40.948,0,,,,
10992,11:40.982,0,,,,
10993,11:41.015,0,,,,
10994,11:41.048,0,,,,
10995,11:41.082,0,,,,
10996,11:41.115,0,,,,
10997,11:41.148,0,,,,
10998,11:41.182,0,,,,
10999,11:41.215,0,,,,
11000,11:41.248,0,,,,
11001,11:41.282,0,,,,
11002,11:41.315,0,,,,
11003,11:41.348,0,,,,
11004,11:41.382,0,,,,
11005,11:41.415,0,,,,
11006,11:41.448,0,,,,
11007,11:41.482,0,,,,
11008,11:41.515,0,,,,
11009,11:41.548,0,,,,
11010,11:41.582,0,,,,
11011,11:41.615,0,,,,
11012,11:41.648,0,,,,
11013,11:41.682,0,,,,
11014,11:41.715,0,,,,
11015,11:41.748,0,,,,
11016,11:41.782,0,,,,
11017,11:41.815,0,,,,
11018,11:41.848,0,,,,
11019,11:41.882,0,,,,
11020,11:41.915,0,,,,
11021,11:41.948,0,,,,
11022,11:41.982,0,,,,
11023,11:42.015,0,,,,
11024,11:42.040,0,,,,
11025,11:42.073,0,,,,
11026,11:42.107,0,,,,
11027,11:42.140,0,,,,
11028,11:42.173,0,,,,
11029,11:42.207,0,,,,
11030,11:42.240,0,,,,
11031,11:42.275,0,,,,
11032,11:42.308,0,,,,
11033,11:42.342,0,,,,
11034,11:42.375,0,,,,
11035,11:42.408,0,,,,
11036,11:42.442,0,,,,
11037,11:42.475,0,,,,
11038,11:42.508,0,,,,
11039,11:42.542,0,,,,
11040,11:42.575,0,,,,
11041,11:42.608,0,,,,
11042,11:42.642,0,,,,
11043,11:42.675,0,,,,
11044,11:42.708,0,,,,
11045,11:42.742,0,,,,
11046,11:42.775,0,,,,
11047,11:42.808,0,,,,
11048,11:42.842,0,,,,
11049,11:42.875,0,,,,
11050,11:42.908,0,,,,
11051,11:42.942,0,,,,
11052,11:42.975,0,,,,
11053,11:43.008,0,,,,
11054,11:43.042,0,,,,
11055,11:43.075,0,,,,
11056,11:43.108,0,,,,
11057,11:43.142,0,,,,
11058,11:43.175,0,,,,
11059,11:43.208,0,,,,
11060,11:43.242,0,,,,
11061,11:43.275,0,,,,
11062,11:43.308,0,,,,
11063,11:43.342,0,,,,
11064,11:43.375,0,,,,
11065,11:43.408,0,,,,
11066,11:43.442,0,,,,
11067,11:43.475,0,,,,
11068,11:43.508,0,,,,
11069,11:43.542,0,,,,
11070,11:43.575,0,,,,
11071,11:43.608,0,,,,
11072,11:43.642,0,,,,
11073,11:43.675,0,,,,
11074,11:43.708,0,,,,
11075,11:43.742,0,,,,
11076,11:43.775,0,,,,
11077,11:43.808,0,,,,
11078,11:43.842,0,,,,
11079,11:43.875,0,,,,
11080,11:43.908,0,,,,
11081,11:43.942,0,,,,
11082,11:43.975,0,,,,
11083,11:44.008,0,,,,
11084,11:44.042,0,,,,
11085,11:44.075,0,,,,
11086,11:44.108,0,,,,
11087,11:44.142,0,,,,
11088,11:44.175,0,,,,
11089,11:44.208,0,,,,
11090,11:44.242,0,,,,
11091,11:44.275,0,,,,
11092,11:44.308,0,,,,
11093,11:44.342,0,,,,
11094,11:44.375,0,,,,
11095,11:44.408,0,,,,
11096,11:44.442,0,,,,
11097,11:44.475,0,,,,
11098,11:44.508,0,,,,
11099,11:44.542,0,,,,
11100,11:44.575,0,,,,
11101,11:44.608,0,,,,
11102,11:44.642,0,,,,
11103,11:44.675,0,,,,
11104,11:44.708,0,,,,
11105,11:44.742,0,,,,
11106,11:44.775,0,,,,
11107,11:44.808,0,,,,
11108,11:44.842,0,,,,
11109,11:44.875,0,,,,
11110,11:44.908,0,,,,
11111,11:44.942,0,,,,
11112,11:44.975,0,,,,
11113,11:45.008,0,,,,
11114,11:45.042,0,,,,
11115,11:45.075,0,,,,
11116,11:45.108,0,,,,
11117,11:45.142,0,,,,
11118,11:45.175,0,,,,
11119,11:45.208,0,,,,
11120,11:45.242,0,,,,
11121,11:45.275,0,,,,
11122,11:45.308,0,,,,
11123,11:45.342,0,,,,
11124,11:45.375,0,,,,
11125,11:45.408,0,,,,
11126,11:45.442,0,,,,
11127,11:45.475,0,,,,
11128,11:45.508,0,,,,
11129,11:45.542,0,,,,
11130,11:45.575,0,,,,
11131,11:45.608,0,,,,
11132,11:45.642,0,,,,
11133,11:45.675,0,,,,
11134,11:45.708,0,,,,
11135,11:45.742,0,,,,
11136,11:45.775,0,,,,
11137,11:45.808,0,,,,
11138,11:45.842,0,,,,
11139,11:45.875,0,,,,
11140,11:45.908,0,,,,
11141,11:45.942,0,,,,
11142,11:45.975,0,,,,
11143,11:46.008,0,,,,
11144,11:46.042,0,,,,
11145,11:46.075,0,,,,
11146,11:46.108,0,,,,
11147,11:46.142,0,,,,
11148,11:46.175,0,,,,
11149,11:46.208,0,,,,
11150,11:46.242,0,,,,
11151,11:46.275,0,,,,
11152,11:46.308,0,,,,
11153,11:46.342,0,,,,
11154,11:46.375,0,,,,
11155,11:46.408,0,,,,
11156,11:46.442,0,,,,
11157,11:46.475,0,,,,
11158,11:46.508,0,,,,
11159,11:46.543,0,,,,
11160,11:46.577,0,,,,
11161,11:46.610,0,,,,
11162,11:46.643,0,,,,
11163,11:46.677,0,,,,
11164,11:46.710,0,,,,
11165,11:46.743,0,,,,
11166,11:46.777,0,,,,
11167,11:46.810,0,,,,
11168,11:46.843,0,,,,
11169,11:46.877,0,,,,
11170,11:46.910,0,,,,
11171,11:46.943,0,,,,
11172,11:46.977,0,,,,
11173,11:47.010,0,,,,
11174,11:47.043,0,,,,
11175,11:47.077,0,,,,
11176,11:47.110,0,,,,
11177,11:47.143,0,,,,
11178,11:47.177,0,,,,
11179,11:47.210,0,,,,
11180,11:47.243,0,,,,
11181,11:47.277,0,,,,
11188,11:47.510,0,,,,
11203,11:48.010,0,,,,
11218,11:48.510,0,,,,
11233,11:49.010,0,,,,
11248,11:49.510,0,,,,
11263,11:50.010,0,,,,
11278,11:50.510,0,,,,
11293,11:51.012,0,,,,
11308,11:51.512,0,,,,
11323,11:52.012,0,,,,
11338,11:52.512,0,,,,
11353,11:53.012,0,,,,
11368,11:53.512,0,,,,
11383,11:54.012,0,,,,
11398,11:54.512,0,,,,
11413,11:55.012,1,2304.0,773.0,2455.0,985.0
11429,11:55.522,0,,,,
11443,11:56.013,1,1835.0,650.0,2013.0,860.0
11458,11:56.513,1,1346.0,656.0,1494.0,844.0
11473,11:57.013,1,1390.0,629.0,1542.0,838.0
11488,11:57.513,1,1365.0,618.0,1520.0,821.0
11503,11:58.013,1,1470.0,668.0,1622.0,871.0
11518,11:58.513,1,1456.0,637.0,1612.0,835.0
11533,11:59.013,1,1418.0,637.0,1570.0,844.0
11548,11:59.515,1,1421.0,653.0,1575.0,856.0
11563,12:00.015,1,1452.0,638.0,1608.0,837.0
11579,12:00.515,1,1465.0,597.0,1619.0,797.0
11594,12:01.015,1,1473.0,570.0,1631.0,775.0
11609,12:01.515,1,1491.0,497.0,1652.0,710.0
11624,12:02.015,1,1495.0,503.0,1654.0,711.0
11639,12:02.515,1,1308.0,725.0,1458.0,924.0
11654,12:03.007,1,1343.0,794.0,1494.0,991.0
11669,12:03.507,1,1378.0,764.0,1529.0,964.0
11684,12:04.008,1,1391.0,741.0,1543.0,959.0
11699,12:04.508,1,1416.0,717.0,1564.0,933.0
11714,12:05.008,1,1420.0,685.0,1573.0,886.0
11729,12:05.508,1,1434.0,661.0,1583.0,864.0
11744,12:06.008,1,1446.0,643.0,1597.0,849.0
11759,12:06.508,1,1455.0,623.0,1608.0,825.0
11774,12:07.008,1,1462.0,615.0,1616.0,819.0
11789,12:07.508,1,1504.0,650.0,1660.0,857.0
11804,12:08.010,1,1510.0,667.0,1666.0,874.0
11819,12:08.510,1,1499.0,651.0,1653.0,857.0
11834,12:09.010,1,1407.0,679.0,1558.0,881.0
11849,12:09.510,1,1382.0,684.0,1532.0,888.0
11864,12:10.010,1,1399.0,687.0,1548.0,892.0
11879,12:10.510,1,1397.0,661.0,1548.0,867.0
11894,12:11.010,1,1394.0,661.0,1545.0,864.0
11909,12:11.510,1,1404.0,668.0,1556.0,872.0
11924,12:12.010,1,1496.0,728.0,1654.0,939.0
11939,12:12.512,1,1506.0,705.0,1663.0,918.0
11954,12:13.012,1,1490.0,682.0,1646.0,892.0
11969,12:13.512,1,1494.0,682.0,1650.0,889.0
11984,12:14.012,1,1520.0,678.0,1674.0,885.0
11999,12:14.512,1,1522.0,662.0,1679.0,867.0
12014,12:15.012,1,1519.0,665.0,1675.0,866.0
12029,12:15.512,1,1522.0,687.0,1680.0,891.0
12044,12:16.012,1,1609.0,700.0,1774.0,910.0
12059,12:16.513,1,1630.0,647.0,1797.0,859.0
12074,12:17.013,1,1629.0,657.0,1796.0,871.0
12089,12:17.513,1,1637.0,707.0,1810.0,927.0
12104,12:18.013,1,1444.0,677.0,1597.0,881.0
12119,12:18.513,1,1430.0,772.0,1588.0,979.0
12134,12:19.013,1,1366.0,734.0,1523.0,945.0
12149,12:19.513,1,1397.0,741.0,1553.0,949.0
12164,12:20.013,1,1326.0,819.0,1477.0,1024.0
12179,12:20.513,1,1351.0,786.0,1504.0,988.0
12194,12:21.015,1,1344.0,745.0,1496.0,945.0
12209,12:21.515,1,1372.0,680.0,1525.0,885.0
12224,12:22.015,1,1498.0,737.0,1659.0,952.0
12239,12:22.515,1,1447.0,764.0,1602.0,969.0
12254,12:23.007,1,1403.0,766.0,1561.0,973.0
12269,12:23.507,1,1412.0,767.0,1566.0,975.0
12284,12:24.007,1,1429.0,738.0,1586.0,947.0
12299,12:24.507,1,1438.0,705.0,1596.0,908.0
12314,12:25.007,1,1459.0,771.0,1615.0,976.0
12329,12:25.508,1,1481.0,761.0,1645.0,974.0
12344,12:26.008,1,1456.0,711.0,1614.0,920.0
12359,12:26.508,1,1312.0,778.0,1465.0,981.0
12374,12:27.008,1,1272.0,826.0,1422.0,1032.0
12389,12:27.508,1,1272.0,751.0,1425.0,961.0
12404,12:28.008,1,1296.0,758.0,1446.0,965.0
12419,12:28.508,1,1417.0,679.0,1575.0,890.0
12434,12:29.008,1,1517.0,721.0,1678.0,935.0
12449,12:29.510,1,1543.0,752.0,1704.0,964.0
12464,12:30.010,1,1501.0,735.0,1659.0,953.0
12479,12:30.510,1,1510.0,727.0,1669.0,936.0
12494,12:31.010,1,1526.0,636.0,1689.0,846.0
12509,12:31.510,1,1483.0,710.0,1644.0,920.0
12524,12:32.010,1,1446.0,709.0,1601.0,915.0
12539,12:32.510,1,1358.0,712.0,1512.0,914.0
12554,12:33.010,1,1261.0,754.0,1413.0,963.0
12569,12:33.510,1,1295.0,714.0,1446.0,927.0
12584,12:34.012,1,1319.0,715.0,1472.0,919.0
12599,12:34.512,1,1349.0,715.0,1503.0,925.0
12614,12:35.012,1,1332.0,708.0,1485.0,915.0
12629,12:35.512,1,1385.0,690.0,1537.0,902.0
12644,12:36.012,1,1504.0,664.0,1661.0,873.0
12659,12:36.512,1,1567.0,621.0,1729.0,841.0
12674,12:37.012,1,1585.0,605.0,1750.0,825.0
12689,12:37.512,1,1567.0,624.0,1729.0,838.0
12704,12:38.013,1,1559.0,633.0,1721.0,847.0
12719,12:38.513,1,1565.0,643.0,1725.0,855.0
12734,12:39.013,1,1568.0,638.0,1731.0,848.0
12749,12:39.513,1,1576.0,631.0,1739.0,835.0
12764,12:40.013,1,1578.0,607.0,1746.0,823.0
12779,12:40.513,1,1584.0,602.0,1751.0,823.0
12794,12:41.013,1,1590.0,597.0,1756.0,811.0
12809,12:41.513,1,1592.0,593.0,1756.0,808.0
12824,12:42.013,1,1595.0,585.0,1761.0,795.0
12839,12:42.515,1,1597.0,580.0,1763.0,792.0
12854,12:43.015,1,1579.0,578.0,1745.0,789.0
12869,12:43.515,1,1544.0,649.0,1707.0,857.0
12884,12:44.007,1,1618.0,777.0,1780.0,992.0
12899,12:44.507,1,1360.0,788.0,1512.0,991.0
12914,12:45.007,1,1343.0,791.0,1493.0,990.0
12929,12:45.507,1,1325.0,835.0,1476.0,1039.0
12944,12:46.007,1,1301.0,739.0,1455.0,947.0
12959,12:46.508,1,1360.0,711.0,1513.0,922.0
12974,12:47.008,1,1397.0,686.0,1550.0,890.0
12989,12:47.508,1,1423.0,663.0,1576.0,877.0
13004,12:48.008,1,1465.0,644.0,1622.0,852.0
13019,12:48.508,1,1454.0,660.0,1609.0,861.0
13034,12:49.008,1,1434.0,657.0,1586.0,861.0
13049,12:49.508,1,1424.0,605.0,1577.0,821.0
13064,12:50.008,1,1429.0,602.0,1582.0,818.0
13079,12:50.508,1,1440.0,582.0,1592.0,784.0
13094,12:51.010,1,1441.0,579.0,1596.0,782.0
13109,12:51.510,1,1434.0,585.0,1590.0,789.0
13124,12:52.010,1,1373.0,646.0,1524.0,845.0
13139,12:52.510,1,1327.0,779.0,1474.0,980.0
13154,12:53.010,1,1333.0,778.0,1481.0,981.0
13169,12:53.510,1,1338.0,779.0,1485.0,976.0
13184,12:54.010,1,1348.0,779.0,1497.0,976.0
13199,12:54.510,1,1364.0,779.0,1514.0,980.0
13214,12:55.012,1,1369.0,752.0,1521.0,953.0
13229,12:55.512,1,1372.0,734.0,1525.0,944.0
13244,12:56.012,1,1377.0,736.0,1526.0,945.0
13259,12:56.512,1,1382.0,731.0,1535.0,939.0
13274,12:57.012,1,1393.0,734.0,1545.0,936.0
13289,12:57.512,1,1387.0,726.0,1541.0,925.0
13304,12:58.012,1,1382.0,714.0,1533.0,917.0
13319,12:58.512,1,1393.0,706.0,1547.0,906.0
13334,12:59.012,1,1387.0,702.0,1533.0,900.0
13349,12:59.513,1,1387.0,705.0,1538.0,903.0
13364,13:00.013,1,1354.0,829.0,1503.0,1028.0
13379,13:00.513,1,1329.0,811.0,1480.0,1016.0
13394,13:01.013,1,1335.0,757.0,1485.0,958.0
13409,13:01.513,1,1330.0,756.0,1479.0,958.0
13424,13:02.013,1,1335.0,758.0,1484.0,962.0
13439,13:02.513,1,1340.0,744.0,1487.0,948.0
13454,13:03.013,1,1335.0,769.0,1483.0,975.0
13469,13:03.515,1,1347.0,738.0,1498.0,939.0
13484,13:04.015,1,1356.0,719.0,1510.0,915.0
13499,13:04.507,1,1372.0,716.0,1524.0,914.0
13514,13:05.007,1,1369.0,719.0,1520.0,915.0
13529,13:05.507,1,1368.0,720.0,1518.0,919.0
13544,13:06.007,1,1366.0,705.0,1521.0,907.0
13559,13:06.507,1,1372.0,696.0,1526.0,895.0
13574,13:07.007,1,1375.0,697.0,1528.0,898.0
13589,13:07.507,1,1374.0,684.0,1528.0,888.0
13604,13:08.008,1,1373.0,687.0,1527.0,890.0
13619,13:08.508,1,1376.0,689.0,1529.0,892.0
13634,13:09.008,1,1500.0,738.0,1653.0,948.0
13649,13:09.508,1,1487.0,749.0,1647.0,961.0
13664,13:10.008,1,1496.0,864.0,1656.0,1086.0
13679,13:10.508,1,1526.0,817.0,1699.0,1045.0
13694,13:11.008,1,1608.0,730.0,1781.0,959.0
13709,13:11.508,1,1527.0,629.0,1691.0,842.0
13724,13:12.008,1,1471.0,556.0,1629.0,760.0
13739,13:12.510,1,1277.0,677.0,1427.0,881.0
13754,13:13.010,1,1238.0,745.0,1391.0,950.0
13769,13:13.510,1,1251.0,706.0,1403.0,908.0
13784,13:14.010,1,1260.0,657.0,1411.0,864.0
13799,13:14.510,1,1249.0,695.0,1399.0,899.0
13814,13:15.010,1,1264.0,715.0,1410.0,914.0
13829,13:15.510,1,1307.0,731.0,1457.0,941.0
13844,13:16.010,1,1301.0,731.0,1452.0,940.0
13859,13:16.512,1,1300.0,719.0,1447.0,928.0
13874,13:17.012,1,1312.0,724.0,1463.0,925.0
13889,13:17.512,1,1318.0,719.0,1470.0,923.0
13904,13:18.012,1,1316.0,825.0,1466.0,1023.0
13919,13:18.512,1,1352.0,783.0,1500.0,982.0
13934,13:19.012,1,1324.0,717.0,1476.0,922.0
13949,13:19.512,1,1330.0,728.0,1484.0,929.0
13964,13:20.012,1,1343.0,701.0,1499.0,899.0
13979,13:20.512,1,1327.0,730.0,1482.0,936.0
13994,13:21.013,1,1475.0,682.0,1635.0,895.0
14009,13:21.513,1,1464.0,710.0,1622.0,912.0
14024,13:22.013,1,1499.0,723.0,1655.0,932.0
14039,13:22.513,1,1525.0,703.0,1685.0,912.0
14054,13:23.013,1,1535.0,678.0,1695.0,887.0
14069,13:23.513,1,1530.0,637.0,1692.0,849.0
14084,13:24.013,1,1532.0,637.0,1694.0,849.0
14099,13:24.505,1,1529.0,557.0,1694.0,772.0
14114,13:25.007,1,1559.0,478.0,1728.0,705.0
14129,13:25.507,1,1572.0,502.0,1740.0,723.0
14144,13:26.007,1,1595.0,525.0,1764.0,740.0
14159,13:26.507,1,1617.0,546.0,1785.0,763.0
14174,13:27.007,1,1680.0,701.0,1851.0,922.0
14189,13:27.507,1,1769.0,722.0,1949.0,950.0
14204,13:28.007,1,2134.0,696.0,2363.0,934.0
14219,13:28.507,1,1394.0,743.0,1548.0,952.0
14234,13:29.007,1,1451.0,771.0,1604.0,975.0
14249,13:29.508,1,1441.0,717.0,1594.0,931.0
14264,13:30.008,1,1434.0,717.0,1588.0,915.0
14279,13:30.508,1,1437.0,713.0,1589.0,916.0
14294,13:31.008,1,1433.0,713.0,1587.0,915.0
14309,13:31.508,1,1427.0,697.0,1581.0,902.0
14324,13:32.008,1,1434.0,698.0,1585.0,899.0
14339,13:32.508,1,1437.0,711.0,1590.0,912.0
14354,13:33.008,1,1450.0,711.0,1602.0,911.0
14369,13:33.510,1,1624.0,698.0,1789.0,917.0
14384,13:34.010,1,1591.0,698.0,1757.0,914.0
14399,13:34.510,1,1579.0,701.0,1742.0,914.0
14414,13:35.010,1,1624.0,667.0,1788.0,879.0
14429,13:35.510,1,2138.0,636.0,2366.0,883.0
14444,13:36.010,1,1991.0,796.0,2196.0,1026.0
14459,13:36.510,1,1941.0,744.0,2137.0,970.0
14474,13:37.010,1,1973.0,674.0,2180.0,909.0
14489,13:37.510,1,1875.0,718.0,2067.0,945.0
14504,13:38.012,1,1241.0,825.0,1392.0,1027.0
14519,13:38.512,1,1293.0,907.0,1439.0,1109.0
14534,13:39.012,1,1361.0,851.0,1511.0,1055.0
14549,13:39.512,1,1391.0,857.0,1541.0,1063.0
14564,13:40.012,1,1404.0,827.0,1558.0,1033.0
14579,13:40.512,1,1410.0,801.0,1561.0,1008.0
14594,13:41.012,1,1406.0,786.0,1555.0,992.0
14609,13:41.512,1,1412.0,778.0,1563.0,981.0
14624,13:42.013,1,1617.0,829.0,1779.0,1040.0
14639,13:42.513,1,1587.0,855.0,1753.0,1068.0
14654,13:43.013,1,1600.0,835.0,1764.0,1049.0
14669,13:43.513,1,1615.0,794.0,1780.0,1010.0
14684,13:44.013,1,1693.0,790.0,1865.0,1012.0
14699,13:44.513,1,1529.0,740.0,1692.0,952.0
14714,13:45.005,1,1489.0,719.0,1645.0,923.0
14729,13:45.505,1,1446.0,734.0,1600.0,943.0
14744,13:46.005,1,1405.0,702.0,1559.0,910.0
14759,13:46.507,1,1453.0,701.0,1606.0,904.0
14774,13:47.007,1,1601.0,1011.0,1770.0,1243.0
14789,13:47.507,1,1633.0,1124.0,1817.0,1378.0
14804,13:48.007,1,1624.0,895.0,1794.0,1125.0
14819,13:48.507,1,1518.0,1145.0,1683.0,1382.0
14834,13:49.007,1,1456.0,908.0,1612.0,1115.0
14849,13:49.507,1,1351.0,861.0,1505.0,1065.0
14864,13:50.007,1,1342.0,769.0,1489.0,968.0
14879,13:50.507,1,1400.0,768.0,1554.0,973.0
14894,13:51.008,1,1424.0,763.0,1579.0,970.0
14909,13:51.508,1,1447.0,753.0,1599.0,957.0
14924,13:52.008,1,1431.0,721.0,1585.0,925.0
14939,13:52.508,1,1456.0,706.0,1609.0,910.0
14954,13:53.008,1,1503.0,692.0,1655.0,901.0
14969,13:53.508,1,1509.0,686.0,1664.0,898.0
14984,13:54.008,1,1512.0,690.0,1668.0,896.0
14999,13:54.508,1,1499.0,678.0,1656.0,897.0
15014,13:55.010,1,1501.0,670.0,1657.0,882.0
15029,13:55.510,1,1498.0,668.0,1655.0,875.0
15044,13:56.010,1,1500.0,667.0,1657.0,878.0
15059,13:56.510,1,1492.0,665.0,1650.0,872.0
15074,13:57.010,1,1490.0,669.0,1648.0,873.0
15089,13:57.510,1,1446.0,834.0,1604.0,1048.0
15104,13:58.010,1,1403.0,839.0,1558.0,1053.0
15119,13:58.510,1,1300.0,854.0,1453.0,1073.0
15134,13:59.010,1,1270.0,829.0,1420.0,1037.0
15149,13:59.512,1,1318.0,846.0,1469.0,1066.0
15164,14:00.012,1,1307.0,779.0,1458.0,983.0
15179,14:00.512,1,1296.0,729.0,1446.0,941.0
15194,14:01.012,1,1313.0,717.0,1464.0,925.0
15209,14:01.512,1,1326.0,702.0,1474.0,909.0
15224,14:02.012,1,1386.0,767.0,1538.0,974.0
15239,14:02.512,1,1395.0,737.0,1546.0,945.0
15254,14:03.012,1,1394.0,743.0,1546.0,948.0
15269,14:03.513,1,1409.0,730.0,1564.0,943.0
15284,14:04.013,1,1392.0,731.0,1542.0,944.0
15299,14:04.513,1,1394.0,754.0,1544.0,956.0
15314,14:05.013,1,1405.0,773.0,1555.0,982.0
15329,14:05.505,1,1439.0,714.0,1593.0,924.0
15344,14:06.005,1,1482.0,690.0,1641.0,898.0
15359,14:06.505,1,1488.0,745.0,1645.0,960.0
15374,14:07.005,1,1506.0,803.0,1662.0,1018.0
15389,14:07.505,1,1592.0,750.0,1756.0,962.0
15404,14:08.007,1,1509.0,742.0,1667.0,956.0
15419,14:08.507,1,1312.0,756.0,1459.0,961.0
15434,14:09.007,1,1335.0,764.0,1482.0,969.0
15449,14:09.507,1,1371.0,709.0,1525.0,913.0
15464,14:10.007,1,1376.0,665.0,1524.0,866.0
15479,14:10.507,1,1333.0,664.0,1485.0,867.0
15494,14:11.007,1,1350.0,676.0,1504.0,881.0
15509,14:11.507,1,1354.0,679.0,1506.0,880.0
15524,14:12.008,1,1387.0,689.0,1539.0,895.0
15539,14:12.508,1,1384.0,660.0,1534.0,861.0
15554,14:13.008,1,1495.0,662.0,1652.0,868.0
15569,14:13.508,1,1544.0,609.0,1705.0,827.0
15584,14:14.008,1,1550.0,610.0,1708.0,825.0
15599,14:14.508,1,1417.0,642.0,1568.0,847.0
15614,14:15.008,1,1325.0,708.0,1471.0,908.0
15629,14:15.508,1,1289.0,731.0,1435.0,930.0
15644,14:16.008,1,1292.0,762.0,1438.0,967.0
15659,14:16.510,1,1315.0,719.0,1463.0,920.0
15674,14:17.010,1,1331.0,723.0,1478.0,925.0
15689,14:17.510,1,1385.0,701.0,1533.0,902.0
15704,14:18.010,1,1388.0,708.0,1539.0,903.0
15719,14:18.510,1,1364.0,722.0,1517.0,914.0
15734,14:19.010,1,1364.0,714.0,1519.0,905.0
15749,14:19.510,1,1362.0,704.0,1516.0,899.0
15764,14:20.010,1,1357.0,697.0,1510.0,893.0
15779,14:20.512,1,1360.0,700.0,1512.0,888.0
15794,14:21.012,1,1372.0,694.0,1526.0,888.0
15809,14:21.512,1,1375.0,693.0,1527.0,890.0
15824,14:22.012,1,1368.0,693.0,1521.0,889.0
15839,14:22.512,1,1363.0,688.0,1515.0,884.0
15854,14:23.012,1,1367.0,687.0,1517.0,884.0
15869,14:23.512,1,1374.0,677.0,1523.0,880.0
15884,14:24.012,1,1393.0,670.0,1543.0,866.0
15899,14:24.512,1,1354.0,677.0,1503.0,873.0
15914,14:25.013,1,1371.0,703.0,1522.0,896.0
15929,14:25.513,1,1673.0,892.0,1838.0,1111.0
15944,14:26.005,1,1642.0,915.0,1806.0,1128.0
15959,14:26.505,1,1630.0,924.0,1794.0,1153.0
15974,14:27.005,1,1673.0,954.0,1839.0,1181.0
15989,14:27.505,1,1669.0,827.0,1835.0,1046.0
16004,14:28.005,1,1660.0,783.0,1825.0,993.0
16019,14:28.505,1,1721.0,730.0,1892.0,954.0
16034,14:29.007,1,1716.0,705.0,1884.0,922.0
16049,14:29.507,1,1731.0,696.0,1903.0,916.0
16064,14:30.007,1,1732.0,678.0,1901.0,898.0
16079,14:30.507,1,1679.0,696.0,1844.0,917.0
16094,14:31.007,1,1520.0,730.0,1675.0,943.0
16109,14:31.507,1,1546.0,708.0,1704.0,912.0
16124,14:32.007,1,1547.0,662.0,1702.0,872.0
16139,14:32.507,1,1419.0,678.0,1567.0,877.0
16154,14:33.007,1,1370.0,741.0,1520.0,948.0
16169,14:33.508,1,1344.0,705.0,1493.0,905.0
16184,14:34.008,1,1348.0,712.0,1496.0,910.0
16199,14:34.508,1,1359.0,727.0,1506.0,928.0
16214,14:35.008,1,1376.0,695.0,1523.0,892.0
16229,14:35.508,1,1376.0,657.0,1526.0,855.0
16244,14:36.008,1,1438.0,690.0,1590.0,891.0
16259,14:36.508,1,1421.0,716.0,1573.0,927.0
16274,14:37.008,1,1528.0,721.0,1685.0,928.0
16289,14:37.508,1,1667.0,743.0,1836.0,958.0
16304,14:38.010,1,1775.0,700.0,1951.0,906.0
16319,14:38.510,1,1751.0,661.0,1925.0,881.0
16334,14:39.010,1,1501.0,738.0,1656.0,944.0
16349,14:39.510,1,1349.0,701.0,1498.0,900.0
16364,14:40.010,1,1347.0,712.0,1494.0,909.0
16379,14:40.510,1,1337.0,671.0,1485.0,871.0
16394,14:41.010,1,1384.0,686.0,1531.0,889.0
16409,14:41.510,1,1426.0,665.0,1575.0,870.0
16424,14:42.012,1,1444.0,649.0,1594.0,852.0
16439,14:42.512,1,1415.0,656.0,1566.0,858.0
16454,14:43.012,1,1389.0,681.0,1537.0,882.0
16469,14:43.512,1,1387.0,688.0,1534.0,885.0
16484,14:44.012,1,1411.0,691.0,1571.0,887.0
16499,14:44.512,1,1395.0,697.0,1547.0,896.0
16514,14:45.012,1,1402.0,701.0,1553.0,899.0
16529,14:45.512,1,1403.0,707.0,1552.0,903.0
16544,14:46.003,1,1399.0,689.0,1548.0,899.0
16559,14:46.505,1,1396.0,679.0,1544.0,879.0
16574,14:47.005,1,1392.0,681.0,1537.0,883.0
16589,14:47.505,1,1423.0,721.0,1573.0,929.0
16604,14:48.005,1,1502.0,803.0,1653.0,1005.0
16619,14:48.505,1,1512.0,842.0,1666.0,1053.0
16634,14:49.005,1,1436.0,776.0,1587.0,982.0
16649,14:49.505,1,1449.0,744.0,1601.0,951.0
16664,14:50.005,1,1658.0,775.0,1821.0,987.0
16679,14:50.507,1,1720.0,649.0,1886.0,858.0
16694,14:51.007,1,1728.0,679.0,1895.0,897.0
16709,14:51.507,1,1740.0,661.0,1907.0,874.0
16724,14:52.007,1,1727.0,694.0,1896.0,910.0
16739,14:52.507,1,1717.0,724.0,1883.0,941.0
16754,14:53.007,1,1726.0,713.0,1893.0,926.0
16769,14:53.507,1,1715.0,703.0,1884.0,918.0
16784,14:54.007,1,1708.0,658.0,1872.0,860.0
16799,14:54.507,1,1602.0,686.0,1761.0,895.0
16814,14:55.008,1,1346.0,707.0,1496.0,908.0
16829,14:55.508,1,1332.0,664.0,1479.0,859.0
16844,14:56.008,1,1331.0,680.0,1475.0,883.0
16859,14:56.508,1,1343.0,682.0,1489.0,878.0
16874,14:57.008,1,1349.0,693.0,1497.0,887.0
16889,14:57.508,1,1362.0,699.0,1513.0,897.0
16904,14:58.008,1,1381.0,699.0,1527.0,899.0
16919,14:58.508,1,1367.0,707.0,1517.0,905.0
16934,14:59.010,1,1368.0,701.0,1517.0,900.0
16949,14:59.510,1,1387.0,702.0,1533.0,900.0
16964,15:00.010,1,1412.0,711.0,1563.0,910.0
16979,15:00.510,1,1462.0,715.0,1615.0,913.0
16994,15:01.010,1,1479.0,729.0,1631.0,932.0
17009,15:01.510,1,1508.0,714.0,1663.0,916.0
17024,15:02.010,1,1530.0,681.0,1686.0,882.0
17039,15:02.510,1,1523.0,683.0,1678.0,884.0
17054,15:03.010,1,1541.0,587.0,1700.0,791.0
17069,15:03.512,1,1302.0,663.0,1450.0,866.0
17084,15:04.012,1,1544.0,667.0,1699.0,870.0
17099,15:04.512,1,1435.0,695.0,1587.0,891.0
17114,15:05.012,1,1415.0,609.0,1567.0,818.0
17129,15:05.512,1,1407.0,637.0,1558.0,841.0
17144,15:06.012,1,1403.0,672.0,1551.0,870.0
17159,15:06.512,1,1406.0,706.0,1555.0,902.0
17174,15:07.003,1,1383.0,687.0,1531.0,891.0
17189,15:07.505,1,1381.0,682.0,1531.0,882.0
17204,15:08.005,1,1391.0,685.0,1539.0,886.0
17219,15:08.505,1,1395.0,685.0,1543.0,883.0
17234,15:09.005,1,1413.0,627.0,1566.0,837.0
17249,15:09.505,1,1400.0,660.0,1551.0,858.0
17264,15:10.005,1,1402.0,660.0,1552.0,863.0
17279,15:10.505,1,1408.0,671.0,1557.0,876.0
17294,15:11.005,1,1406.0,686.0,1556.0,882.0
17309,15:11.505,1,1413.0,686.0,1563.0,882.0
17324,15:12.007,1,1418.0,701.0,1570.0,905.0
17339,15:12.507,1,1412.0,695.0,1562.0,894.0
17354,15:13.007,1,1432.0,686.0,1583.0,885.0
17369,15:13.507,1,1477.0,705.0,1630.0,908.0
17384,15:14.007,1,1578.0,758.0,1737.0,968.0
17399,15:14.507,1,1550.0,773.0,1705.0,979.0
17414,15:15.007,1,1474.0,736.0,1627.0,935.0
17429,15:15.507,1,1444.0,714.0,1593.0,913.0
17444,15:16.007,1,1441.0,712.0,1593.0,918.0
17459,15:16.508,1,1430.0,678.0,1582.0,886.0
17474,15:17.008,1,1447.0,694.0,1597.0,892.0
17489,15:17.508,1,1447.0,683.0,1597.0,885.0
17504,15:18.008,1,1441.0,682.0,1589.0,882.0
17519,15:18.508,1,1420.0,656.0,1570.0,863.0
17534,15:19.008,1,1395.0,674.0,1545.0,875.0
17549,15:19.508,1,1403.0,688.0,1551.0,891.0
17564,15:20.008,1,1401.0,684.0,1550.0,883.0
17579,15:20.510,1,1385.0,695.0,1531.0,895.0
17594,15:21.010,1,1395.0,693.0,1544.0,897.0
17609,15:21.510,1,1397.0,686.0,1547.0,891.0
17624,15:22.010,1,1425.0,670.0,1575.0,878.0
17639,15:22.510,1,1482.0,685.0,1634.0,890.0
17654,15:23.010,1,1487.0,715.0,1639.0,921.0
17669,15:23.510,1,1394.0,793.0,1544.0,996.0
17684,15:24.010,1,1443.0,734.0,1595.0,940.0
17699,15:24.510,1,1315.0,719.0,1468.0,921.0
17714,15:25.012,1,1471.0,580.0,1623.0,780.0
17729,15:25.512,1,1399.0,680.0,1548.0,880.0
17744,15:26.012,1,1418.0,826.0,1571.0,1036.0
17759,15:26.512,1,1693.0,1183.0,1870.0,1439.0
17774,15:27.012,1,1670.0,871.0,1839.0,1096.0
17789,15:27.503,1,1360.0,614.0,1514.0,825.0
17804,15:28.003,1,1404.0,642.0,1558.0,848.0
17819,15:28.503,1,1424.0,809.0,1577.0,1023.0
17834,15:29.005,1,1263.0,683.0,1409.0,886.0
17849,15:29.505,1,1303.0,687.0,1451.0,888.0
17864,15:30.005,1,1289.0,676.0,1435.0,877.0
17879,15:30.505,1,1341.0,715.0,1490.0,914.0
17894,15:31.005,1,1332.0,688.0,1477.0,885.0
17909,15:31.505,1,1511.0,691.0,1667.0,898.0
17924,15:32.005,1,1828.0,758.0,2005.0,975.0
17939,15:32.505,1,1852.0,692.0,2034.0,919.0
17954,15:33.005,1,1873.0,617.0,2060.0,839.0
17969,15:33.507,1,1836.0,593.0,2015.0,823.0
17984,15:34.007,1,1889.0,587.0,2079.0,815.0
17999,15:34.507,1,1945.0,563.0,2123.0,791.0
18014,15:35.007,1,1957.0,545.0,2132.0,770.0
18029,15:35.507,1,1876.0,562.0,2063.0,791.0
18044,15:36.007,1,1519.0,680.0,1675.0,888.0
18059,15:36.507,1,1250.0,759.0,1400.0,960.0
18074,15:37.007,1,1256.0,742.0,1406.0,948.0
18089,15:37.508,1,1448.0,853.0,1601.0,1064.0
18104,15:38.008,1,1988.0,946.0,2190.0,1177.0
18119,15:38.508,0,,,,
18134,15:39.008,0,,,,
18149,15:39.508,0,,,,
18164,15:40.008,0,,,,
18179,15:40.508,1,1568.0,923.0,1723.0,1131.0
18194,15:41.008,1,552.0,891.0,718.0,1107.0
18209,15:41.508,1,18.0,952.0,243.0,1216.0
18224,15:42.010,1,593.0,867.0,761.0,1089.0
18239,15:42.510,1,1493.0,800.0,1648.0,1015.0
18254,15:43.010,1,1665.0,901.0,1831.0,1119.0
18269,15:43.510,1,1646.0,865.0,1813.0,1086.0
18284,15:44.010,1,1444.0,743.0,1599.0,958.0
18299,15:44.510,1,1842.0,734.0,2034.0,964.0
18314,15:45.010,1,1965.0,802.0,2157.0,1032.0
18329,15:45.510,1,1987.0,836.0,2111.0,1048.0
18344,15:46.012,0,,,,
18359,15:46.512,0,,,,
18374,15:47.012,0,,,,
18389,15:47.512,0,,,,
18404,15:48.003,0,,,,
18419,15:48.503,0,,,,
18434,15:49.003,0,,,,
18449,15:49.503,0,,,,
18464,15:50.003,0,,,,
18479,15:50.505,0,,,,
18494,15:51.005,0,,,,
18509,15:51.505,0,,,,
18524,15:52.005,0,,,,
18539,15:52.505,1,2149.0,996.0,2386.0,1253.0
18554,15:53.005,1,1901.0,811.0,2093.0,1036.0
18569,15:53.505,1,2043.0,777.0,2252.0,1004.0
18584,15:54.005,1,1818.0,713.0,2002.0,933.0
18599,15:54.507,1,1827.0,642.0,2030.0,865.0
18614,15:55.007,1,1569.0,637.0,1739.0,845.0
18629,15:55.507,1,1486.0,660.0,1654.0,871.0
18644,15:56.007,1,1527.0,675.0,1698.0,881.0
18659,15:56.507,1,1440.0,888.0,1595.0,1098.0
18674,15:57.007,1,1478.0,814.0,1635.0,1030.0
18689,15:57.507,1,1704.0,669.0,1886.0,907.0
18704,15:58.007,1,1703.0,614.0,1881.0,840.0
18719,15:58.507,1,1664.0,706.0,1837.0,930.0
18734,15:59.008,1,1757.0,636.0,1940.0,854.0
18749,15:59.508,1,1776.0,586.0,1961.0,814.0
18764,16:00.008,1,1807.0,574.0,1994.0,816.0
18779,16:00.508,1,1812.0,578.0,2002.0,815.0
18794,16:01.008,1,1715.0,541.0,1893.0,768.0
18809,16:01.508,1,1891.0,607.0,2089.0,847.0
18824,16:02.008,1,1937.0,618.0,2139.0,855.0
18839,16:02.508,1,1867.0,607.0,2062.0,840.0
18854,16:03.010,1,2003.0,461.0,2217.0,714.0
18869,16:03.510,1,2144.0,363.0,2392.0,615.0
18884,16:04.010,1,1884.0,420.0,2088.0,654.0
18899,16:04.510,1,2203.0,200.0,2436.0,469.0
18914,16:05.010,1,2080.0,88.0,2322.0,321.0
18929,16:05.510,1,1915.0,-7.0,2108.0,227.0
18944,16:06.010,1,1731.0,425.0,1913.0,656.0
18959,16:06.510,1,1848.0,740.0,2036.0,966.0
18974,16:07.010,1,2210.0,819.0,2435.0,1059.0
18989,16:07.512,0,,,,
19004,16:08.012,0,,,,
19019,16:08.512,0,,,,
19034,16:09.003,0,,,,
19049,16:09.503,1,2156.0,840.0,2387.0,1083.0
19064,16:10.003,1,1471.0,794.0,1626.0,998.0
19079,16:10.503,1,1441.0,782.0,1593.0,988.0
19094,16:11.003,1,1455.0,810.0,1609.0,1014.0
19109,16:11.503,1,1749.0,1074.0,1927.0,1307.0
19124,16:12.005,1,1825.0,945.0,2008.0,1170.0
19139,16:12.505,1,1850.0,916.0,2033.0,1147.0
19154,16:13.005,1,1835.0,850.0,2019.0,1082.0
19169,16:13.505,1,1889.0,818.0,2076.0,1044.0
19184,16:14.005,1,1879.0,790.0,2069.0,1007.0
19199,16:14.505,1,1862.0,730.0,2048.0,955.0
19214,16:15.005,1,1882.0,747.0,2065.0,959.0
19229,16:15.505,1,1895.0,755.0,2085.0,967.0
19244,16:16.007,1,1921.0,718.0,2113.0,941.0
19259,16:16.507,1,1955.0,685.0,2153.0,908.0
19274,16:17.007,1,1950.0,670.0,2148.0,896.0
19289,16:17.507,1,1938.0,642.0,2133.0,867.0
19304,16:18.007,1,1948.0,626.0,2147.0,857.0
19319,16:18.507,1,1959.0,622.0,2159.0,850.0
19334,16:19.007,1,1953.0,617.0,2151.0,849.0
19349,16:19.507,1,1957.0,629.0,2155.0,851.0
19364,16:20.007,1,1973.0,622.0,2175.0,852.0
19379,16:20.508,1,1971.0,623.0,2171.0,853.0
19394,16:21.008,1,1887.0,762.0,2072.0,971.0
19409,16:21.508,1,1658.0,933.0,1826.0,1151.0
19424,16:22.008,1,1871.0,1164.0,2066.0,1402.0
19439,16:22.508,1,1354.0,843.0,1504.0,1042.0
19454,16:23.008,1,1431.0,831.0,1589.0,1035.0
19469,16:23.508,1,1422.0,720.0,1578.0,923.0
19486,16:24.008,1,1647.0,478.0,1823.0,702.0
19501,16:24.510,1,1492.0,520.0,1659.0,729.0
19516,16:25.010,1,1469.0,613.0,1636.0,824.0
19531,16:25.510,1,1445.0,653.0,1598.0,857.0
19546,16:26.010,1,1440.0,695.0,1591.0,889.0
19561,16:26.510,1,1395.0,699.0,1549.0,896.0
19576,16:27.010,1,1409.0,678.0,1559.0,871.0
19591,16:27.510,1,1427.0,672.0,1578.0,868.0
19606,16:28.010,1,1435.0,674.0,1586.0,870.0
19621,16:28.510,1,1443.0,705.0,1595.0,904.0
19636,16:29.012,1,1634.0,941.0,1801.0,1158.0
19651,16:29.503,1,1771.0,1228.0,1960.0,1487.0
19666,16:30.003,1,1720.0,1041.0,1900.0,1278.0
19681,16:30.503,1,1777.0,949.0,1957.0,1175.0
19696,16:31.003,1,1426.0,825.0,1587.0,1046.0
19710,16:31.503,1,1293.0,842.0,1452.0,1053.0
19725,16:32.003,1,1338.0,879.0,1494.0,1083.0
19740,16:32.503,1,1346.0,694.0,1497.0,904.0
19755,16:33.005,1,1295.0,745.0,1449.0,956.0
19770,16:33.505,1,1312.0,730.0,1467.0,946.0
19785,16:34.005,1,1351.0,731.0,1502.0,938.0
19800,16:34.505,1,1365.0,774.0,1520.0,987.0
19815,16:35.005,1,1654.0,1014.0,1828.0,1246.0
19830,16:35.505,1,1826.0,890.0,2016.0,1125.0
19845,16:36.005,1,1397.0,852.0,1566.0,1069.0
19860,16:36.505,1,1252.0,930.0,1427.0,1132.0
19875,16:37.005,1,1142.0,797.0,1308.0,1001.0
19890,16:37.507,1,1188.0,879.0,1353.0,1083.0
19905,16:38.007,1,1285.0,795.0,1441.0,1008.0
19920,16:38.507,1,1281.0,761.0,1435.0,969.0
19935,16:39.007,1,1342.0,969.0,1501.0,1193.0
19950,16:39.507,1,1489.0,973.0,1654.0,1203.0
19965,16:40.007,1,1568.0,834.0,1733.0,1057.0
19980,16:40.507,1,1657.0,815.0,1829.0,1034.0
19995,16:41.007,1,1727.0,815.0,1903.0,1042.0
20010,16:41.508,1,1612.0,737.0,1777.0,954.0
20025,16:42.008,1,1488.0,775.0,1648.0,983.0
20040,16:42.508,1,1292.0,731.0,1438.0,935.0
20055,16:43.008,1,1420.0,741.0,1574.0,955.0
20070,16:43.508,1,1429.0,716.0,1582.0,924.0
20085,16:44.008,1,1389.0,706.0,1539.0,908.0
20100,16:44.508,1,1386.0,686.0,1534.0,886.0
20115,16:45.008,1,1387.0,670.0,1539.0,865.0
20130,16:45.508,1,1396.0,784.0,1548.0,985.0
20145,16:46.010,1,1499.0,667.0,1655.0,869.0
20160,16:46.510,1,1600.0,671.0,1763.0,885.0
20175,16:47.010,1,1625.0,739.0,1791.0,959.0
20190,16:47.510,1,1651.0,798.0,1821.0,1012.0
20205,16:48.010,1,1652.0,801.0,1820.0,1020.0
20220,16:48.510,1,1674.0,787.0,1843.0,1002.0
20235,16:49.010,1,1693.0,758.0,1864.0,974.0
20250,16:49.502,1,1706.0,724.0,1878.0,954.0
20265,16:50.003,1,1708.0,726.0,1880.0,940.0
20280,16:50.503,1,1709.0,713.0,1882.0,938.0
20295,16:51.003,1,1712.0,696.0,1884.0,919.0
20310,16:51.503,1,1695.0,672.0,1870.0,893.0
20325,16:52.003,1,1672.0,673.0,1839.0,892.0
20340,16:52.503,1,1679.0,677.0,1846.0,885.0
20355,16:53.003,1,1682.0,725.0,1850.0,944.0
20370,16:53.503,1,1486.0,716.0,1646.0,941.0
20385,16:54.003,1,1467.0,739.0,1625.0,955.0
20400,16:54.505,1,1502.0,724.0,1658.0,941.0
20415,16:55.005,1,1606.0,696.0,1769.0,912.0
20430,16:55.505,1,1604.0,701.0,1766.0,913.0
20445,16:56.005,1,1598.0,696.0,1762.0,907.0
20460,16:56.505,1,1615.0,699.0,1779.0,915.0
20475,16:57.005,1,1636.0,700.0,1802.0,914.0
20490,16:57.505,1,1623.0,685.0,1784.0,894.0
20505,16:58.005,1,1625.0,673.0,1787.0,881.0
20520,16:58.505,1,1637.0,648.0,1803.0,860.0
20535,16:59.007,1,1611.0,638.0,1775.0,852.0
20550,16:59.507,1,1613.0,622.0,1776.0,833.0
20565,17:00.007,1,1613.0,624.0,1776.0,831.0
20580,17:00.507,1,1616.0,613.0,1777.0,837.0
20595,17:01.007,1,1622.0,612.0,1788.0,828.0
20610,17:01.507,1,1628.0,614.0,1795.0,833.0
20625,17:02.007,1,1629.0,611.0,1797.0,827.0
20640,17:02.507,1,1641.0,605.0,1810.0,828.0
20655,17:03.008,1,1655.0,603.0,1824.0,827.0
20670,17:03.508,1,1670.0,624.0,1838.0,839.0
20685,17:04.008,1,1674.0,628.0,1843.0,846.0
20700,17:04.508,1,1666.0,621.0,1832.0,839.0
20715,17:05.008,1,1675.0,619.0,1841.0,843.0
20730,17:05.508,1,1678.0,628.0,1848.0,846.0
20745,17:06.008,1,1628.0,691.0,1793.0,902.0
20760,17:06.508,1,1331.0,744.0,1478.0,946.0
20775,17:07.008,1,1333.0,737.0,1483.0,951.0
20790,17:07.510,1,1350.0,741.0,1501.0,947.0
20805,17:08.010,1,1356.0,735.0,1505.0,942.0
20820,17:08.510,1,1357.0,721.0,1506.0,925.0
20835,17:09.010,1,1362.0,712.0,1512.0,916.0
20850,17:09.510,1,1374.0,708.0,1523.0,909.0
20865,17:10.002,1,1369.0,694.0,1522.0,898.0
20880,17:10.502,1,1387.0,697.0,1533.0,901.0
20895,17:11.002,1,1498.0,701.0,1652.0,908.0
20910,17:11.503,1,1483.0,707.0,1636.0,912.0
20925,17:12.003,1,1539.0,848.0,1699.0,1065.0
20940,17:12.503,1,1592.0,836.0,1757.0,1062.0
20955,17:13.003,1,1652.0,775.0,1824.0,998.0
20970,17:13.503,1,1694.0,710.0,1869.0,941.0
20985,17:14.003,1,1693.0,699.0,1866.0,922.0
21000,17:14.503,1,1688.0,701.0,1861.0,927.0
21015,17:15.003,1,1699.0,707.0,1872.0,926.0
21030,17:15.503,1,1697.0,685.0,1873.0,903.0
21045,17:16.005,1,1668.0,688.0,1839.0,908.0
21060,17:16.505,1,1678.0,695.0,1850.0,915.0
21075,17:17.005,1,1686.0,690.0,1856.0,907.0
21090,17:17.505,1,1683.0,693.0,1855.0,915.0
21105,17:18.005,1,1586.0,791.0,1749.0,1002.0
21120,17:18.505,1,1377.0,788.0,1528.0,1001.0
21135,17:19.005,1,1354.0,788.0,1502.0,986.0
21150,17:19.505,1,1402.0,838.0,1555.0,1050.0
21165,17:20.007,1,1516.0,821.0,1675.0,1035.0
21180,17:20.507,1,1332.0,875.0,1490.0,1085.0
21195,17:21.007,1,1251.0,764.0,1407.0,971.0
21210,17:21.507,1,1286.0,748.0,1444.0,956.0
21225,17:22.007,1,1519.0,711.0,1687.0,931.0
21240,17:22.507,1,1501.0,785.0,1668.0,1013.0
21255,17:23.007,1,1454.0,642.0,1609.0,847.0
21270,17:23.507,1,1393.0,784.0,1548.0,993.0
21285,17:24.007,1,1350.0,812.0,1503.0,1012.0
21300,17:24.508,1,1333.0,760.0,1487.0,963.0
21315,17:25.008,1,1338.0,736.0,1492.0,932.0
21330,17:25.508,1,1372.0,763.0,1527.0,969.0
21345,17:26.008,1,1369.0,704.0,1526.0,912.0
21360,17:26.508,1,1417.0,733.0,1574.0,944.0
21375,17:27.008,1,1459.0,1009.0,1621.0,1231.0
21390,17:27.508,1,1338.0,947.0,1489.0,1154.0
21405,17:28.008,1,1257.0,851.0,1407.0,1048.0
21420,17:28.510,1,1231.0,917.0,1384.0,1121.0
21435,17:29.010,1,1273.0,853.0,1421.0,1058.0
21450,17:29.510,1,1335.0,795.0,1482.0,999.0
21465,17:30.002,1,1373.0,777.0,1525.0,980.0
21480,17:30.502,1,1364.0,742.0,1514.0,947.0
21495,17:31.002,1,1357.0,691.0,1509.0,894.0
21510,17:31.502,1,1604.0,590.0,1772.0,809.0
21525,17:32.002,1,1463.0,659.0,1621.0,861.0
21540,17:32.502,1,1391.0,648.0,1550.0,857.0
21555,17:33.003,1,1457.0,591.0,1616.0,803.0
21570,17:33.503,1,1473.0,593.0,1633.0,800.0
21585,17:34.003,1,1502.0,594.0,1661.0,813.0
21600,17:34.503,1,1480.0,655.0,1640.0,860.0
21615,17:35.003,1,1463.0,657.0,1616.0,857.0
21630,17:35.503,1,1433.0,651.0,1591.0,851.0
21645,17:36.003,1,1457.0,690.0,1614.0,895.0
21660,17:36.503,1,1462.0,688.0,1621.0,896.0
21675,17:37.003,1,1468.0,678.0,1628.0,883.0
21690,17:37.505,1,1504.0,709.0,1661.0,920.0
21705,17:38.005,1,1626.0,786.0,1792.0,998.0
21720,17:38.505,1,1635.0,755.0,1806.0,963.0
21735,17:39.005,1,1603.0,719.0,1772.0,938.0
21750,17:39.505,1,1592.0,686.0,1761.0,908.0
21765,17:40.005,1,1616.0,678.0,1784.0,901.0
21780,17:40.505,1,1617.0,696.0,1788.0,914.0
21795,17:41.005,1,1641.0,651.0,1811.0,863.0
21810,17:41.507,1,1499.0,571.0,1662.0,783.0
21825,17:42.007,1,1507.0,582.0,1667.0,792.0
21840,17:42.507,1,1533.0,559.0,1699.0,771.0
21855,17:43.007,1,1540.0,583.0,1703.0,792.0
21870,17:43.507,1,1547.0,571.0,1710.0,783.0
21885,17:44.007,1,1580.0,531.0,1746.0,738.0
21900,17:44.507,1,1576.0,486.0,1742.0,705.0
21915,17:45.007,1,1569.0,508.0,1732.0,720.0
21930,17:45.507,1,1417.0,520.0,1574.0,727.0
21945,17:46.008,1,1383.0,476.0,1539.0,691.0
21960,17:46.508,1,1366.0,547.0,1523.0,751.0
21975,17:47.008,1,1411.0,600.0,1567.0,808.0
21990,17:47.508,1,1448.0,601.0,1605.0,818.0
22005,17:48.008,1,1463.0,602.0,1623.0,818.0
22020,17:48.508,1,1594.0,594.0,1758.0,813.0
22035,17:49.008,1,1620.0,619.0,1786.0,843.0
22050,17:49.508,1,1633.0,592.0,1801.0,819.0
22065,17:50.002,1,1632.0,532.0,1795.0,749.0
22080,17:50.502,1,1633.0,538.0,1798.0,756.0
22095,17:51.002,1,1644.0,658.0,1812.0,874.0
22110,17:51.502,1,1989.0,792.0,2195.0,1027.0
22125,17:52.002,1,2026.0,833.0,2237.0,1068.0
22140,17:52.502,1,2255.0,831.0,2462.0,1069.0
22155,17:53.002,1,2162.0,765.0,2392.0,1016.0
22170,17:53.502,1,1768.0,712.0,1951.0,947.0
22185,17:54.002,1,1632.0,679.0,1799.0,898.0
22200,17:54.503,1,1683.0,624.0,1854.0,841.0
22215,17:55.003,1,1406.0,728.0,1557.0,938.0
22230,17:55.503,1,1424.0,711.0,1579.0,913.0
22245,17:56.003,1,1471.0,707.0,1626.0,910.0
22260,17:56.503,1,1538.0,690.0,1699.0,900.0
22275,17:57.003,1,1594.0,686.0,1758.0,897.0
22290,17:57.503,1,1619.0,664.0,1783.0,873.0
22305,17:58.003,1,1585.0,662.0,1749.0,875.0
22320,17:58.505,1,1506.0,637.0,1664.0,849.0
22335,17:59.005,1,1488.0,633.0,1646.0,842.0
22350,17:59.505,1,1493.0,680.0,1651.0,882.0
22365,18:00.005,1,1531.0,685.0,1691.0,890.0
22380,18:00.505,1,1524.0,660.0,1681.0,864.0
22395,18:01.005,1,1579.0,692.0,1744.0,902.0
22410,18:01.505,1,1622.0,733.0,1788.0,949.0
22425,18:02.005,1,1654.0,699.0,1822.0,919.0
22440,18:02.505,1,1640.0,697.0,1810.0,914.0
22455,18:03.007,1,1507.0,864.0,1666.0,1076.0
22470,18:03.507,1,1233.0,634.0,1385.0,827.0
22485,18:04.007,1,1617.0,719.0,1785.0,925.0
22500,18:04.507,1,1660.0,631.0,1833.0,838.0
22515,18:05.007,1,1516.0,623.0,1680.0,824.0
22530,18:05.507,1,1474.0,653.0,1636.0,860.0
22545,18:06.007,1,1474.0,739.0,1631.0,959.0
22560,18:06.507,1,1549.0,705.0,1712.0,921.0
22575,18:07.008,1,1537.0,698.0,1700.0,917.0
22590,18:07.508,1,1410.0,657.0,1563.0,869.0
22605,18:08.008,1,1332.0,647.0,1484.0,852.0
22620,18:08.508,1,882.0,776.0,1036.0,979.0
22635,18:09.008,1,1012.0,635.0,1164.0,835.0
22650,18:09.508,1,963.0,598.0,1115.0,807.0
22665,18:10.000,1,1010.0,607.0,1163.0,820.0
22680,18:10.500,1,1447.0,662.0,1605.0,869.0
22695,18:11.000,1,1469.0,662.0,1633.0,874.0
22710,18:11.502,1,1457.0,664.0,1620.0,869.0
22725,18:12.002,1,1444.0,608.0,1604.0,821.0
22740,18:12.502,1,1440.0,561.0,1600.0,768.0
22755,18:13.002,1,1469.0,544.0,1630.0,755.0
22770,18:13.502,1,1440.0,580.0,1601.0,789.0
22785,18:14.002,1,1434.0,620.0,1597.0,824.0
22800,18:14.502,1,1437.0,623.0,1598.0,835.0
22815,18:15.002,1,1443.0,623.0,1603.0,838.0
22830,18:15.503,1,1508.0,589.0,1673.0,806.0
22845,18:16.003,1,1393.0,599.0,1549.0,804.0
22860,18:16.503,1,1407.0,664.0,1562.0,867.0
22875,18:17.003,1,1419.0,658.0,1575.0,876.0
22890,18:17.503,1,1453.0,695.0,1607.0,903.0
22905,18:18.003,1,1388.0,696.0,1542.0,911.0
22920,18:18.503,1,1329.0,693.0,1480.0,903.0
22935,18:19.003,1,1296.0,713.0,1448.0,923.0
22950,18:19.503,1,1095.0,821.0,1242.0,1028.0
22965,18:20.005,1,1169.0,811.0,1323.0,1018.0
22980,18:20.505,1,1301.0,777.0,1454.0,981.0
22995,18:21.005,1,1338.0,731.0,1494.0,941.0
23010,18:21.505,1,1333.0,738.0,1487.0,955.0
23025,18:22.005,1,1341.0,730.0,1495.0,946.0
23040,18:22.505,1,1294.0,758.0,1446.0,968.0
23055,18:23.005,1,1252.0,739.0,1404.0,950.0
23070,18:23.505,1,1156.0,601.0,1309.0,812.0
23085,18:24.005,1,1131.0,583.0,1286.0,791.0
23100,18:24.507,1,1237.0,633.0,1387.0,833.0
23115,18:25.007,1,1331.0,663.0,1480.0,872.0
23130,18:25.507,1,1398.0,659.0,1550.0,858.0
23145,18:26.007,1,1353.0,668.0,1508.0,871.0
23160,18:26.507,1,1304.0,687.0,1453.0,888.0
23175,18:27.007,1,1327.0,700.0,1470.0,901.0
23190,18:27.507,1,1249.0,766.0,1394.0,962.0
23205,18:28.007,1,1320.0,790.0,1465.0,991.0
23220,18:28.508,1,1325.0,767.0,1467.0,968.0
23235,18:29.008,1,1377.0,763.0,1525.0,964.0
23250,18:29.508,1,1534.0,736.0,1689.0,953.0
23265,18:30.008,1,1390.0,690.0,1538.0,902.0
23280,18:30.500,1,1361.0,671.0,1509.0,878.0
23295,18:31.000,1,1363.0,667.0,1512.0,875.0
23310,18:31.500,1,1363.0,665.0,1508.0,865.0
23325,18:32.000,1,1366.0,654.0,1512.0,853.0
23340,18:32.500,1,1381.0,652.0,1528.0,853.0
23355,18:33.002,1,1382.0,650.0,1528.0,853.0
23370,18:33.502,1,1376.0,655.0,1524.0,853.0
23385,18:34.002,1,1380.0,657.0,1526.0,857.0
23400,18:34.502,1,1384.0,662.0,1530.0,861.0
23415,18:35.002,1,1386.0,676.0,1530.0,876.0
23430,18:35.502,1,1381.0,728.0,1528.0,930.0
23445,18:36.002,1,1384.0,725.0,1531.0,924.0
23460,18:36.502,1,1388.0,736.0,1534.0,941.0
23473,18:37.003,1,1403.0,687.0,1547.0,889.0
23488,18:37.503,1,1398.0,683.0,1543.0,884.0
23503,18:38.003,1,1406.0,688.0,1552.0,891.0
23518,18:38.503,1,1413.0,706.0,1557.0,908.0
23533,18:39.003,1,1411.0,704.0,1556.0,907.0
23548,18:39.503,1,1412.0,699.0,1558.0,900.0
23563,18:40.003,1,1418.0,691.0,1565.0,894.0
23578,18:40.503,1,1443.0,727.0,1591.0,930.0
23593,18:41.003,1,1444.0,714.0,1592.0,916.0
23608,18:41.505,1,1436.0,732.0,1587.0,931.0
23623,18:42.005,1,1470.0,784.0,1615.0,981.0
23638,18:42.505,1,1575.0,820.0,1732.0,1026.0
23653,18:43.005,1,1497.0,780.0,1647.0,983.0
23668,18:43.505,1,1433.0,775.0,1582.0,979.0
23683,18:44.005,1,1409.0,753.0,1556.0,953.0
23698,18:44.505,1,1415.0,748.0,1566.0,951.0
23713,18:45.005,1,1428.0,753.0,1577.0,955.0
23728,18:45.507,1,1426.0,747.0,1576.0,955.0
23743,18:46.007,1,1421.0,743.0,1570.0,943.0
23758,18:46.507,1,1419.0,744.0,1566.0,952.0
23773,18:47.007,1,1423.0,758.0,1572.0,963.0
23788,18:47.507,1,1436.0,755.0,1584.0,960.0
23803,18:48.007,1,1429.0,744.0,1578.0,948.0
23818,18:48.507,1,1449.0,750.0,1597.0,955.0
23833,18:49.007,1,1450.0,731.0,1600.0,942.0
23848,18:49.507,1,1452.0,732.0,1601.0,932.0
23863,18:50.008,1,1465.0,744.0,1611.0,943.0
23878,18:50.500,1,1454.0,761.0,1602.0,958.0
23893,18:51.000,1,1447.0,739.0,1597.0,940.0
23908,18:51.500,1,1456.0,710.0,1605.0,911.0
23923,18:52.000,1,1448.0,716.0,1597.0,917.0
23938,18:52.500,1,1452.0,739.0,1602.0,957.0
23953,18:53.000,1,1467.0,732.0,1617.0,938.0
23968,18:53.500,1,1458.0,731.0,1606.0,942.0
23982,18:54.002,1,1455.0,723.0,1609.0,929.0
23997,18:54.502,1,1462.0,714.0,1610.0,913.0
24012,18:55.002,1,1457.0,707.0,1606.0,911.0
24027,18:55.502,1,1446.0,694.0,1593.0,896.0
24042,18:56.002,1,1446.0,887.0,1593.0,1086.0
24057,18:56.502,1,1425.0,792.0,1572.0,1005.0
24071,18:57.027,1,1435.0,736.0,1586.0,941.0
24085,18:57.502,1,1450.0,773.0,1603.0,970.0
24100,18:58.002,1,1466.0,760.0,1619.0,960.0
24115,18:58.503,1,1460.0,740.0,1608.0,943.0
24130,18:59.003,1,1460.0,755.0,1613.0,956.0
24145,18:59.503,1,1460.0,752.0,1610.0,952.0
24160,19:00.003,1,1453.0,733.0,1605.0,933.0
24175,19:00.503,1,1445.0,770.0,1592.0,969.0
24190,19:01.003,1,1455.0,769.0,1602.0,971.0
24205,19:01.503,1,1453.0,758.0,1603.0,965.0
24220,19:02.003,1,1450.0,759.0,1599.0,962.0
24235,19:02.503,1,1445.0,742.0,1595.0,947.0
24250,19:03.005,1,1446.0,751.0,1596.0,954.0
24265,19:03.505,1,1455.0,761.0,1606.0,967.0
24280,19:04.005,1,1451.0,757.0,1602.0,960.0
24295,19:04.505,1,1447.0,762.0,1594.0,965.0
24310,19:05.005,1,1450.0,769.0,1598.0,968.0
24324,19:05.513,1,1440.0,760.0,1588.0,959.0
24339,19:06.005,1,1432.0,750.0,1580.0,952.0
24354,19:06.505,1,1417.0,746.0,1566.0,948.0
24369,19:07.007,1,1429.0,745.0,1577.0,948.0
24384,19:07.507,1,1423.0,749.0,1573.0,954.0
24399,19:08.007,1,1419.0,750.0,1565.0,951.0
24414,19:08.507,1,1417.0,744.0,1563.0,944.0
24429,19:09.007,1,1422.0,741.0,1569.0,944.0
24444,19:09.507,1,1477.0,965.0,1628.0,1175.0
24459,19:10.007,1,1444.0,892.0,1591.0,1093.0
24474,19:10.507,1,1417.0,779.0,1563.0,982.0
24489,19:11.007,1,1382.0,819.0,1529.0,1022.0
24504,19:11.517,1,1383.0,776.0,1529.0,976.0
24519,19:12.000,1,1381.0,775.0,1529.0,976.0
24534,19:12.500,1,1394.0,754.0,1541.0,955.0
24549,19:13.000,1,1404.0,735.0,1554.0,934.0
24564,19:13.500,1,1398.0,738.0,1546.0,938.0
24579,19:14.000,1,1412.0,718.0,1560.0,917.0
24594,19:14.500,1,1400.0,703.0,1551.0,903.0
24609,19:15.000,1,1404.0,724.0,1551.0,922.0
24624,19:15.502,1,1411.0,720.0,1559.0,918.0
24639,19:16.002,1,1419.0,727.0,1565.0,924.0
24654,19:16.502,1,1411.0,727.0,1560.0,930.0
24669,19:17.002,1,1408.0,722.0,1555.0,916.0
24684,19:17.502,1,1415.0,714.0,1563.0,913.0
24699,19:18.002,1,1409.0,718.0,1557.0,917.0
24714,19:18.502,1,1414.0,721.0,1562.0,917.0
24729,19:19.002,1,1423.0,717.0,1575.0,926.0
24744,19:19.502,1,1410.0,793.0,1557.0,993.0
24759,19:20.003,1,1423.0,781.0,1568.0,983.0
24774,19:20.503,1,1421.0,766.0,1570.0,971.0
24789,19:21.003,1,1455.0,823.0,1604.0,1025.0
24804,19:21.503,1,1453.0,849.0,1605.0,1054.0
24819,19:22.003,1,1458.0,839.0,1611.0,1039.0
24834,19:22.503,1,1482.0,812.0,1637.0,1018.0
24849,19:23.003,1,1484.0,813.0,1638.0,1018.0
24864,19:23.503,1,1495.0,803.0,1650.0,1014.0
24879,19:24.005,1,1510.0,806.0,1663.0,1015.0
24894,19:24.505,1,1485.0,798.0,1639.0,1001.0
24909,19:25.005,1,1533.0,770.0,1686.0,975.0
24924,19:25.505,1,1519.0,802.0,1674.0,1014.0
24939,19:26.005,1,1478.0,781.0,1631.0,989.0
24954,19:26.505,1,1471.0,741.0,1625.0,950.0
24969,19:27.005,1,1459.0,703.0,1612.0,903.0
24984,19:27.505,1,1499.0,632.0,1657.0,841.0
24999,19:28.005,1,1512.0,633.0,1669.0,838.0
25014,19:28.507,1,1530.0,650.0,1689.0,850.0
25029,19:29.007,1,1557.0,724.0,1714.0,934.0
25044,19:29.507,1,1374.0,858.0,1528.0,1070.0
25059,19:30.007,1,1301.0,812.0,1450.0,1017.0
25074,19:30.507,1,1342.0,869.0,1490.0,1072.0
25089,19:31.007,1,1331.0,814.0,1477.0,1014.0
25104,19:31.507,1,1345.0,843.0,1492.0,1036.0
25120,19:32.032,1,1207.0,736.0,1355.0,936.0
25135,19:32.532,1,1257.0,729.0,1403.0,922.0
25149,19:33.000,1,1227.0,765.0,1378.0,964.0
25164,19:33.500,1,1511.0,756.0,1666.0,969.0
25179,19:34.000,1,1578.0,733.0,1740.0,951.0
25194,19:34.500,1,1545.0,780.0,1705.0,979.0
25209,19:35.000,1,1590.0,770.0,1752.0,973.0
25224,19:35.500,1,1576.0,675.0,1738.0,876.0
25239,19:36.000,1,1572.0,683.0,1736.0,888.0
25254,19:36.500,1,1587.0,681.0,1751.0,881.0
25269,19:37.002,1,1580.0,668.0,1742.0,870.0
25284,19:37.502,1,1596.0,652.0,1761.0,858.0
25299,19:38.002,1,1419.0,697.0,1574.0,906.0
25314,19:38.502,1,1356.0,709.0,1505.0,906.0
25329,19:39.002,1,1360.0,689.0,1512.0,894.0
25344,19:39.502,1,1392.0,667.0,1545.0,873.0
25359,19:40.002,1,1367.0,672.0,1517.0,878.0
25374,19:40.502,1,1353.0,694.0,1501.0,892.0
25389,19:41.002,1,1343.0,703.0,1493.0,905.0
25404,19:41.503,1,1343.0,696.0,1494.0,898.0
25419,19:42.003,1,1338.0,703.0,1488.0,900.0
25434,19:42.503,1,1350.0,715.0,1495.0,909.0
25449,19:43.003,1,1350.0,711.0,1497.0,908.0
25464,19:43.503,1,1347.0,700.0,1495.0,897.0
25479,19:44.003,1,1364.0,742.0,1511.0,943.0
25494,19:44.503,1,1371.0,731.0,1519.0,930.0
25509,19:45.003,1,1397.0,721.0,1547.0,918.0
25524,19:45.505,1,1396.0,715.0,1547.0,912.0
25539,19:46.005,1,1391.0,722.0,1539.0,922.0
25554,19:46.505,1,1399.0,713.0,1550.0,908.0
25569,19:47.005,1,1382.0,714.0,1530.0,910.0
25584,19:47.505,1,1390.0,687.0,1537.0,880.0
25599,19:48.005,1,1392.0,689.0,1538.0,887.0
25614,19:48.505,1,1371.0,697.0,1521.0,895.0
25629,19:49.005,1,1382.0,712.0,1528.0,911.0
25644,19:49.505,1,1374.0,716.0,1525.0,915.0
25659,19:50.007,1,1376.0,717.0,1524.0,917.0
25674,19:50.507,1,1373.0,708.0,1525.0,907.0
25689,19:51.007,1,1369.0,690.0,1520.0,885.0
25704,19:51.507,1,1361.0,780.0,1508.0,976.0
25719,19:52.007,1,1364.0,765.0,1512.0,964.0
25735,19:52.532,1,1345.0,756.0,1496.0,957.0
25750,19:53.032,1,1339.0,728.0,1490.0,931.0
25765,19:53.532,1,1345.0,746.0,1493.0,948.0
25779,19:54.000,1,1358.0,696.0,1506.0,894.0
25794,19:54.500,1,1356.0,746.0,1505.0,944.0
25809,19:55.000,1,1356.0,718.0,1503.0,917.0
25824,19:55.500,1,1378.0,751.0,1526.0,949.0
25839,19:56.000,1,1357.0,740.0,1505.0,943.0
25854,19:56.500,1,1355.0,765.0,1501.0,961.0
25869,19:57.000,1,1349.0,774.0,1493.0,969.0
25884,19:57.500,1,1361.0,738.0,1509.0,939.0
25899,19:58.000,1,1343.0,748.0,1491.0,944.0
25914,19:58.502,1,1350.0,745.0,1497.0,944.0
25929,19:59.002,1,1360.0,733.0,1510.0,934.0
25944,19:59.502,1,1370.0,744.0,1521.0,945.0
25959,20:00.002,1,1363.0,744.0,1512.0,941.0
25974,20:00.502,1,1353.0,735.0,1501.0,947.0
25989,20:01.002,1,1342.0,746.0,1491.0,947.0
26004,20:01.502,1,1349.0,724.0,1498.0,928.0
26019,20:02.002,1,1352.0,736.0,1499.0,941.0
26034,20:02.503,1,1349.0,749.0,1498.0,945.0
26049,20:03.003,1,1351.0,743.0,1500.0,955.0
26064,20:03.503,1,1336.0,738.0,1485.0,937.0
26079,20:04.003,1,1350.0,734.0,1499.0,934.0
26094,20:04.503,1,1343.0,730.0,1494.0,929.0
26109,20:05.003,1,1347.0,726.0,1497.0,927.0
26124,20:05.503,1,1360.0,770.0,1506.0,972.0
26139,20:06.003,1,1435.0,805.0,1586.0,1007.0
26154,20:06.503,1,1459.0,781.0,1612.0,979.0
26169,20:07.005,1,1579.0,786.0,1738.0,987.0
26184,20:07.505,1,1544.0,708.0,1705.0,922.0
26199,20:08.005,1,1369.0,744.0,1520.0,952.0
26214,20:08.505,1,1397.0,714.0,1549.0,917.0
26229,20:09.005,1,1397.0,730.0,1546.0,934.0
26244,20:09.505,1,1411.0,725.0,1563.0,930.0
26259,20:10.005,1,1383.0,714.0,1532.0,918.0
26274,20:10.505,1,1367.0,726.0,1517.0,925.0
26289,20:11.005,1,1371.0,735.0,1522.0,933.0
26304,20:11.507,1,1371.0,758.0,1522.0,954.0
26319,20:12.007,1,1341.0,981.0,1494.0,1187.0
26334,20:12.507,1,1310.0,885.0,1463.0,1090.0
26350,20:13.032,1,1276.0,807.0,1423.0,1006.0
26365,20:13.532,1,1311.0,784.0,1458.0,987.0
26380,20:14.032,1,1330.0,783.0,1475.0,985.0
26395,20:14.532,1,1350.0,799.0,1500.0,995.0
26410,20:15.032,1,1389.0,801.0,1538.0,1005.0
26424,20:15.500,1,1395.0,799.0,1544.0,1003.0
26439,20:16.000,1,1401.0,783.0,1549.0,983.0
26454,20:16.500,1,1392.0,779.0,1538.0,982.0
26469,20:17.000,1,1315.0,752.0,1463.0,956.0
26484,20:17.500,1,1344.0,756.0,1494.0,957.0
26499,20:18.000,1,1362.0,684.0,1514.0,883.0
26514,20:18.500,1,1349.0,730.0,1497.0,931.0
26529,20:19.000,1,1349.0,702.0,1498.0,902.0
26544,20:19.500,1,1348.0,738.0,1496.0,942.0
26559,20:20.002,1,1348.0,741.0,1495.0,945.0
26574,20:20.502,1,1357.0,779.0,1503.0,978.0
26589,20:21.002,1,1280.0,908.0,1426.0,1112.0
26604,20:21.502,1,1133.0,755.0,1279.0,956.0
26619,20:22.002,1,1211.0,715.0,1355.0,923.0
26634,20:22.502,1,1302.0,677.0,1452.0,872.0
26649,20:23.002,1,1342.0,668.0,1489.0,870.0
26664,20:23.502,1,1432.0,754.0,1585.0,965.0
26679,20:24.003,1,1631.0,679.0,1791.0,886.0
26694,20:24.503,1,1585.0,644.0,1746.0,852.0
26709,20:25.003,1,1548.0,800.0,1706.0,1018.0
26724,20:25.503,1,1298.0,830.0,1448.0,1044.0
26739,20:26.003,1,1387.0,894.0,1541.0,1118.0
26754,20:26.503,1,1452.0,931.0,1612.0,1149.0
26769,20:27.003,1,1368.0,1031.0,1534.0,1267.0
26784,20:27.503,1,1363.0,805.0,1527.0,1029.0
26800,20:28.003,1,1405.0,829.0,1566.0,1045.0
26815,20:28.505,1,1356.0,858.0,1514.0,1074.0
26830,20:29.005,1,1486.0,952.0,1655.0,1185.0
26845,20:29.505,1,1513.0,749.0,1679.0,971.0
26860,20:30.005,1,1548.0,796.0,1714.0,1017.0
26875,20:30.505,1,1606.0,791.0,1779.0,1016.0
26890,20:31.005,1,1506.0,823.0,1671.0,1044.0
26905,20:31.505,1,1406.0,773.0,1564.0,982.0
26920,20:32.005,1,1381.0,723.0,1538.0,943.0
26935,20:32.507,1,1413.0,722.0,1571.0,937.0
26950,20:33.007,1,1475.0,768.0,1638.0,983.0
26966,20:33.532,1,1492.0,717.0,1656.0,929.0
26981,20:34.032,1,1496.0,690.0,1659.0,908.0
26996,20:34.532,1,1494.0,661.0,1658.0,873.0
27011,20:35.032,1,1525.0,657.0,1691.0,869.0
27026,20:35.532,1,1530.0,619.0,1697.0,836.0
27041,20:36.032,1,1489.0,613.0,1653.0,838.0
27056,20:36.532,1,1472.0,705.0,1632.0,912.0
27070,20:37.000,1,1428.0,708.0,1587.0,919.0
27085,20:37.500,1,1407.0,715.0,1563.0,921.0
27100,20:38.000,1,1380.0,664.0,1537.0,870.0
27115,20:38.500,1,1376.0,687.0,1532.0,902.0
27130,20:39.000,1,1397.0,704.0,1554.0,908.0
27145,20:39.500,1,1418.0,716.0,1575.0,925.0
27160,20:40.000,1,1409.0,712.0,1567.0,916.0
27175,20:40.500,1,1404.0,710.0,1560.0,915.0
27190,20:41.002,1,1405.0,707.0,1563.0,916.0
27205,20:41.502,1,1396.0,868.0,1556.0,1085.0
27220,20:42.002,1,1407.0,733.0,1568.0,949.0
27235,20:42.502,1,1409.0,721.0,1570.0,938.0
27250,20:43.002,1,1404.0,733.0,1562.0,935.0
27265,20:43.502,1,1459.0,721.0,1619.0,928.0
27280,20:44.002,1,1502.0,742.0,1663.0,961.0
27295,20:44.502,1,1497.0,709.0,1660.0,927.0
27310,20:45.002,1,1467.0,651.0,1631.0,865.0
27325,20:45.503,1,1463.0,936.0,1629.0,1153.0
27340,20:46.003,1,1533.0,855.0,1700.0,1075.0
27355,20:46.503,1,1435.0,735.0,1598.0,947.0
27370,20:47.003,1,1414.0,735.0,1576.0,947.0
27385,20:47.503,1,1373.0,743.0,1532.0,960.0
27400,20:48.003,1,1392.0,849.0,1550.0,1055.0
27415,20:48.503,1,1420.0,792.0,1579.0,1003.0
27430,20:49.003,1,1401.0,751.0,1561.0,964.0
27445,20:49.505,1,1422.0,746.0,1582.0,966.0
27460,20:50.005,1,1421.0,726.0,1584.0,944.0
27475,20:50.505,1,1416.0,711.0,1579.0,928.0
27490,20:51.005,1,1494.0,855.0,1658.0,1076.0
27505,20:51.505,1,1460.0,816.0,1622.0,1033.0
27520,20:52.005,1,1513.0,783.0,1679.0,1001.0
27535,20:52.505,1,1440.0,770.0,1597.0,981.0
27550,20:53.005,1,1395.0,778.0,1552.0,995.0
27566,20:53.530,1,1323.0,749.0,1479.0,963.0
27581,20:54.032,1,1282.0,590.0,1447.0,800.0
27596,20:54.532,1,1337.0,860.0,1505.0,1082.0
27611,20:55.032,1,1315.0,735.0,1475.0,958.0
27626,20:55.532,1,1514.0,811.0,1679.0,1029.0
27641,20:56.032,1,1632.0,771.0,1808.0,996.0
27656,20:56.532,1,1695.0,768.0,1874.0,992.0
27671,20:57.032,1,1701.0,768.0,1880.0,991.0
27686,20:57.532,1,1497.0,789.0,1658.0,1005.0
27701,20:58.032,1,1315.0,731.0,1470.0,939.0
27715,20:58.500,1,1268.0,740.0,1419.0,947.0
27730,20:59.000,1,1221.0,780.0,1378.0,988.0
27745,20:59.500,1,1359.0,677.0,1520.0,893.0
27760,21:00.000,1,1418.0,814.0,1585.0,1036.0
27775,21:00.500,1,1369.0,689.0,1530.0,919.0
27790,21:01.000,1,1335.0,817.0,1494.0,1030.0
27805,21:01.500,1,1375.0,828.0,1533.0,1042.0
27820,21:02.000,1,1392.0,816.0,1554.0,1032.0
27835,21:02.502,1,1412.0,782.0,1573.0,997.0
27850,21:03.002,1,1431.0,806.0,1592.0,1025.0
27865,21:03.502,1,1464.0,751.0,1630.0,966.0
27880,21:04.002,1,1573.0,698.0,1743.0,917.0
27895,21:04.502,1,1621.0,665.0,1793.0,890.0
27910,21:05.002,1,1580.0,662.0,1754.0,882.0
27925,21:05.502,1,1594.0,646.0,1766.0,864.0
27940,21:06.002,1,1613.0,616.0,1787.0,841.0
27955,21:06.502,1,1587.0,606.0,1763.0,832.0
27970,21:07.003,1,1599.0,607.0,1770.0,832.0
27985,21:07.503,1,1595.0,641.0,1765.0,863.0
28000,21:08.003,1,1575.0,808.0,1744.0,1025.0
28015,21:08.503,1,1653.0,796.0,1828.0,1021.0
28030,21:09.003,1,1630.0,743.0,1801.0,967.0
28045,21:09.503,1,1576.0,670.0,1748.0,889.0
28060,21:10.003,1,1635.0,575.0,1809.0,794.0
28075,21:10.503,1,1643.0,453.0,1823.0,682.0
28090,21:11.005,1,1697.0,738.0,1871.0,966.0
28105,21:11.505,1,1523.0,741.0,1689.0,960.0
28120,21:12.005,1,1352.0,741.0,1513.0,945.0
28135,21:12.505,1,1386.0,778.0,1542.0,985.0
28150,21:13.005,1,1289.0,787.0,1448.0,1000.0
28165,21:13.505,1,1363.0,750.0,1525.0,962.0
28180,21:14.005,1,1344.0,707.0,1503.0,917.0
28196,21:14.530,1,1419.0,708.0,1580.0,921.0
28211,21:15.030,1,1352.0,691.0,1511.0,903.0
28226,21:15.532,1,1334.0,649.0,1493.0,858.0
28241,21:16.032,1,1279.0,658.0,1438.0,875.0
28256,21:16.532,1,1323.0,702.0,1478.0,919.0
28271,21:17.032,1,1487.0,765.0,1653.0,986.0
28286,21:17.532,1,1548.0,749.0,1718.0,969.0
28301,21:18.032,1,1619.0,737.0,1792.0,956.0
28316,21:18.532,1,1483.0,781.0,1648.0,993.0
28331,21:19.032,1,1277.0,792.0,1434.0,1007.0
28345,21:19.500,1,1314.0,741.0,1473.0,958.0
28360,21:20.000,1,1392.0,825.0,1560.0,1051.0
28375,21:20.500,1,1450.0,882.0,1613.0,1099.0
28390,21:21.000,1,1513.0,733.0,1682.0,961.0
28405,21:21.500,1,1448.0,852.0,1613.0,1076.0
28420,21:22.000,1,1494.0,752.0,1660.0,967.0
28435,21:22.500,1,1517.0,731.0,1684.0,949.0
28450,21:23.000,1,1581.0,674.0,1755.0,893.0
28465,21:23.500,1,1590.0,648.0,1760.0,869.0
28480,21:24.002,1,1629.0,625.0,1804.0,846.0
28495,21:24.502,1,1501.0,545.0,1667.0,766.0
28510,21:25.002,1,1476.0,568.0,1644.0,794.0
28525,21:25.502,1,1485.0,486.0,1655.0,715.0
28540,21:26.002,1,1435.0,536.0,1601.0,758.0
28555,21:26.502,1,1480.0,739.0,1646.0,960.0
28570,21:27.002,1,1569.0,730.0,1740.0,956.0
28585,21:27.502,1,1682.0,861.0,1861.0,1091.0
28600,21:28.003,1,1504.0,775.0,1670.0,996.0
28615,21:28.503,1,1419.0,682.0,1585.0,903.0
28630,21:29.003,1,1480.0,713.0,1649.0,946.0
28645,21:29.503,1,1558.0,700.0,1735.0,928.0
28660,21:30.003,1,1723.0,707.0,1909.0,947.0
28675,21:30.503,1,1693.0,705.0,1874.0,931.0
28690,21:31.003,1,1704.0,723.0,1886.0,957.0
28705,21:31.503,1,1742.0,696.0,1926.0,920.0
28720,21:32.003,1,1778.0,677.0,1966.0,901.0
28735,21:32.505,1,1397.0,659.0,1560.0,874.0
28750,21:33.005,1,1337.0,679.0,1495.0,888.0
28765,21:33.505,1,1364.0,644.0,1527.0,858.0
28780,21:34.005,1,1371.0,604.0,1536.0,834.0
28796,21:34.530,1,1335.0,660.0,1494.0,869.0
28811,21:35.030,1,1457.0,657.0,1626.0,870.0
28826,21:35.530,1,1391.0,697.0,1553.0,912.0
28841,21:36.030,1,1421.0,670.0,1580.0,881.0
28856,21:36.532,1,1629.0,811.0,1805.0,1037.0
28871,21:37.032,1,1383.0,777.0,1539.0,991.0
28886,21:37.532,1,1393.0,803.0,1551.0,1016.0
28901,21:38.032,1,1367.0,750.0,1525.0,961.0
28916,21:38.532,1,1310.0,779.0,1463.0,986.0
28931,21:39.032,1,1307.0,768.0,1461.0,972.0
28946,21:39.532,1,1379.0,745.0,1536.0,955.0
28961,21:40.032,1,1365.0,850.0,1525.0,1060.0
28976,21:40.532,1,1399.0,811.0,1562.0,1027.0
28990,21:41.000,1,1673.0,863.0,1858.0,1101.0
29005,21:41.500,1,1669.0,648.0,1852.0,878.0
29020,21:42.000,1,1605.0,795.0,1778.0,1024.0
29035,21:42.500,1,1513.0,966.0,1675.0,1184.0
29050,21:43.000,1,1560.0,880.0,1722.0,1097.0
29065,21:43.500,1,1485.0,740.0,1647.0,956.0
29080,21:44.000,1,1363.0,713.0,1520.0,919.0
29095,21:44.500,1,1523.0,697.0,1686.0,908.0
29110,21:45.000,1,1482.0,736.0,1642.0,949.0
29125,21:45.502,1,1450.0,727.0,1609.0,940.0
29140,21:46.002,1,1426.0,726.0,1582.0,932.0
29155,21:46.502,1,1404.0,724.0,1560.0,939.0
29170,21:47.002,1,1394.0,698.0,1552.0,905.0
29185,21:47.502,1,1384.0,693.0,1538.0,906.0
29200,21:48.002,1,1385.0,685.0,1542.0,900.0
29215,21:48.502,1,1490.0,702.0,1655.0,920.0
29230,21:49.002,1,1503.0,848.0,1667.0,1076.0
29245,21:49.503,1,1537.0,798.0,1704.0,1020.0
29260,21:50.003,1,1544.0,917.0,1713.0,1140.0
29275,21:50.503,1,1509.0,945.0,1674.0,1167.0
29290,21:51.003,1,1555.0,807.0,1722.0,1027.0
29305,21:51.503,1,1563.0,749.0,1727.0,975.0
29320,21:52.003,1,1535.0,765.0,1700.0,987.0
29335,21:52.503,1,1476.0,770.0,1640.0,983.0
29350,21:53.003,1,1581.0,725.0,1750.0,950.0
29365,21:53.503,1,1438.0,756.0,1597.0,969.0
29379,21:54.005,1,1471.0,803.0,1633.0,1021.0
29394,21:54.505,1,1361.0,777.0,1518.0,979.0
29409,21:55.005,1,1339.0,777.0,1493.0,979.0
29425,21:55.530,1,1311.0,683.0,1466.0,890.0
29440,21:56.030,1,1357.0,660.0,1513.0,865.0
29455,21:56.530,1,1352.0,690.0,1509.0,897.0
29470,21:57.030,1,1359.0,682.0,1517.0,886.0
29485,21:57.530,1,1408.0,727.0,1567.0,935.0
29500,21:58.032,1,1458.0,760.0,1619.0,964.0
29515,21:58.532,1,1433.0,786.0,1592.0,994.0
29530,21:59.032,1,1585.0,858.0,1755.0,1079.0
29545,21:59.532,1,1576.0,809.0,1746.0,1033.0
29560,22:00.032,1,1578.0,771.0,1749.0,990.0
29575,22:00.532,1,1606.0,642.0,1777.0,862.0
29590,22:01.032,1,1578.0,596.0,1753.0,823.0
29605,22:01.532,1,1327.0,599.0,1482.0,811.0
29620,22:02.032,1,1330.0,596.0,1487.0,805.0
29634,22:02.500,1,1334.0,609.0,1492.0,825.0
29649,22:03.000,1,1351.0,612.0,1511.0,829.0
29664,22:03.500,1,1377.0,597.0,1536.0,813.0
29679,22:04.000,1,1394.0,593.0,1553.0,804.0
29694,22:04.500,1,1377.0,608.0,1534.0,822.0
29709,22:05.000,1,1367.0,662.0,1523.0,871.0
29724,22:05.500,1,1373.0,710.0,1528.0,914.0
29739,22:06.000,1,1373.0,717.0,1527.0,919.0
29754,22:06.500,1,1374.0,724.0,1528.0,924.0
29769,22:07.002,1,1389.0,704.0,1545.0,907.0
29784,22:07.502,1,1413.0,700.0,1569.0,900.0
29799,22:08.002,1,1417.0,681.0,1573.0,886.0
29814,22:08.502,1,1428.0,668.0,1584.0,876.0
29829,22:09.002,1,1451.0,670.0,1608.0,873.0
29844,22:09.502,1,1461.0,661.0,1618.0,865.0
29859,22:10.002,1,1464.0,650.0,1622.0,862.0
29874,22:10.502,1,1421.0,656.0,1581.0,867.0
29889,22:11.003,1,1370.0,680.0,1525.0,888.0
29904,22:11.503,1,1322.0,686.0,1477.0,896.0
29919,22:12.003,1,1314.0,688.0,1469.0,899.0
29934,22:12.503,1,1322.0,696.0,1475.0,903.0
29949,22:13.003,1,1317.0,703.0,1472.0,908.0
29964,22:13.503,1,1317.0,693.0,1470.0,901.0
29979,22:14.003,1,1322.0,691.0,1478.0,898.0
29995,22:14.528,1,1312.0,697.0,1466.0,909.0
30010,22:15.028,1,1308.0,711.0,1467.0,926.0
30025,22:15.530,1,1303.0,718.0,1462.0,933.0
30040,22:16.030,1,1328.0,818.0,1481.0,1031.0
30055,22:16.530,1,1341.0,892.0,1496.0,1112.0
30070,22:17.030,1,1329.0,804.0,1482.0,1010.0
30085,22:17.530,1,1322.0,803.0,1475.0,1011.0
30100,22:18.030,1,1321.0,824.0,1476.0,1028.0
30115,22:18.530,1,1407.0,819.0,1565.0,1031.0
30130,22:19.030,1,1434.0,889.0,1593.0,1104.0
30145,22:19.532,1,1440.0,912.0,1598.0,1125.0
30160,22:20.032,1,1461.0,903.0,1626.0,1125.0
30175,22:20.532,1,1524.0,1072.0,1697.0,1318.0
30190,22:21.032,1,1612.0,820.0,1782.0,1044.0
30205,22:21.532,1,1631.0,776.0,1803.0,992.0
30220,22:22.032,1,1630.0,790.0,1801.0,1011.0
30235,22:22.532,1,1551.0,665.0,1717.0,876.0
30250,22:23.032,1,1495.0,801.0,1658.0,1027.0
30265,22:23.532,1,1387.0,876.0,1542.0,1090.0
30279,22:24.000,1,1357.0,814.0,1514.0,1022.0
30294,22:24.500,1,1365.0,855.0,1521.0,1078.0
30309,22:25.000,1,1374.0,787.0,1529.0,999.0
30324,22:25.500,1,1360.0,881.0,1518.0,1092.0
30339,22:26.000,1,1419.0,1022.0,1578.0,1246.0
30354,22:26.500,1,1599.0,878.0,1768.0,1099.0
30369,22:27.000,1,1535.0,847.0,1700.0,1072.0
30384,22:27.500,1,1494.0,788.0,1652.0,1008.0
30399,22:28.002,1,1532.0,756.0,1696.0,974.0
30414,22:28.502,1,1556.0,719.0,1719.0,937.0
30429,22:29.002,1,1531.0,774.0,1693.0,991.0
30444,22:29.502,1,1450.0,741.0,1606.0,955.0
30459,22:30.002,1,1425.0,705.0,1585.0,916.0
30474,22:30.502,1,1390.0,702.0,1543.0,910.0
30489,22:31.002,1,1378.0,702.0,1531.0,909.0
30504,22:31.502,1,1358.0,721.0,1507.0,925.0
30519,22:32.002,1,1360.0,725.0,1512.0,927.0
30534,22:32.503,1,1357.0,726.0,1508.0,938.0
30549,22:33.003,1,1382.0,716.0,1535.0,922.0
30564,22:33.503,1,1370.0,713.0,1524.0,918.0
30579,22:34.003,1,1381.0,723.0,1534.0,928.0
30594,22:34.503,1,1396.0,720.0,1552.0,924.0
30609,22:35.003,1,1462.0,707.0,1621.0,912.0
30625,22:35.528,1,1456.0,698.0,1613.0,905.0
30640,22:36.028,1,1376.0,702.0,1531.0,909.0
30655,22:36.528,1,1368.0,716.0,1522.0,926.0
30670,22:37.030,1,1399.0,727.0,1556.0,947.0
30685,22:37.530,1,1524.0,795.0,1689.0,1022.0
30700,22:38.030,1,1416.0,779.0,1572.0,995.0
30715,22:38.530,1,1365.0,825.0,1519.0,1031.0
30730,22:39.030,1,1518.0,726.0,1678.0,941.0
30745,22:39.530,1,1544.0,622.0,1709.0,833.0
30760,22:40.030,1,1707.0,859.0,1881.0,1083.0
30775,22:40.530,1,1430.0,796.0,1586.0,1008.0
30790,22:41.032,1,1488.0,732.0,1647.0,942.0
30805,22:41.532,1,1455.0,701.0,1607.0,909.0
30820,22:42.032,1,1426.0,708.0,1580.0,911.0
30835,22:42.532,1,1447.0,690.0,1601.0,896.0
30850,22:43.032,1,1444.0,671.0,1595.0,881.0
30865,22:43.532,1,1429.0,699.0,1583.0,909.0
30880,22:44.032,1,1427.0,715.0,1582.0,925.0
30895,22:44.532,1,1437.0,710.0,1592.0,919.0
30910,22:45.032,1,1467.0,687.0,1625.0,902.0
30924,22:45.500,1,1460.0,689.0,1619.0,899.0
30939,22:46.000,1,1487.0,649.0,1652.0,859.0
30954,22:46.500,1,1459.0,654.0,1621.0,862.0
30969,22:47.000,1,1476.0,666.0,1635.0,882.0
30984,22:47.500,1,1476.0,677.0,1638.0,887.0
30999,22:48.000,1,1479.0,667.0,1638.0,882.0
31014,22:48.500,1,1445.0,673.0,1599.0,881.0
31029,22:49.000,1,1379.0,702.0,1532.0,905.0
31044,22:49.502,1,1374.0,688.0,1526.0,899.0
31059,22:50.002,1,1384.0,688.0,1534.0,894.0
31074,22:50.502,1,1389.0,674.0,1543.0,887.0
31089,22:51.002,1,1393.0,642.0,1546.0,851.0
31104,22:51.502,1,1385.0,649.0,1535.0,858.0
31119,22:52.002,1,1382.0,657.0,1533.0,866.0
31134,22:52.502,1,1383.0,654.0,1535.0,860.0
31149,22:53.002,1,1387.0,688.0,1538.0,898.0
31164,22:53.502,1,1405.0,678.0,1558.0,886.0
31179,22:54.003,1,1404.0,707.0,1558.0,911.0
31194,22:54.503,1,1376.0,716.0,1530.0,921.0
31209,22:55.003,1,1379.0,724.0,1533.0,932.0
31224,22:55.503,1,1370.0,701.0,1523.0,910.0
31240,22:56.028,1,1495.0,772.0,1657.0,989.0
31255,22:56.528,1,1524.0,771.0,1687.0,987.0
31270,22:57.028,1,1533.0,755.0,1695.0,969.0
31285,22:57.528,1,1432.0,724.0,1589.0,938.0
31300,22:58.030,1,1456.0,686.0,1613.0,888.0
31315,22:58.530,1,1645.0,644.0,1819.0,859.0
31330,22:59.030,1,1648.0,661.0,1822.0,883.0
31345,22:59.530,1,1635.0,653.0,1805.0,867.0
31360,23:00.030,1,1624.0,648.0,1793.0,861.0
31375,23:00.530,1,1601.0,622.0,1770.0,845.0
31390,23:01.030,1,1610.0,611.0,1778.0,838.0
31405,23:01.530,1,1428.0,627.0,1582.0,835.0
31420,23:02.030,1,1390.0,660.0,1543.0,862.0
31435,23:02.532,1,1377.0,653.0,1529.0,858.0
31450,23:03.032,1,1374.0,649.0,1525.0,852.0
31465,23:03.532,1,1391.0,611.0,1546.0,815.0
31480,23:04.032,1,1412.0,627.0,1575.0,832.0
31495,23:04.532,1,1403.0,645.0,1560.0,842.0
31510,23:05.032,1,1411.0,650.0,1569.0,848.0
31525,23:05.532,1,1389.0,632.0,1546.0,841.0
31540,23:06.032,1,1394.0,621.0,1547.0,829.0
31554,23:06.500,1,1412.0,855.0,1569.0,1069.0
31569,23:07.000,1,1403.0,747.0,1558.0,952.0
31584,23:07.500,1,1389.0,684.0,1537.0,884.0
31599,23:08.000,1,1376.0,649.0,1529.0,856.0
31614,23:08.500,1,1391.0,668.0,1543.0,865.0
31629,23:09.000,1,1397.0,669.0,1549.0,873.0
31644,23:09.500,1,1395.0,666.0,1549.0,867.0
31659,23:10.000,1,1395.0,679.0,1547.0,883.0
31674,23:10.500,1,1388.0,670.0,1538.0,877.0
31689,23:11.002,1,1382.0,671.0,1533.0,874.0
31704,23:11.502,1,1387.0,663.0,1536.0,862.0
31719,23:12.002,1,1371.0,644.0,1523.0,847.0
31734,23:12.502,1,1375.0,654.0,1526.0,858.0
31749,23:13.002,1,1465.0,932.0,1626.0,1152.0
31764,23:13.502,1,1341.0,815.0,1495.0,1018.0
31779,23:14.002,1,1328.0,789.0,1475.0,992.0
31794,23:14.502,1,1342.0,754.0,1493.0,957.0
31809,23:15.002,1,1348.0,732.0,1500.0,938.0
31824,23:15.503,1,1368.0,724.0,1520.0,924.0
31840,23:16.028,1,1360.0,714.0,1513.0,916.0
31855,23:16.528,1,1365.0,704.0,1517.0,902.0
31870,23:17.028,1,1352.0,688.0,1504.0,887.0
31885,23:17.528,1,1371.0,673.0,1523.0,873.0
31900,23:18.028,1,1371.0,683.0,1522.0,878.0
31915,23:18.528,1,1385.0,699.0,1536.0,899.0
31930,23:19.028,1,1395.0,705.0,1548.0,906.0
31945,23:19.530,1,1392.0,711.0,1545.0,916.0
31960,23:20.030,1,1391.0,712.0,1543.0,918.0
31975,23:20.530,1,1388.0,706.0,1539.0,911.0
31990,23:21.030,1,1388.0,709.0,1540.0,911.0
32005,23:21.530,1,1389.0,708.0,1542.0,913.0
32020,23:22.030,1,1389.0,704.0,1540.0,909.0
32035,23:22.530,1,1389.0,713.0,1540.0,920.0
32050,23:23.030,1,1387.0,703.0,1539.0,907.0
32065,23:23.530,1,1381.0,700.0,1533.0,903.0
32080,23:24.032,1,1362.0,700.0,1517.0,908.0
32095,23:24.532,1,1356.0,727.0,1508.0,936.0
32110,23:25.032,1,1329.0,826.0,1478.0,1029.0
32125,23:25.532,1,1263.0,806.0,1411.0,1020.0
32140,23:26.032,1,1239.0,794.0,1388.0,997.0
32155,23:26.532,1,1259.0,745.0,1411.0,957.0
32170,23:27.032,1,1264.0,737.0,1417.0,938.0
32185,23:27.532,1,1271.0,706.0,1421.0,915.0
32199,23:28.000,1,1287.0,720.0,1437.0,933.0
32214,23:28.500,1,1346.0,718.0,1496.0,923.0
32229,23:29.000,1,1386.0,720.0,1539.0,932.0
32244,23:29.500,1,1435.0,727.0,1591.0,930.0
32259,23:30.000,1,1558.0,660.0,1717.0,868.0
32274,23:30.500,1,1523.0,666.0,1681.0,869.0
32289,23:31.000,1,1525.0,662.0,1685.0,869.0
32304,23:31.500,1,1523.0,682.0,1682.0,889.0
32319,23:32.000,1,1544.0,782.0,1708.0,991.0
32334,23:32.502,1,1612.0,757.0,1781.0,976.0
32349,23:33.002,1,1618.0,738.0,1782.0,956.0
32364,23:33.502,1,1562.0,755.0,1721.0,967.0
32379,23:34.002,1,1535.0,779.0,1694.0,990.0
32394,23:34.502,1,1604.0,723.0,1767.0,940.0
32409,23:35.002,1,1359.0,778.0,1507.0,974.0
32424,23:35.502,1,1325.0,809.0,1472.0,1004.0
32439,23:36.002,1,1421.0,749.0,1576.0,955.0
32455,23:36.527,1,1479.0,704.0,1636.0,908.0
32470,23:37.028,1,1599.0,724.0,1761.0,932.0
32485,23:37.528,1,1758.0,722.0,1944.0,950.0
32500,23:38.028,1,1794.0,649.0,1977.0,869.0
32515,23:38.528,1,1738.0,606.0,1916.0,832.0
32530,23:39.028,1,1410.0,666.0,1568.0,876.0
32545,23:39.528,1,1383.0,691.0,1536.0,902.0
32560,23:40.028,1,1324.0,689.0,1474.0,896.0
32575,23:40.528,1,1340.0,848.0,1492.0,1057.0
32590,23:41.030,1,1221.0,924.0,1375.0,1140.0
32605,23:41.530,1,1045.0,725.0,1200.0,926.0
32620,23:42.030,1,1031.0,645.0,1196.0,840.0
32635,23:42.530,1,1188.0,766.0,1349.0,966.0
32650,23:43.030,1,1213.0,583.0,1374.0,783.0
32665,23:43.530,1,1254.0,605.0,1412.0,810.0
32680,23:44.030,1,1404.0,624.0,1561.0,833.0
32695,23:44.530,1,1469.0,589.0,1629.0,809.0
32710,23:45.030,1,1531.0,597.0,1695.0,817.0
32725,23:45.532,1,1550.0,563.0,1718.0,788.0
32740,23:46.032,1,1405.0,595.0,1566.0,810.0
32755,23:46.532,1,1282.0,650.0,1435.0,857.0
32770,23:47.032,1,1290.0,657.0,1439.0,867.0
32785,23:47.532,1,1295.0,654.0,1447.0,862.0
32800,23:48.032,1,1303.0,713.0,1456.0,920.0
32815,23:48.532,1,1228.0,810.0,1376.0,1011.0
32830,23:49.032,1,1256.0,727.0,1406.0,931.0
32844,23:49.500,1,1304.0,701.0,1454.0,912.0
32859,23:50.000,1,1324.0,708.0,1472.0,910.0
32874,23:50.500,1,1333.0,719.0,1486.0,925.0
32889,23:51.000,1,1329.0,692.0,1477.0,894.0
32904,23:51.500,1,1361.0,672.0,1515.0,882.0
32919,23:52.000,1,1378.0,659.0,1533.0,866.0
32934,23:52.500,1,1416.0,672.0,1574.0,879.0
32949,23:53.000,1,1477.0,663.0,1638.0,873.0
32964,23:53.500,1,1521.0,674.0,1687.0,884.0
32979,23:54.002,1,1522.0,681.0,1689.0,900.0
32994,23:54.502,1,1513.0,673.0,1674.0,878.0
33009,23:55.002,1,1509.0,638.0,1672.0,845.0
33024,23:55.502,1,1594.0,676.0,1765.0,889.0
33039,23:56.002,1,1506.0,631.0,1668.0,842.0
33055,23:56.527,1,1525.0,610.0,1691.0,826.0
33070,23:57.027,1,1483.0,633.0,1648.0,844.0
33085,23:57.527,1,1264.0,709.0,1410.0,911.0
33100,23:58.028,1,1338.0,711.0,1489.0,907.0
33115,23:58.528,1,1364.0,730.0,1516.0,933.0
33130,23:59.028,1,1315.0,717.0,1468.0,923.0
33145,23:59.528,1,1296.0,712.0,1442.0,910.0
33160,24:00.028,1,1296.0,729.0,1443.0,936.0
33175,24:00.528,1,1290.0,723.0,1437.0,926.0
33190,24:01.028,1,1297.0,715.0,1443.0,915.0
33205,24:01.528,1,1296.0,719.0,1443.0,919.0
33220,24:02.028,1,1255.0,751.0,1404.0,950.0
33235,24:02.530,1,1254.0,711.0,1403.0,911.0
33250,24:03.030,1,1270.0,724.0,1420.0,929.0
33265,24:03.530,1,1286.0,746.0,1437.0,947.0
33280,24:04.030,1,1295.0,755.0,1447.0,959.0
33295,24:04.530,1,1394.0,716.0,1550.0,923.0
33310,24:05.030,1,1491.0,716.0,1654.0,930.0
33325,24:05.530,1,1495.0,744.0,1656.0,958.0
33340,24:06.030,1,1492.0,752.0,1654.0,962.0
33355,24:06.532,1,1501.0,755.0,1661.0,964.0
33370,24:07.032,1,1442.0,782.0,1596.0,983.0
33385,24:07.532,1,1299.0,777.0,1450.0,978.0
33400,24:08.032,1,1268.0,775.0,1419.0,980.0
33415,24:08.532,1,1262.0,766.0,1415.0,972.0
33430,24:09.032,1,1253.0,763.0,1409.0,965.0
33445,24:09.532,1,1300.0,819.0,1454.0,1036.0
33460,24:10.032,1,1600.0,875.0,1770.0,1092.0
33475,24:10.532,1,1870.0,949.0,2054.0,1172.0
33489,24:11.000,1,1899.0,1018.0,2087.0,1252.0
33504,24:11.500,1,1867.0,1024.0,2050.0,1258.0
33519,24:12.000,1,1751.0,1060.0,1926.0,1291.0
33534,24:12.500,1,1567.0,1022.0,1731.0,1243.0
33549,24:13.000,1,1463.0,882.0,1620.0,1093.0
33564,24:13.500,1,1413.0,756.0,1564.0,958.0
33579,24:14.000,1,1218.0,695.0,1365.0,887.0
33594,24:14.500,1,1267.0,728.0,1414.0,936.0
33609,24:15.002,1,1263.0,725.0,1409.0,929.0
33624,24:15.502,1,1336.0,741.0,1487.0,943.0
33639,24:16.002,1,1324.0,768.0,1474.0,964.0
33654,24:16.502,1,1334.0,806.0,1489.0,1008.0
33670,24:17.027,1,1355.0,839.0,1514.0,1038.0
33685,24:17.527,1,1345.0,798.0,1498.0,998.0
33700,24:18.027,1,1351.0,753.0,1507.0,956.0
33715,24:18.527,1,1348.0,750.0,1503.0,946.0
33730,24:19.027,1,1356.0,742.0,1515.0,941.0
33745,24:19.528,1,1403.0,824.0,1560.0,1027.0
33760,24:20.028,1,1305.0,727.0,1459.0,929.0
33775,24:20.528,1,1315.0,714.0,1469.0,911.0
33790,24:21.028,1,1311.0,716.0,1465.0,918.0
33805,24:21.528,1,1342.0,684.0,1492.0,881.0
33820,24:22.028,1,1346.0,667.0,1494.0,864.0
33835,24:22.528,1,1358.0,684.0,1510.0,884.0
33850,24:23.028,1,1232.0,788.0,1378.0,984.0
33865,24:23.530,1,1233.0,813.0,1381.0,1017.0
33880,24:24.030,1,1334.0,810.0,1485.0,1013.0
33895,24:24.530,1,1330.0,791.0,1478.0,995.0
33911,24:25.030,1,1276.0,772.0,1423.0,973.0
33926,24:25.530,1,1401.0,783.0,1554.0,987.0
33941,24:26.030,1,1344.0,739.0,1496.0,948.0
33956,24:26.530,1,1355.0,707.0,1507.0,909.0
33971,24:27.030,1,1233.0,771.0,1379.0,969.0
33986,24:27.530,1,1310.0,732.0,1461.0,938.0
34001,24:28.032,1,1291.0,777.0,1439.0,975.0
34016,24:28.532,1,1304.0,733.0,1460.0,945.0
34031,24:29.032,1,1232.0,906.0,1388.0,1118.0
34046,24:29.532,1,1276.0,923.0,1435.0,1142.0
34061,24:30.032,1,1304.0,777.0,1464.0,985.0
34076,24:30.532,1,1268.0,783.0,1421.0,990.0
34092,24:31.032,1,1341.0,934.0,1502.0,1152.0
34107,24:31.532,1,1450.0,881.0,1614.0,1097.0
34122,24:32.032,1,1454.0,821.0,1615.0,1034.0
34136,24:32.500,1,1511.0,742.0,1673.0,957.0
34151,24:33.000,1,1500.0,751.0,1663.0,970.0
34166,24:33.500,1,1515.0,787.0,1682.0,1006.0
34181,24:34.000,1,1520.0,864.0,1685.0,1087.0
34196,24:34.500,1,1497.0,827.0,1660.0,1045.0
34211,24:35.000,1,1485.0,815.0,1648.0,1029.0
34226,24:35.500,1,1466.0,801.0,1629.0,1013.0
34241,24:36.000,1,1488.0,746.0,1655.0,971.0
34256,24:36.502,1,1486.0,759.0,1650.0,973.0
34271,24:37.002,1,1427.0,731.0,1588.0,952.0
34287,24:37.527,1,1399.0,769.0,1556.0,979.0
34302,24:38.027,1,1408.0,725.0,1571.0,940.0
34317,24:38.527,1,1179.0,771.0,1331.0,973.0
34332,24:39.027,1,1031.0,596.0,1185.0,801.0
34347,24:39.527,1,1084.0,639.0,1234.0,839.0
34362,24:40.027,1,1221.0,779.0,1370.0,978.0
34377,24:40.527,1,1265.0,779.0,1413.0,985.0
34392,24:41.028,1,1279.0,768.0,1427.0,966.0
34407,24:41.528,1,1274.0,839.0,1423.0,1042.0
34422,24:42.028,1,1374.0,854.0,1525.0,1062.0
34437,24:42.528,1,1359.0,831.0,1512.0,1033.0
34452,24:43.028,1,1431.0,871.0,1584.0,1078.0
34467,24:43.528,1,1358.0,971.0,1511.0,1178.0
34482,24:44.028,1,1248.0,788.0,1400.0,994.0
34497,24:44.528,1,1247.0,769.0,1397.0,964.0
34512,24:45.030,1,1400.0,895.0,1553.0,1100.0
34527,24:45.530,1,1269.0,832.0,1417.0,1037.0
34542,24:46.030,1,1282.0,771.0,1433.0,975.0
34557,24:46.530,1,1268.0,700.0,1418.0,900.0
34572,24:47.030,1,1301.0,695.0,1453.0,896.0
34587,24:47.530,1,1299.0,751.0,1450.0,956.0
34602,24:48.030,1,1308.0,765.0,1460.0,965.0
34617,24:48.530,1,1324.0,727.0,1475.0,937.0
34632,24:49.030,1,1313.0,757.0,1465.0,958.0
34647,24:49.532,1,1325.0,736.0,1476.0,943.0
34662,24:50.032,1,1274.0,839.0,1424.0,1041.0
34677,24:50.532,1,1192.0,757.0,1340.0,960.0
34692,24:51.032,1,1209.0,705.0,1357.0,907.0
34707,24:51.532,1,1381.0,843.0,1535.0,1060.0
34722,24:52.032,1,1227.0,974.0,1378.0,1186.0
34737,24:52.532,1,1209.0,959.0,1359.0,1166.0
34752,24:53.032,1,1231.0,781.0,1378.0,974.0
34766,24:53.500,1,1367.0,731.0,1521.0,936.0
34781,24:54.000,1,1370.0,730.0,1525.0,933.0
34796,24:54.500,1,1457.0,740.0,1617.0,951.0
34811,24:55.000,1,1183.0,678.0,1334.0,882.0
34826,24:55.500,1,1251.0,736.0,1401.0,933.0
34841,24:56.000,1,1270.0,711.0,1417.0,910.0
34856,24:56.500,1,1369.0,733.0,1522.0,934.0
34871,24:57.000,1,1356.0,729.0,1509.0,934.0
34886,24:57.500,1,1367.0,706.0,1521.0,906.0
34902,24:58.027,1,1410.0,731.0,1566.0,940.0
34917,24:58.527,1,1405.0,747.0,1560.0,958.0
34932,24:59.027,1,1307.0,791.0,1454.0,990.0
34947,24:59.527,1,1203.0,715.0,1353.0,920.0
34962,25:00.027,1,1246.0,692.0,1395.0,893.0
34977,25:00.527,1,1271.0,698.0,1421.0,901.0
34992,25:01.027,1,1247.0,671.0,1397.0,875.0
35007,25:01.527,1,1358.0,687.0,1512.0,895.0
35022,25:02.028,1,1684.0,750.0,1856.0,972.0
35037,25:02.528,1,1678.0,636.0,1849.0,854.0
35052,25:03.028,1,1724.0,701.0,1900.0,917.0
35067,25:03.528,1,1823.0,691.0,2010.0,910.0
35081,25:04.028,1,1826.0,615.0,2016.0,837.0
35096,25:04.528,0,,,,
35111,25:05.028,1,1526.0,692.0,1687.0,887.0
35126,25:05.528,1,1330.0,738.0,1476.0,930.0
35141,25:06.028,1,1660.0,667.0,1818.0,869.0
35156,25:06.530,0,,,,
35171,25:07.030,0,,,,
35186,25:07.530,0,,,,
35201,25:08.030,0,,,,
35216,25:08.530,0,,,,
35231,25:09.030,0,,,,
35246,25:09.530,0,,,,
35261,25:10.030,0,,,,
35276,25:10.530,0,,,,
35291,25:11.032,0,,,,
35306,25:11.532,0,,,,
35321,25:12.032,0,,,,
35336,25:12.532,0,,,,
35351,25:13.032,0,,,,
35366,25:13.532,0,,,,
35381,25:14.032,0,,,,
35396,25:14.532,0,,,,
35410,25:15.000,0,,,,
35425,25:15.500,0,,,,
35440,25:16.000,0,,,,
35455,25:16.500,0,,,,
35470,25:17.000,0,,,,
35485,25:17.500,0,,,,
35500,25:18.000,0,,,,
35516,25:18.525,0,,,,
35532,25:19.025,0,,,,
35547,25:19.527,0,,,,
35562,25:20.027,0,,,,
35577,25:20.527,0,,,,
35592,25:21.027,0,,,,
35607,25:21.527,0,,,,
35622,25:22.027,0,,,,
35637,25:22.527,0,,,,
35652,25:23.027,0,,,,
35667,25:23.528,0,,,,
35682,25:24.028,0,,,,
35697,25:24.528,0,,,,
35712,25:25.028,0,,,,
35727,25:25.528,0,,,,
35742,25:26.028,0,,,,
35757,25:26.528,0,,,,
35772,25:27.028,0,,,,
35787,25:27.528,0,,,,
35802,25:28.030,0,,,,
35817,25:28.530,0,,,,
35832,25:29.030,0,,,,
35847,25:29.530,0,,,,
35862,25:30.030,0,,,,
35877,25:30.530,0,,,,
35892,25:31.030,0,,,,
35907,25:31.530,0,,,,
35922,25:32.032,0,,,,
35937,25:32.532,0,,,,
35952,25:33.032,0,,,,
35967,25:33.532,0,,,,
35982,25:34.032,0,,,,
35997,25:34.532,0,,,,
36012,25:35.032,0,,,,
36027,25:35.532,0,,,,
36042,25:36.032,0,,,,
36056,25:36.500,0,,,,
36071,25:37.000,0,,,,
36085,25:37.533,0,,,,
36099,25:38.000,1,1642.0,309.0,1807.0,520.0
