frame,time,faces_detected_count,face_0_tl_x,face_0_tl_y,face_0_br_x,face_0_br_y,face_1_tl_x,face_1_tl_y,face_1_br_x,face_1_br_y,face_2_tl_x,face_2_tl_y,face_2_br_x,face_2_br_y,face_3_tl_x,face_3_tl_y,face_3_br_x,face_3_br_y
37100,32:56.667,2,1497,902,1595,1033,522.0,870.0,676.0,1068.0,,,,,,,,
37101,40:25.328,2,1497,907,1596,1039,523.0,876.0,675.0,1073.0,,,,,,,,
37102,40:25.362,2,1499,928,1596,1060,523.0,887.0,675.0,1086.0,,,,,,,,
37103,40:25.395,2,1505,949,1602,1082,528.0,900.0,682.0,1103.0,,,,,,,,
37104,40:25.428,2,1516,969,1615,1105,540.0,914.0,696.0,1118.0,,,,,,,,
37105,40:25.462,2,1532,987,1632,1121,556.0,934.0,712.0,1136.0,,,,,,,,
37106,40:25.495,2,1551,994,1651,1130,580.0,944.0,732.0,1143.0,,,,,,,,
37107,40:25.528,2,1568,994,1668,1127,599.0,945.0,750.0,1144.0,,,,,,,,
37108,40:25.562,2,1576,979,1677,1113,611.0,935.0,761.0,1129.0,,,,,,,,
37109,40:25.595,2,1579,964,1678,1096,615.0,916.0,761.0,1111.0,,,,,,,,
37110,40:25.628,2,1576,952,1676,1086,612.0,904.0,762.0,1099.0,,,,,,,,
37111,40:25.662,2,1572,942,1672,1077,609.0,893.0,758.0,1088.0,,,,,,,,
37112,40:25.695,2,1567,938,1665,1073,603.0,885.0,754.0,1082.0,,,,,,,,
37113,40:25.728,2,1562,932,1660,1066,598.0,879.0,748.0,1078.0,,,,,,,,
37114,40:25.762,2,1556,926,1655,1061,592.0,875.0,742.0,1072.0,,,,,,,,
37115,40:25.795,2,1551,922,1649,1055,585.0,872.0,736.0,1069.0,,,,,,,,
37116,40:25.828,2,1549,917,1647,1051,583.0,871.0,735.0,1068.0,,,,,,,,
37117,40:25.862,2,1550,907,1647,1039,583.0,862.0,736.0,1059.0,,,,,,,,
37118,40:25.895,2,1552,898,1648,1029,585.0,853.0,736.0,1050.0,,,,,,,,
37119,40:25.928,2,1552,887,1649,1020,587.0,842.0,737.0,1040.0,,,,,,,,
37120,40:25.962,2,1553,878,1650,1013,588.0,837.0,737.0,1029.0,,,,,,,,
37121,40:25.995,2,1551,872,1648,1004,583.0,823.0,735.0,1021.0,,,,,,,,
37122,40:26.028,2,1548,860,1645,993,580.0,813.0,733.0,1010.0,,,,,,,,
37123,40:26.062,2,1544,848,1642,985,576.0,803.0,728.0,1002.0,,,,,,,,
37124,40:26.095,2,1537,844,1634,980,569.0,801.0,720.0,999.0,,,,,,,,
37125,40:26.128,2,1532,843,1628,976,562.0,799.0,712.0,995.0,,,,,,,,
37126,40:26.162,2,1525,841,1622,974,553.0,798.0,705.0,995.0,,,,,,,,
37127,40:26.195,2,1521,841,1617,974,548.0,799.0,701.0,998.0,,,,,,,,
37128,40:26.228,2,1518,844,1614,976,544.0,805.0,698.0,1003.0,,,,,,,,
37129,40:26.262,2,1517,844,1613,976,542.0,808.0,697.0,1005.0,,,,,,,,
37130,40:26.295,2,1516,846,1613,978,543.0,812.0,696.0,1007.0,,,,,,,,
37131,40:26.328,2,1516,847,1612,985,541.0,816.0,694.0,1014.0,,,,,,,,
37132,40:26.362,2,1517,856,1614,993,543.0,825.0,695.0,1020.0,,,,,,,,
37133,40:26.395,2,1517,860,1615,997,544.0,828.0,697.0,1023.0,,,,,,,,
37134,40:26.428,2,1518,861,1615,997,545.0,827.0,699.0,1023.0,,,,,,,,
37135,40:26.462,2,1517,864,1614,998,543.0,829.0,697.0,1023.0,,,,,,,,
37136,40:26.495,2,1515,864,1611,999,541.0,829.0,693.0,1025.0,,,,,,,,
37137,40:26.528,2,1514,870,1611,1002,540.0,834.0,692.0,1029.0,,,,,,,,
37138,40:26.562,2,1514,874,1610,1009,540.0,841.0,692.0,1034.0,,,,,,,,
37139,40:26.595,2,1511,881,1606,1016,537.0,845.0,689.0,1039.0,,,,,,,,
37140,40:26.628,2,1510,883,1605,1019,535.0,848.0,688.0,1042.0,,,,,,,,
37141,40:26.662,2,1509,883,1604,1019,535.0,847.0,688.0,1042.0,,,,,,,,
37142,40:26.695,2,1508,883,1603,1019,534.0,847.0,687.0,1042.0,,,,,,,,
37143,40:26.728,2,1505,886,1601,1022,531.0,849.0,685.0,1047.0,,,,,,,,
37144,40:26.762,2,1502,884,1600,1019,527.0,847.0,680.0,1042.0,,,,,,,,
37145,40:26.797,2,1498,882,1594,1017,520.0,846.0,675.0,1042.0,,,,,,,,
37146,40:26.830,2,1492,883,1588,1019,514.0,845.0,670.0,1044.0,,,,,,,,
37147,40:26.863,2,1487,883,1584,1017,509.0,844.0,666.0,1043.0,,,,,,,,
37148,40:26.897,2,1485,881,1581,1016,505.0,845.0,663.0,1044.0,,,,,,,,
37149,40:26.930,2,1484,879,1580,1015,504.0,846.0,662.0,1044.0,,,,,,,,
37150,40:26.963,2,1484,874,1580,1009,506.0,844.0,663.0,1040.0,,,,,,,,
37151,40:26.997,2,1486,874,1582,1009,509.0,844.0,666.0,1041.0,,,,,,,,
37152,40:27.030,2,1490,874,1586,1009,515.0,845.0,670.0,1043.0,,,,,,,,
37153,40:27.063,2,1493,874,1589,1011,520.0,846.0,675.0,1044.0,,,,,,,,
37154,40:27.097,2,1496,874,1592,1009,525.0,847.0,679.0,1043.0,,,,,,,,
37155,40:27.130,2,1496,874,1593,1008,526.0,846.0,680.0,1041.0,,,,,,,,
37156,40:27.163,2,1494,872,1591,1006,525.0,844.0,679.0,1040.0,,,,,,,,
37157,40:27.197,2,1491,870,1588,1004,520.0,841.0,676.0,1038.0,,,,,,,,
37158,40:27.230,2,1487,870,1584,1003,514.0,840.0,672.0,1036.0,,,,,,,,
37159,40:27.263,2,1484,867,1578,999,510.0,833.0,666.0,1032.0,,,,,,,,
37160,40:27.297,2,1478,862,1574,995,505.0,831.0,661.0,1026.0,,,,,,,,
37161,40:27.330,2,1474,860,1570,993,500.0,830.0,657.0,1024.0,,,,,,,,
37162,40:27.363,2,1470,859,1564,991,494.0,824.0,650.0,1024.0,,,,,,,,
37163,40:27.397,2,1463,850,1559,984,486.0,825.0,645.0,1022.0,,,,,,,,
37164,40:27.430,2,1455,845,1549,979,475.0,819.0,634.0,1020.0,,,,,,,,
37165,40:27.463,2,1443,844,1538,977,462.0,815.0,623.0,1018.0,,,,,,,,
37166,40:27.497,2,1433,840,1528,973,446.0,813.0,611.0,1017.0,,,,,,,,
37167,40:27.530,2,1425,837,1519,968,437.0,810.0,601.0,1013.0,,,,,,,,
37168,40:27.563,2,1417,833,1511,965,430.0,809.0,594.0,1012.0,,,,,,,,
37169,40:27.597,2,1412,833,1506,964,423.0,807.0,584.0,1011.0,,,,,,,,
37170,40:27.630,2,1411,835,1504,967,423.0,810.0,583.0,1014.0,,,,,,,,
37171,40:27.663,2,1412,844,1506,975,424.0,820.0,584.0,1022.0,,,,,,,,
37172,40:27.697,2,1415,844,1509,977,427.0,824.0,588.0,1024.0,,,,,,,,
37173,40:27.730,2,1419,844,1513,976,432.0,827.0,595.0,1025.0,,,,,,,,
37174,40:27.763,2,1421,846,1516,979,435.0,832.0,597.0,1031.0,,,,,,,,
37175,40:27.797,2,1423,845,1517,979,436.0,832.0,598.0,1031.0,,,,,,,,
37176,40:27.830,2,1420,845,1515,978,434.0,829.0,596.0,1027.0,,,,,,,,
37177,40:27.863,2,1416,842,1512,975,430.0,826.0,590.0,1025.0,,,,,,,,
37178,40:27.897,2,1413,841,1508,974,427.0,824.0,587.0,1023.0,,,,,,,,
37179,40:27.930,2,1414,836,1508,966,427.0,818.0,587.0,1020.0,,,,,,,,
37180,40:27.963,2,1422,837,1516,967,435.0,817.0,599.0,1021.0,,,,,,,,
37181,40:27.997,2,1436,834,1530,964,455.0,814.0,615.0,1017.0,,,,,,,,
37182,40:28.030,2,1450,827,1545,960,473.0,809.0,632.0,1010.0,,,,,,,,
37183,40:28.063,2,1463,825,1560,959,490.0,811.0,646.0,1009.0,,,,,,,,
37184,40:28.097,2,1475,828,1571,961,502.0,809.0,660.0,1008.0,,,,,,,,
37185,40:28.130,2,1484,830,1579,962,513.0,806.0,670.0,1007.0,,,,,,,,
37186,40:28.163,2,1488,826,1586,960,519.0,799.0,676.0,1003.0,,,,,,,,
37187,40:28.197,2,1491,823,1588,956,523.0,796.0,678.0,996.0,,,,,,,,
37188,40:28.230,2,1492,822,1588,953,525.0,797.0,678.0,994.0,,,,,,,,
37189,40:28.263,2,1491,823,1587,955,523.0,798.0,677.0,996.0,,,,,,,,
37190,40:28.297,2,1488,822,1584,954,520.0,795.0,674.0,995.0,,,,,,,,
37191,40:28.330,2,1484,819,1580,951,515.0,792.0,670.0,993.0,,,,,,,,
37192,40:28.363,2,1480,820,1576,951,510.0,792.0,666.0,992.0,,,,,,,,
37193,40:28.397,2,1477,822,1573,953,504.0,795.0,661.0,992.0,,,,,,,,
37194,40:28.430,2,1475,822,1570,952,503.0,797.0,658.0,992.0,,,,,,,,
37195,40:28.463,2,1472,822,1566,953,498.0,798.0,655.0,993.0,,,,,,,,
37196,40:28.497,2,1465,821,1561,952,491.0,796.0,647.0,994.0,,,,,,,,
37197,40:28.530,2,1456,818,1551,949,480.0,794.0,637.0,993.0,,,,,,,,
37198,40:28.563,2,1446,817,1540,947,463.0,790.0,626.0,991.0,,,,,,,,
37199,40:28.597,2,1433,812,1528,941,448.0,784.0,610.0,986.0,,,,,,,,
37200,40:28.630,2,1419,809,1513,937,432.0,780.0,595.0,984.0,,,,,,,,
37201,40:28.663,2,1405,806,1499,934,413.0,778.0,576.0,983.0,,,,,,,,
37202,40:28.697,2,1393,806,1486,933,396.0,781.0,562.0,985.0,,,,,,,,
37203,40:28.730,2,1381,810,1474,937,378.0,785.0,546.0,992.0,,,,,,,,
37204,40:28.763,2,1371,815,1464,944,366.0,794.0,535.0,999.0,,,,,,,,
37205,40:28.797,2,1363,817,1454,947,355.0,796.0,524.0,1005.0,,,,,,,,
37206,40:28.830,2,1356,820,1450,950,348.0,800.0,519.0,1009.0,,,,,,,,
37207,40:28.863,2,345,805,515,1013,1353.0,823.0,1447.0,953.0,,,,,,,,
37208,40:28.888,2,343,808,512,1017,1353.0,826.0,1445.0,954.0,,,,,,,,
37209,40:28.922,2,1352,826,1444,955,342.0,809.0,512.0,1020.0,,,,,,,,
37210,40:28.955,2,1351,826,1443,955,342.0,809.0,511.0,1020.0,,,,,,,,
37211,40:28.988,2,1349,826,1443,956,341.0,809.0,510.0,1021.0,,,,,,,,
37212,40:29.022,2,1349,827,1441,957,339.0,810.0,509.0,1022.0,,,,,,,,
37213,40:29.055,2,1347,824,1440,954,338.0,810.0,507.0,1020.0,,,,,,,,
37214,40:29.088,2,335,806,506,1018,1346.0,819.0,1439.0,950.0,,,,,,,,
37215,40:29.122,2,332,804,505,1015,1344.0,817.0,1437.0,947.0,,,,,,,,
37216,40:29.155,2,329,803,503,1018,1343.0,817.0,1436.0,946.0,,,,,,,,
37217,40:29.188,2,329,802,503,1019,1343.0,816.0,1435.0,945.0,,,,,,,,
37218,40:29.222,2,330,803,506,1020,1342.0,817.0,1435.0,945.0,,,,,,,,
37219,40:29.255,2,334,805,507,1021,1343.0,817.0,1435.0,945.0,,,,,,,,
37220,40:29.288,2,338,802,511,1020,1343.0,815.0,1436.0,944.0,,,,,,,,
37221,40:29.322,2,340,801,513,1017,1344.0,814.0,1436.0,943.0,,,,,,,,
37222,40:29.355,2,343,798,517,1016,1342.0,813.0,1435.0,943.0,,,,,,,,
37223,40:29.388,2,1341,813,1433,943,347.0,796.0,520.0,1014.0,,,,,,,,
37224,40:29.422,2,1339,810,1431,941,353.0,794.0,525.0,1009.0,,,,,,,,
37225,40:29.455,2,1336,809,1427,939,355.0,789.0,526.0,1007.0,,,,,,,,
37226,40:29.488,2,1337,812,1428,944,358.0,793.0,529.0,1010.0,,,,,,,,
37227,40:29.522,2,381,801,554,1016,1348.0,816.0,1440.0,948.0,,,,,,,,
37228,40:29.555,2,1370,822,1462,955,416.0,802.0,583.0,1019.0,,,,,,,,
37229,40:29.588,2,1400,820,1493,955,463.0,802.0,629.0,1017.0,,,,,,,,
37230,40:29.622,2,1426,820,1519,954,504.0,805.0,667.0,1015.0,,,,,,,,
37231,40:29.655,2,536,802,695,1014,1443.0,820.0,1538.0,953.0,,,,,,,,
37232,40:29.688,2,1452,818,1543,951,552.0,800.0,712.0,1012.0,,,,,,,,
37233,40:29.722,2,1446,814,1540,946,559.0,798.0,717.0,1006.0,,,,,,,,
37234,40:29.755,2,550,798,710,1009,1431.0,813.0,1526.0,945.0,,,,,,,,
37235,40:29.788,2,1410,810,1502,941,534.0,795.0,695.0,1009.0,,,,,,,,
37236,40:29.822,2,1381,801,1473,934,507.0,797.0,674.0,1008.0,,,,,,,,
37237,40:29.855,2,1353,793,1446,925,483.0,789.0,650.0,1003.0,,,,,,,,
37238,40:29.888,2,1331,785,1422,917,467.0,784.0,636.0,1001.0,,,,,,,,
37239,40:29.922,2,1312,776,1405,909,452.0,783.0,623.0,1001.0,,,,,,,,
37240,40:29.955,2,444,784,617,1001,1298.0,769.0,1390.0,903.0,,,,,,,,
37241,40:29.988,2,441,786,614,1002,1288.0,764.0,1380.0,898.0,,,,,,,,
37242,40:30.022,2,445,787,618,1003,1284.0,761.0,1376.0,896.0,,,,,,,,
37243,40:30.055,2,454,786,625,1005,1284.0,758.0,1375.0,891.0,,,,,,,,
37244,40:30.088,2,465,786,634,1005,1284.0,756.0,1377.0,888.0,,,,,,,,
37245,40:30.122,2,476,791,643,1007,1286.0,755.0,1377.0,887.0,,,,,,,,
37246,40:30.155,2,481,791,650,1008,1286.0,754.0,1378.0,888.0,,,,,,,,
37247,40:30.188,2,488,788,656,1005,1285.0,750.0,1378.0,884.0,,,,,,,,
37248,40:30.238,2,1284,746,1375,878,491.0,785.0,659.0,1002.0,,,,,,,,
37249,40:30.255,2,1281,743,1371,876,493.0,787.0,661.0,1002.0,,,,,,,,
37250,40:30.288,2,494,786,663,1002,1278.0,740.0,1368.0,874.0,,,,,,,,
37251,40:30.322,2,494,783,663,1000,1275.0,736.0,1366.0,874.0,,,,,,,,
37252,40:30.355,2,494,782,663,998,1272.0,732.0,1362.0,871.0,,,,,,,,
37253,40:30.388,2,1269,732,1360,872,493.0,782.0,662.0,999.0,,,,,,,,
37254,40:30.422,2,1268,729,1360,868,493.0,781.0,662.0,998.0,,,,,,,,
37255,40:30.455,2,1268,727,1360,866,495.0,782.0,663.0,997.0,,,,,,,,
37256,40:30.488,2,1268,729,1360,867,494.0,783.0,662.0,999.0,,,,,,,,
37257,40:30.522,2,1266,743,1356,877,492.0,798.0,658.0,1013.0,,,,,,,,
37258,40:30.555,2,486,827,655,1041,1265.0,770.0,1355.0,906.0,,,,,,,,
37259,40:30.588,2,486,851,653,1071,1267.0,797.0,1358.0,933.0,,,,,,,,
37260,40:30.622,2,1268,819,1359,953,484.0,872.0,651.0,1090.0,,,,,,,,
37261,40:30.655,2,472,896,642,1115,1264.0,845.0,1355.0,977.0,,,,,,,,
37262,40:30.688,2,1259,856,1349,995,460.0,914.0,630.0,1132.0,,,,,,,,
37263,40:30.722,2,444,929,618,1147,1252.0,873.0,1345.0,1011.0,,,,,,,,
37264,40:30.755,2,1248,888,1339,1026,433.0,949.0,608.0,1164.0,,,,,,,,
37265,40:30.790,2,423,954,596,1173,1244.0,900.0,1336.0,1035.0,,,,,,,,
37266,40:30.823,2,1241,908,1333,1045,419.0,965.0,593.0,1180.0,,,,,,,,
37267,40:30.857,2,1240,923,1332,1060,413.0,978.0,584.0,1197.0,,,,,,,,
37268,40:30.890,2,1239,943,1332,1080,408.0,1000.0,580.0,1214.0,,,,,,,,
37269,40:30.923,2,1238,965,1330,1099,400.0,1018.0,574.0,1235.0,,,,,,,,
37270,40:30.957,2,1238,984,1331,1121,396.0,1036.0,570.0,1259.0,,,,,,,,
37271,40:30.990,2,1240,1009,1334,1147,393.0,1063.0,567.0,1286.0,,,,,,,,
37272,40:31.023,2,1240,1032,1334,1174,379.0,1079.0,559.0,1310.0,,,,,,,,
37273,40:31.057,2,1239,1055,1333,1195,374.0,1093.0,555.0,1326.0,,,,,,,,
37274,40:31.090,2,1237,1062,1332,1202,371.0,1104.0,549.0,1334.0,,,,,,,,
37275,40:31.123,2,1233,1069,1328,1207,360.0,1111.0,540.0,1340.0,,,,,,,,
37276,40:31.157,2,1226,1083,1321,1218,342.0,1122.0,522.0,1353.0,,,,,,,,
37277,40:31.190,2,325,1124,509,1356,1217.0,1084.0,1313.0,1224.0,,,,,,,,
37278,40:31.223,2,1210,1087,1305,1227,317.0,1122.0,498.0,1357.0,,,,,,,,
37279,40:31.257,2,1204,1089,1299,1229,301.0,1124.0,484.0,1362.0,,,,,,,,
37280,40:31.290,2,1194,1084,1289,1220,288.0,1121.0,470.0,1353.0,,,,,,,,
37281,40:31.323,2,270,1121,455,1352,1183.0,1082.0,1278.0,1218.0,,,,,,,,
37282,40:31.357,2,1172,1081,1268,1212,252.0,1113.0,437.0,1348.0,,,,,,,,
37283,40:31.390,2,1162,1078,1258,1210,238.0,1114.0,418.0,1347.0,,,,,,,,
37284,40:31.423,2,1151,1080,1245,1211,212.0,1110.0,400.0,1350.0,,,,,,,,
37285,40:31.457,2,1138,1087,1233,1216,182.0,1113.0,377.0,1359.0,,,,,,,,
37286,40:31.490,2,1123,1091,1217,1221,152.0,1125.0,347.0,1367.0,,,,,,,,
37287,40:31.523,2,1104,1092,1199,1225,120.0,1126.0,315.0,1375.0,,,,,,,,
37288,40:31.557,2,70,1134,272,1380,1081.0,1089.0,1178.0,1224.0,,,,,,,,
37289,40:31.590,2,29,1135,222,1386,1053.0,1089.0,1149.0,1219.0,,,,,,,,
37290,40:31.623,2,1029,1083,1124,1212,-14.0,1133.0,171.0,1386.0,,,,,,,,
37291,40:31.657,3,1010,1076,1106,1205,-50.0,1136.0,130.0,1385.0,2258.0,1026.0,2464.0,1298.0,,,,
37292,40:31.690,3,995,1068,1091,1198,2236.0,1018.0,2447.0,1287.0,-72.0,1138.0,93.0,1357.0,,,,
37293,40:31.723,2,986,1069,1081,1198,2219.0,1017.0,2431.0,1283.0,,,,,,,,
37294,40:31.757,2,980,1070,1078,1202,2204.0,1015.0,2410.0,1278.0,,,,,,,,
37295,40:31.790,2,976,1075,1074,1206,2197.0,1012.0,2400.0,1275.0,,,,,,,,
37296,40:31.823,2,972,1085,1069,1214,2187.0,1006.0,2391.0,1269.0,,,,,,,,
37297,40:31.857,2,969,1089,1064,1218,2177.0,996.0,2384.0,1257.0,,,,,,,,
37298,40:31.890,2,2168,981,2382,1239,967.0,1085.0,1063.0,1215.0,,,,,,,,
37299,40:31.923,2,967,1076,1064,1207,2162.0,951.0,2373.0,1215.0,,,,,,,,
37300,40:31.957,2,971,1062,1068,1192,2161.0,919.0,2375.0,1183.0,,,,,,,,
37301,40:31.990,2,981,1044,1078,1172,2170.0,890.0,2381.0,1151.0,,,,,,,,
37302,40:32.023,2,991,1024,1089,1151,2179.0,858.0,2389.0,1112.0,,,,,,,,
37303,40:32.057,2,1000,1002,1096,1128,2185.0,823.0,2390.0,1083.0,,,,,,,,
37304,40:32.090,3,1009,983,1105,1108,2194.0,800.0,2399.0,1055.0,1023.0,1340.0,1167.0,1446.0,,,,
37305,40:32.123,2,1021,964,1117,1087,2207.0,779.0,2410.0,1035.0,,,,,,,,
37306,40:32.157,2,1033,947,1127,1075,2224.0,761.0,2430.0,1019.0,,,,,,,,
37307,40:32.190,2,1045,936,1140,1057,2239.0,741.0,2444.0,996.0,,,,,,,,
37308,40:32.223,2,1055,922,1150,1045,2251.0,730.0,2448.0,982.0,,,,,,,,
37309,40:32.257,4,1060,917,1154,1038,2255.0,720.0,2455.0,980.0,1071.0,1236.0,1204.0,1375.0,-58.0,1098.0,78.0,1324.0
37310,40:32.290,3,1063,912,1157,1037,2258.0,721.0,2456.0,981.0,-58.0,1095.0,80.0,1319.0,,,,
37311,40:32.323,3,1064,918,1158,1040,2257.0,733.0,2453.0,985.0,-53.0,1093.0,83.0,1316.0,,,,
37312,40:32.357,3,1066,922,1160,1046,2257.0,744.0,2456.0,1000.0,-52.0,1092.0,83.0,1314.0,,,,
37313,40:32.390,3,1070,932,1163,1055,2265.0,757.0,2457.0,1014.0,-50.0,1092.0,90.0,1316.0,,,,
37314,40:32.423,3,1076,941,1170,1065,-46.0,1097.0,100.0,1325.0,2276.0,773.0,2468.0,1035.0,,,,
37315,40:32.457,3,1085,949,1179,1075,-29.0,1106.0,111.0,1332.0,2288.0,786.0,2471.0,1040.0,,,,
37316,40:32.490,2,1092,959,1185,1085,-15.0,1118.0,126.0,1339.0,,,,,,,,
37317,40:32.523,2,1095,970,1188,1097,-13.0,1122.0,129.0,1347.0,,,,,,,,
37318,40:32.557,2,1093,980,1185,1110,-20.0,1132.0,118.0,1359.0,,,,,,,,
37319,40:32.590,2,1086,989,1178,1116,-37.0,1144.0,108.0,1370.0,,,,,,,,
37320,40:32.623,3,1081,990,1173,1116,-46.0,1145.0,96.0,1367.0,2277.0,844.0,2463.0,1096.0,,,,
37321,40:32.657,3,1077,979,1169,1107,2266.0,842.0,2461.0,1099.0,-34.0,1132.0,91.0,1356.0,,,,
37322,40:32.690,3,1075,973,1168,1098,2262.0,840.0,2458.0,1098.0,-32.0,1117.0,89.0,1344.0,,,,
37323,40:32.723,3,1077,964,1169,1089,2263.0,836.0,2461.0,1096.0,-32.0,1104.0,90.0,1324.0,,,,
37324,40:32.757,3,1082,948,1174,1077,-39.0,1086.0,100.0,1301.0,2271.0,831.0,2460.0,1088.0,,,,
37325,40:32.790,3,1087,938,1179,1064,-26.0,1067.0,111.0,1285.0,2283.0,820.0,2464.0,1080.0,,,,
37326,40:32.823,3,1095,925,1186,1052,0.0,1051.0,121.0,1263.0,2291.0,817.0,2464.0,1072.0,,,,
37327,40:32.857,2,1101,917,1192,1045,-1.0,1038.0,132.0,1249.0,,,,,,,,
37328,40:32.890,2,1105,912,1196,1038,0.0,1026.0,135.0,1238.0,,,,,,,,
37329,40:32.923,2,1107,907,1198,1034,2.0,1018.0,138.0,1231.0,,,,,,,,
37330,40:32.957,2,1109,903,1199,1029,4.0,1009.0,139.0,1225.0,,,,,,,,
37331,40:32.990,2,1108,899,1199,1026,5.0,1007.0,138.0,1222.0,,,,,,,,
37332,40:33.023,2,1105,902,1197,1028,-1.0,1009.0,133.0,1223.0,,,,,,,,
37333,40:33.057,3,1104,899,1196,1026,-4.0,1006.0,131.0,1222.0,2287.0,802.0,2463.0,1064.0,,,,
37334,40:33.090,3,1105,897,1198,1023,16.0,1004.0,129.0,1210.0,2286.0,803.0,2461.0,1064.0,,,,
37335,40:33.123,3,1109,894,1200,1020,17.0,998.0,138.0,1206.0,2288.0,801.0,2464.0,1065.0,,,,
37336,40:33.157,3,1113,888,1205,1016,23.0,990.0,144.0,1198.0,2293.0,801.0,2465.0,1062.0,,,,
37337,40:33.190,2,1116,894,1208,1021,29.0,992.0,147.0,1201.0,,,,,,,,
37338,40:33.223,3,1118,900,1209,1027,31.0,998.0,148.0,1207.0,2300.0,816.0,2454.0,1082.0,,,,
37339,40:33.257,2,1118,909,1209,1033,33.0,1003.0,146.0,1210.0,,,,,,,,
37340,40:33.290,3,1115,911,1207,1037,23.0,1003.0,141.0,1213.0,2293.0,839.0,2459.0,1087.0,,,,
37341,40:33.323,3,1113,910,1204,1036,16.0,997.0,137.0,1205.0,2291.0,845.0,2458.0,1096.0,,,,
37342,40:33.357,3,1109,910,1201,1037,10.0,992.0,129.0,1199.0,2288.0,849.0,2455.0,1100.0,,,,
37343,40:33.390,3,1109,911,1200,1039,5.0,986.0,126.0,1196.0,2287.0,854.0,2457.0,1109.0,,,,
37344,40:33.423,3,1109,917,1200,1048,4.0,989.0,125.0,1198.0,2287.0,865.0,2455.0,1122.0,,,,
37345,40:33.457,3,1106,931,1198,1059,-4.0,994.0,117.0,1208.0,2283.0,878.0,2452.0,1135.0,,,,
37346,40:33.490,3,1098,938,1189,1063,2272.0,893.0,2448.0,1149.0,-21.0,1001.0,101.0,1211.0,,,,
37347,40:33.523,3,1087,942,1179,1068,2256.0,900.0,2440.0,1155.0,-37.0,1001.0,83.0,1220.0,,,,
37348,40:33.557,2,1077,945,1168,1071,2247.0,906.0,2431.0,1158.0,,,,,,,,
37349,40:33.590,2,1067,938,1158,1064,2228.0,901.0,2401.0,1154.0,,,,,,,,
37350,40:33.623,2,1056,922,1148,1050,2209.0,886.0,2386.0,1147.0,,,,,,,,
37351,40:33.657,2,1044,907,1136,1032,2192.0,870.0,2363.0,1127.0,,,,,,,,
37352,40:33.690,2,1035,886,1127,1012,2175.0,853.0,2351.0,1112.0,,,,,,,,
37353,40:33.723,2,1031,862,1123,990,2165.0,836.0,2343.0,1091.0,,,,,,,,
37354,40:33.757,2,1029,850,1122,974,2162.0,826.0,2339.0,1081.0,,,,,,,,
37355,40:33.790,2,1033,849,1123,973,2164.0,822.0,2339.0,1079.0,,,,,,,,
37356,40:33.823,2,1036,853,1127,979,2172.0,833.0,2347.0,1087.0,,,,,,,,
37357,40:33.857,2,1042,868,1134,994,2179.0,851.0,2353.0,1106.0,,,,,,,,
37358,40:33.890,2,1049,884,1140,1010,2191.0,872.0,2363.0,1127.0,,,,,,,,
37359,40:33.923,2,1055,894,1147,1021,2199.0,886.0,2374.0,1145.0,,,,,,,,
37360,40:33.957,2,1058,900,1149,1025,2204.0,891.0,2381.0,1151.0,,,,,,,,
37361,40:33.990,2,1059,898,1151,1024,2207.0,891.0,2382.0,1150.0,,,,,,,,
37362,40:34.023,2,1061,886,1153,1015,2208.0,881.0,2381.0,1141.0,,,,,,,,
37363,40:34.057,2,1061,876,1153,1002,2211.0,871.0,2383.0,1125.0,,,,,,,,
37364,40:34.090,2,1064,867,1155,994,2214.0,860.0,2386.0,1118.0,,,,,,,,
37365,40:34.123,2,1066,866,1156,993,2216.0,858.0,2389.0,1116.0,,,,,,,,
37366,40:34.157,2,1067,869,1157,995,2219.0,863.0,2388.0,1118.0,,,,,,,,
37367,40:34.190,2,1066,872,1157,997,2218.0,869.0,2388.0,1121.0,,,,,,,,
37368,40:34.223,2,1066,874,1156,998,2216.0,873.0,2386.0,1124.0,,,,,,,,
37369,40:34.257,2,1065,870,1156,995,2213.0,872.0,2385.0,1124.0,,,,,,,,
37370,40:34.290,2,1066,862,1157,991,2214.0,869.0,2385.0,1121.0,,,,,,,,
37371,40:34.323,2,1069,855,1161,985,2219.0,862.0,2389.0,1117.0,,,,,,,,
37372,40:34.357,2,1075,849,1167,976,2222.0,849.0,2391.0,1104.0,,,,,,,,
37373,40:34.390,2,1081,842,1172,966,2230.0,842.0,2403.0,1093.0,,,,,,,,
37374,40:34.423,3,1086,835,1177,961,2240.0,832.0,2410.0,1087.0,-42.0,852.0,75.0,1066.0,,,,
37375,40:34.457,3,1090,830,1181,957,2246.0,832.0,2428.0,1080.0,-40.0,852.0,80.0,1066.0,,,,
37376,40:34.490,3,1093,829,1183,956,2249.0,829.0,2430.0,1077.0,-37.0,851.0,83.0,1063.0,,,,
37377,40:34.523,3,1095,825,1187,952,2251.0,823.0,2431.0,1072.0,-34.0,846.0,87.0,1060.0,,,,
37378,40:34.557,3,1101,820,1191,948,2255.0,821.0,2432.0,1068.0,-29.0,839.0,92.0,1054.0,,,,
37379,40:34.590,3,1105,816,1197,944,2263.0,811.0,2441.0,1061.0,-28.0,836.0,99.0,1045.0,,,,
37380,40:34.623,3,1109,812,1204,939,2271.0,808.0,2443.0,1060.0,-20.0,830.0,104.0,1036.0,,,,
37381,40:34.657,3,1117,807,1210,936,2277.0,805.0,2448.0,1060.0,-4.0,825.0,115.0,1032.0,,,,
37382,40:34.690,3,1125,806,1217,934,8.0,822.0,124.0,1027.0,2288.0,801.0,2458.0,1059.0,,,,
37383,40:34.723,3,1129,803,1222,933,15.0,824.0,133.0,1025.0,2292.0,798.0,2464.0,1057.0,,,,
37384,40:34.757,3,1134,796,1229,927,16.0,818.0,140.0,1024.0,2294.0,793.0,2467.0,1054.0,,,,
37385,40:34.792,3,1138,793,1233,920,19.0,813.0,143.0,1018.0,2295.0,786.0,2465.0,1047.0,,,,
37386,40:34.825,2,1139,788,1234,917,22.0,806.0,142.0,1012.0,,,,,,,,
37387,40:34.858,2,1140,786,1235,913,25.0,796.0,143.0,1003.0,,,,,,,,
37388,40:34.892,2,1143,781,1237,908,24.0,792.0,144.0,998.0,,,,,,,,
37389,40:34.925,2,1145,775,1239,904,26.0,785.0,146.0,993.0,,,,,,,,
37390,40:34.958,2,1147,769,1242,899,27.0,780.0,148.0,987.0,,,,,,,,
37391,40:34.992,2,1148,768,1243,898,28.0,779.0,149.0,987.0,,,,,,,,
37392,40:35.025,2,1149,768,1245,898,26.0,781.0,148.0,989.0,,,,,,,,
37393,40:35.058,2,1149,768,1245,900,26.0,783.0,146.0,990.0,,,,,,,,
37394,40:35.092,2,1148,774,1244,903,22.0,787.0,143.0,995.0,,,,,,,,
37395,40:35.125,3,1146,780,1243,907,19.0,791.0,139.0,998.0,2292.0,779.0,2457.0,1022.0,,,,
37396,40:35.158,3,1146,785,1241,910,16.0,793.0,137.0,1001.0,2290.0,779.0,2458.0,1027.0,,,,
37397,40:35.192,3,1146,789,1241,913,15.0,800.0,132.0,1001.0,2289.0,780.0,2457.0,1031.0,,,,
37398,40:35.225,3,1147,790,1242,917,2.0,802.0,135.0,1008.0,2290.0,785.0,2456.0,1033.0,,,,
37399,40:35.258,3,1147,793,1243,920,2.0,807.0,136.0,1012.0,2290.0,785.0,2458.0,1038.0,,,,
37400,40:35.292,3,1147,796,1244,924,3.0,810.0,136.0,1015.0,2291.0,786.0,2458.0,1039.0,,,,
37401,40:35.325,3,1147,797,1245,925,3.0,812.0,137.0,1016.0,2291.0,787.0,2458.0,1040.0,,,,
37402,40:35.358,3,1147,798,1245,926,16.0,815.0,134.0,1016.0,2291.0,788.0,2457.0,1040.0,,,,
37403,40:35.392,3,1147,799,1244,926,13.0,817.0,132.0,1016.0,2290.0,786.0,2458.0,1041.0,,,,
37404,40:35.425,3,1146,798,1244,926,12.0,815.0,131.0,1015.0,2289.0,785.0,2458.0,1041.0,,,,
37405,40:35.458,3,1146,798,1244,926,12.0,815.0,130.0,1016.0,2290.0,785.0,2458.0,1040.0,,,,
37406,40:35.492,3,1147,798,1244,926,11.0,815.0,130.0,1016.0,2289.0,786.0,2457.0,1040.0,,,,
37407,40:35.525,3,1147,798,1244,926,11.0,815.0,130.0,1017.0,2289.0,785.0,2457.0,1039.0,,,,
37408,40:35.558,3,1146,798,1243,926,9.0,815.0,129.0,1018.0,2288.0,785.0,2458.0,1039.0,,,,
37409,40:35.592,3,1145,800,1241,926,7.0,815.0,128.0,1018.0,2287.0,785.0,2457.0,1039.0,,,,
37410,40:35.625,3,1144,800,1240,928,4.0,817.0,125.0,1020.0,2285.0,784.0,2457.0,1039.0,,,,
37411,40:35.658,3,1143,800,1239,929,4.0,818.0,124.0,1021.0,2283.0,784.0,2456.0,1040.0,,,,
37412,40:35.692,3,1142,802,1239,932,4.0,819.0,121.0,1024.0,2284.0,786.0,2456.0,1041.0,,,,
37413,40:35.725,3,1142,804,1238,933,5.0,820.0,121.0,1025.0,2284.0,787.0,2457.0,1045.0,,,,
37414,40:35.758,3,1141,806,1238,936,7.0,822.0,121.0,1027.0,2283.0,788.0,2457.0,1048.0,,,,
37415,40:35.792,3,1140,809,1237,937,5.0,823.0,121.0,1029.0,2283.0,790.0,2456.0,1049.0,,,,
37416,40:35.825,3,1138,809,1236,939,5.0,825.0,120.0,1032.0,2282.0,790.0,2456.0,1051.0,,,,
37417,40:35.858,3,1137,809,1234,939,3.0,825.0,118.0,1033.0,2281.0,791.0,2454.0,1051.0,,,,
37418,40:35.892,3,1133,811,1232,940,2278.0,792.0,2451.0,1052.0,0.0,826.0,117.0,1036.0,,,,
37419,40:35.925,3,1132,813,1230,942,2275.0,793.0,2450.0,1054.0,-3.0,828.0,115.0,1040.0,,,,
37420,40:35.958,3,1131,814,1225,942,2273.0,795.0,2449.0,1055.0,-7.0,830.0,114.0,1042.0,,,,
37421,40:35.992,3,1129,813,1223,942,2273.0,795.0,2449.0,1055.0,-9.0,829.0,113.0,1043.0,,,,
37422,40:36.025,3,1126,811,1220,940,2273.0,795.0,2449.0,1055.0,-9.0,830.0,113.0,1043.0,,,,
37423,40:36.058,3,1124,810,1218,939,2274.0,796.0,2449.0,1055.0,-8.0,830.0,113.0,1043.0,,,,
37424,40:36.092,3,1122,809,1215,938,2273.0,794.0,2450.0,1055.0,-8.0,829.0,114.0,1042.0,,,,
37425,40:36.125,3,1121,808,1213,937,2276.0,795.0,2450.0,1053.0,-4.0,828.0,114.0,1040.0,,,,
37426,40:36.158,3,1119,808,1211,937,2275.0,794.0,2452.0,1054.0,-2.0,828.0,115.0,1039.0,,,,
37427,40:36.192,3,1117,808,1209,937,2277.0,795.0,2453.0,1054.0,-1.0,827.0,116.0,1039.0,,,,
37428,40:36.225,3,1116,809,1207,939,2279.0,795.0,2453.0,1055.0,-4.0,828.0,116.0,1041.0,,,,
37429,40:36.258,3,1113,810,1204,938,2279.0,795.0,2453.0,1054.0,-4.0,828.0,116.0,1042.0,,,,
37430,40:36.292,3,1110,810,1201,939,2279.0,795.0,2454.0,1055.0,-4.0,829.0,116.0,1043.0,,,,
37431,40:36.325,3,1108,811,1199,940,2278.0,798.0,2454.0,1056.0,-6.0,832.0,115.0,1044.0,,,,
37432,40:36.358,3,1104,811,1196,940,2278.0,798.0,2453.0,1056.0,-7.0,832.0,114.0,1044.0,,,,
37433,40:36.392,3,1102,812,1194,941,2278.0,799.0,2452.0,1056.0,-8.0,834.0,113.0,1046.0,,,,
37434,40:36.425,3,1100,814,1191,941,2277.0,800.0,2452.0,1057.0,-9.0,835.0,115.0,1046.0,,,,
37435,40:36.458,3,1097,816,1189,943,2277.0,799.0,2453.0,1058.0,-9.0,838.0,114.0,1046.0,,,,
37436,40:36.492,3,1095,818,1186,945,2277.0,801.0,2452.0,1060.0,-10.0,840.0,113.0,1049.0,,,,
37437,40:36.525,3,1093,818,1184,948,2277.0,803.0,2452.0,1061.0,-11.0,841.0,113.0,1051.0,,,,
37438,40:36.558,3,1091,821,1183,950,2278.0,805.0,2451.0,1062.0,-22.0,841.0,112.0,1053.0,,,,
37439,40:36.592,3,1089,823,1182,952,2278.0,805.0,2451.0,1064.0,-22.0,844.0,112.0,1055.0,,,,
37440,40:36.625,3,1088,825,1181,953,2277.0,805.0,2452.0,1064.0,-22.0,846.0,112.0,1056.0,,,,
37441,40:36.658,3,1087,826,1180,954,2277.0,805.0,2451.0,1064.0,-23.0,846.0,111.0,1057.0,,,,
37442,40:36.692,3,1086,827,1179,955,2277.0,807.0,2451.0,1065.0,-23.0,848.0,111.0,1058.0,,,,
37443,40:36.725,3,1084,826,1177,956,2277.0,808.0,2450.0,1065.0,-25.0,849.0,110.0,1059.0,,,,
37444,40:36.758,3,1083,826,1176,956,2276.0,808.0,2448.0,1064.0,-27.0,849.0,108.0,1060.0,,,,
37445,40:36.792,3,1082,828,1176,957,2276.0,810.0,2450.0,1068.0,-28.0,850.0,105.0,1061.0,,,,
37446,40:36.825,3,1082,828,1175,957,2276.0,810.0,2450.0,1068.0,-29.0,850.0,105.0,1061.0,,,,
37447,40:36.858,3,1082,828,1175,957,2276.0,811.0,2450.0,1068.0,-29.0,848.0,106.0,1059.0,,,,
37448,40:36.892,3,1083,827,1176,957,2276.0,810.0,2451.0,1068.0,-27.0,848.0,107.0,1059.0,,,,
37449,40:36.925,3,1083,827,1176,958,2277.0,811.0,2451.0,1069.0,-26.0,848.0,108.0,1059.0,,,,
37450,40:36.958,3,1084,830,1177,960,2279.0,813.0,2453.0,1071.0,-26.0,849.0,108.0,1060.0,,,,
37451,40:36.992,3,1084,834,1177,964,-27.0,857.0,108.0,1070.0,2282.0,817.0,2454.0,1072.0,,,,
37452,40:37.025,3,1092,856,1184,985,-2.0,884.0,115.0,1098.0,2290.0,836.0,2457.0,1081.0,,,,
37453,40:37.058,2,1101,873,1194,1002,15.0,914.0,131.0,1118.0,,,,,,,,
37454,40:37.092,2,1110,882,1204,1010,23.0,929.0,145.0,1136.0,,,,,,,,
37455,40:37.125,2,1114,888,1207,1017,33.0,939.0,151.0,1144.0,,,,,,,,
37456,40:37.158,2,1112,893,1206,1023,32.0,943.0,148.0,1149.0,,,,,,,,
37457,40:37.192,2,1107,897,1201,1025,23.0,945.0,142.0,1151.0,,,,,,,,
37458,40:37.225,2,1100,898,1192,1028,13.0,945.0,128.0,1147.0,,,,,,,,
37459,40:37.258,3,1089,902,1183,1030,-9.0,941.0,113.0,1153.0,2293.0,864.0,2465.0,1123.0,,,,
37460,40:37.292,3,1078,907,1172,1035,-26.0,943.0,93.0,1152.0,2282.0,874.0,2454.0,1134.0,,,,
37461,40:37.325,3,1069,913,1162,1043,2265.0,895.0,2450.0,1152.0,-44.0,943.0,80.0,1156.0,,,,
37462,40:37.358,3,1064,920,1157,1052,2260.0,909.0,2448.0,1170.0,-45.0,943.0,72.0,1159.0,,,,
37463,40:37.392,2,1064,926,1158,1057,2263.0,918.0,2448.0,1175.0,,,,,,,,
37464,40:37.425,3,1067,927,1161,1058,2269.0,922.0,2452.0,1179.0,-44.0,945.0,75.0,1162.0,,,,
37465,40:37.458,3,1073,924,1167,1055,2280.0,918.0,2458.0,1177.0,-38.0,943.0,84.0,1158.0,,,,
37466,40:37.492,3,1079,917,1173,1049,-27.0,940.0,94.0,1150.0,2288.0,912.0,2464.0,1172.0,,,,
37467,40:37.525,2,1085,914,1179,1044,-37.0,933.0,105.0,1147.0,,,,,,,,
37468,40:37.558,2,1090,908,1183,1035,-23.0,924.0,112.0,1137.0,,,,,,,,
37469,40:37.592,2,1094,899,1188,1027,-1.0,915.0,119.0,1128.0,,,,,,,,
37470,40:37.625,2,1097,895,1189,1022,-8.0,907.0,125.0,1119.0,,,,,,,,
37471,40:37.658,2,1099,888,1191,1018,-10.0,899.0,129.0,1115.0,,,,,,,,
37472,40:37.692,2,1102,880,1196,1009,-8.0,891.0,132.0,1109.0,,,,,,,,
37473,40:37.725,2,1106,874,1200,1003,4.0,887.0,138.0,1103.0,,,,,,,,
37474,40:37.758,2,1111,867,1203,995,13.0,882.0,146.0,1093.0,,,,,,,,
37475,40:37.792,2,1114,864,1208,993,25.0,881.0,153.0,1091.0,,,,,,,,
37476,40:37.825,2,1122,871,1215,999,8.0,885.0,161.0,1107.0,,,,,,,,
37477,40:37.858,2,1133,876,1225,1004,31.0,894.0,178.0,1110.0,,,,,,,,
37478,40:37.892,2,1150,872,1243,999,48.0,892.0,203.0,1109.0,,,,,,,,
37479,40:37.925,2,1167,873,1260,999,60.0,893.0,226.0,1113.0,,,,,,,,
37480,40:37.958,2,1181,872,1273,999,85.0,895.0,250.0,1116.0,,,,,,,,
37481,40:37.992,2,1190,869,1282,997,90.0,895.0,264.0,1113.0,,,,,,,,
37482,40:38.025,2,1195,870,1288,996,93.0,895.0,270.0,1112.0,,,,,,,,
37483,40:38.058,2,1196,871,1289,998,87.0,892.0,271.0,1110.0,,,,,,,,
37484,40:38.092,2,1196,872,1289,998,86.0,889.0,271.0,1107.0,,,,,,,,
37485,40:38.125,2,1198,870,1291,998,85.0,887.0,273.0,1107.0,,,,,,,,
37486,40:38.158,2,1205,871,1298,999,95.0,885.0,282.0,1104.0,,,,,,,,
37487,40:38.192,2,1214,869,1306,996,113.0,884.0,294.0,1098.0,,,,,,,,
37488,40:38.225,2,1224,872,1315,999,121.0,882.0,306.0,1098.0,,,,,,,,
37489,40:38.258,2,1229,875,1321,1001,129.0,885.0,313.0,1098.0,,,,,,,,
37490,40:38.292,2,126,888,314,1104,1230.0,878.0,1324.0,1007.0,,,,,,,,
37491,40:38.325,2,1230,885,1323,1014,122.0,895.0,311.0,1114.0,,,,,,,,
37492,40:38.358,2,1227,889,1320,1019,115.0,899.0,303.0,1120.0,,,,,,,,
37493,40:38.392,2,1222,892,1315,1020,106.0,903.0,296.0,1124.0,,,,,,,,
37494,40:38.425,2,1215,893,1307,1022,89.0,908.0,284.0,1129.0,,,,,,,,
37495,40:38.458,2,75,903,273,1130,1207.0,889.0,1300.0,1018.0,,,,,,,,
37496,40:38.492,2,66,899,265,1126,1201.0,883.0,1294.0,1010.0,,,,,,,,
37497,40:38.525,2,59,896,259,1122,1197.0,877.0,1290.0,1006.0,,,,,,,,
37498,40:38.558,2,58,892,257,1118,1197.0,876.0,1290.0,1003.0,,,,,,,,
37499,40:38.592,2,61,894,261,1118,1200.0,876.0,1293.0,1002.0,,,,,,,,
37500,40:38.625,2,1206,874,1298,1002,70.0,896.0,269.0,1118.0,,,,,,,,
37501,40:38.658,2,1212,870,1304,998,80.0,894.0,277.0,1115.0,,,,,,,,
37502,40:38.692,2,1215,870,1307,996,85.0,897.0,281.0,1117.0,,,,,,,,
37503,40:38.725,2,1214,874,1305,1000,83.0,901.0,280.0,1124.0,,,,,,,,
37504,40:38.760,2,70,911,269,1131,1207.0,880.0,1299.0,1006.0,,,,,,,,
37505,40:38.793,2,1197,884,1290,1011,52.0,914.0,252.0,1137.0,,,,,,,,
37506,40:38.827,2,29,917,232,1145,1185.0,889.0,1277.0,1018.0,,,,,,,,
37507,40:38.860,2,8,919,212,1147,1173.0,890.0,1266.0,1019.0,,,,,,,,
37508,40:38.893,2,-3,921,196,1145,1161.0,887.0,1255.0,1018.0,,,,,,,,
37509,40:38.927,2,-21,916,180,1145,1151.0,886.0,1243.0,1016.0,,,,,,,,
37510,40:38.960,2,1142,884,1234,1012,-35.0,917.0,164.0,1143.0,,,,,,,,
37511,40:38.993,2,1132,878,1225,1009,-47.0,914.0,152.0,1146.0,,,,,,,,
37512,40:39.027,2,1123,879,1215,1009,-61.0,918.0,136.0,1149.0,,,,,,,,
37513,40:39.060,2,1113,878,1206,1008,-71.0,922.0,119.0,1151.0,,,,,,,,
37514,40:39.093,2,1103,879,1195,1009,-79.0,922.0,103.0,1155.0,,,,,,,,
37515,40:39.127,1,1092,880,1185,1009,,,,,,,,,,,,
37516,40:39.160,1,1081,878,1175,1008,,,,,,,,,,,,
37517,40:39.193,1,1072,876,1164,1006,,,,,,,,,,,,
37518,40:39.227,1,1063,876,1156,1004,,,,,,,,,,,,
37519,40:39.260,1,1056,875,1149,1004,,,,,,,,,,,,
37520,40:39.293,1,1051,873,1145,1003,,,,,,,,,,,,
37521,40:39.327,2,1047,868,1141,1000,2274.0,785.0,2487.0,1059.0,,,,,,,,
37522,40:39.360,2,1043,868,1137,999,2265.0,784.0,2480.0,1057.0,,,,,,,,
37523,40:39.393,2,1038,864,1131,994,2257.0,783.0,2474.0,1054.0,,,,,,,,
37524,40:39.427,2,1036,869,1130,999,2250.0,790.0,2470.0,1059.0,,,,,,,,
37525,40:39.460,2,1033,877,1127,1009,2246.0,799.0,2468.0,1070.0,,,,,,,,
37526,40:39.493,2,1032,885,1126,1017,2245.0,810.0,2463.0,1078.0,,,,,,,,
37527,40:39.527,2,1032,891,1126,1022,2247.0,820.0,2459.0,1084.0,,,,,,,,
37528,40:39.560,2,1032,894,1126,1026,2244.0,821.0,2455.0,1086.0,,,,,,,,
37529,40:39.593,2,1031,894,1126,1026,2244.0,818.0,2458.0,1083.0,,,,,,,,
37530,40:39.627,2,1030,894,1124,1024,2239.0,812.0,2454.0,1075.0,,,,,,,,
37531,40:39.660,2,1027,893,1121,1023,2233.0,808.0,2453.0,1069.0,,,,,,,,
37532,40:39.693,2,1024,893,1117,1023,2227.0,806.0,2450.0,1067.0,,,,,,,,
37533,40:39.727,2,1018,896,1112,1027,2221.0,813.0,2438.0,1072.0,,,,,,,,
37534,40:39.760,2,1013,904,1106,1036,2211.0,819.0,2425.0,1077.0,,,,,,,,
37535,40:39.793,2,1007,909,1101,1042,2200.0,822.0,2421.0,1082.0,,,,,,,,
37536,40:39.827,2,1003,916,1098,1049,2194.0,831.0,2416.0,1088.0,,,,,,,,
37537,40:39.860,2,1003,920,1097,1053,2193.0,838.0,2413.0,1092.0,,,,,,,,
37538,40:39.893,2,1007,923,1100,1056,2198.0,839.0,2417.0,1096.0,,,,,,,,
37539,40:39.927,2,1013,925,1107,1059,2206.0,840.0,2423.0,1097.0,,,,,,,,
37540,40:39.960,2,1017,932,1112,1065,2213.0,841.0,2426.0,1104.0,,,,,,,,
37541,40:39.993,2,1017,944,1112,1076,2211.0,851.0,2425.0,1112.0,,,,,,,,
37542,40:40.027,2,1012,961,1106,1093,2203.0,872.0,2401.0,1126.0,,,,,,,,
37543,40:40.060,2,999,974,1094,1109,2185.0,886.0,2391.0,1143.0,,,,,,,,
37544,40:40.093,2,984,982,1080,1117,2162.0,898.0,2377.0,1159.0,,,,,,,,
37545,40:40.127,2,969,985,1064,1121,2142.0,910.0,2357.0,1164.0,,,,,,,,
37546,40:40.160,2,2116,922,2338,1172,953.0,982.0,1049.0,1120.0,,,,,,,,
37547,40:40.193,2,938,979,1034,1115,2095.0,926.0,2307.0,1177.0,,,,,,,,
37548,40:40.227,2,928,973,1023,1111,2080.0,924.0,2290.0,1177.0,,,,,,,,
37549,40:40.260,2,923,967,1018,1106,2073.0,921.0,2278.0,1173.0,,,,,,,,
37550,40:40.293,2,2072,918,2274,1168,923.0,963.0,1018.0,1101.0,,,,,,,,
37551,40:40.327,2,2072,909,2275,1163,925.0,961.0,1020.0,1096.0,,,,,,,,
37552,40:40.360,2,2072,908,2274,1160,927.0,960.0,1022.0,1095.0,,,,,,,,
37553,40:40.393,2,2068,912,2271,1161,925.0,963.0,1019.0,1097.0,,,,,,,,
37554,40:40.427,2,2063,913,2265,1164,922.0,964.0,1016.0,1099.0,,,,,,,,
37555,40:40.460,2,2058,919,2262,1167,919.0,967.0,1013.0,1104.0,,,,,,,,
37556,40:40.493,2,919,972,1014,1109,2058.0,929.0,2262.0,1173.0,,,,,,,,
37557,40:40.527,2,921,977,1017,1114,2063.0,933.0,2264.0,1179.0,,,,,,,,
37558,40:40.560,2,925,977,1020,1114,2067.0,933.0,2271.0,1179.0,,,,,,,,
37559,40:40.593,2,930,978,1024,1112,2071.0,930.0,2277.0,1176.0,,,,,,,,
37560,40:40.627,2,933,976,1028,1110,2075.0,926.0,2280.0,1173.0,,,,,,,,
37561,40:40.660,2,2077,924,2283,1171,935.0,972.0,1030.0,1108.0,,,,,,,,
37562,40:40.693,2,936,967,1031,1104,2078.0,919.0,2285.0,1167.0,,,,,,,,
37563,40:40.727,2,2080,916,2287,1164,937.0,964.0,1032.0,1099.0,,,,,,,,
37564,40:40.760,2,2081,910,2288,1159,939.0,962.0,1033.0,1096.0,,,,,,,,
37565,40:40.793,2,939,958,1033,1093,2081.0,907.0,2286.0,1156.0,,,,,,,,
37566,40:40.827,2,937,958,1032,1092,2078.0,909.0,2284.0,1157.0,,,,,,,,
37567,40:40.860,2,935,957,1028,1091,2074.0,908.0,2279.0,1160.0,,,,,,,,
37568,40:40.893,2,934,956,1027,1090,2073.0,914.0,2277.0,1162.0,,,,,,,,
37569,40:40.927,2,934,955,1028,1091,2074.0,916.0,2278.0,1166.0,,,,,,,,
37570,40:40.960,2,937,956,1032,1092,2078.0,923.0,2285.0,1170.0,,,,,,,,
37571,40:40.993,2,943,955,1037,1089,2083.0,924.0,2293.0,1173.0,,,,,,,,
37572,40:41.027,2,2091,931,2300,1178,948.0,956.0,1041.0,1089.0,,,,,,,,
37573,40:41.060,2,950,955,1044,1088,2096.0,931.0,2304.0,1181.0,,,,,,,,
37574,40:41.093,2,2099,932,2309,1181,955.0,950.0,1048.0,1084.0,,,,,,,,
37575,40:41.127,2,2105,931,2319,1181,960.0,947.0,1052.0,1080.0,,,,,,,,
37576,40:41.160,2,2111,929,2328,1178,964.0,944.0,1054.0,1078.0,,,,,,,,
37577,40:41.193,2,2123,928,2336,1171,970.0,939.0,1063.0,1073.0,,,,,,,,
37578,40:41.227,2,2131,920,2346,1169,975.0,938.0,1068.0,1069.0,,,,,,,,
37579,40:41.260,2,2137,919,2348,1167,980.0,934.0,1074.0,1066.0,,,,,,,,
37580,40:41.293,2,2140,916,2352,1163,982.0,933.0,1076.0,1064.0,,,,,,,,
37581,40:41.327,2,981,931,1076,1062,2140.0,911.0,2351.0,1161.0,,,,,,,,
37582,40:41.360,2,981,928,1076,1059,2140.0,908.0,2351.0,1158.0,,,,,,,,
37583,40:41.393,2,981,926,1075,1058,2139.0,906.0,2350.0,1156.0,,,,,,,,
37584,40:41.427,2,982,925,1075,1055,2140.0,905.0,2350.0,1153.0,,,,,,,,
37585,40:41.460,2,981,922,1075,1053,2140.0,903.0,2349.0,1150.0,,,,,,,,
37586,40:41.493,2,981,920,1076,1052,2140.0,902.0,2351.0,1149.0,,,,,,,,
37587,40:41.527,2,982,918,1076,1050,2140.0,899.0,2350.0,1148.0,,,,,,,,
37588,40:41.560,2,982,918,1077,1050,2140.0,898.0,2350.0,1147.0,,,,,,,,
37589,40:41.593,2,983,918,1077,1049,2141.0,896.0,2351.0,1145.0,,,,,,,,
37590,40:41.627,2,984,917,1078,1047,2141.0,898.0,2353.0,1142.0,,,,,,,,
37591,40:41.660,2,985,918,1079,1047,2144.0,895.0,2355.0,1141.0,,,,,,,,
37592,40:41.693,2,987,919,1080,1048,2147.0,894.0,2355.0,1140.0,,,,,,,,
37593,40:41.727,2,988,920,1081,1050,2150.0,895.0,2356.0,1141.0,,,,,,,,
37594,40:41.760,2,989,922,1082,1053,2153.0,895.0,2356.0,1142.0,,,,,,,,
37595,40:41.793,2,989,924,1082,1055,2155.0,896.0,2357.0,1143.0,,,,,,,,
37596,40:41.827,2,990,925,1083,1056,2157.0,897.0,2358.0,1145.0,,,,,,,,
37597,40:41.860,2,992,926,1085,1059,2160.0,898.0,2361.0,1148.0,,,,,,,,
37598,40:41.893,2,995,927,1088,1059,2163.0,896.0,2367.0,1148.0,,,,,,,,
37599,40:41.927,2,998,926,1092,1059,2169.0,893.0,2372.0,1148.0,,,,,,,,
37600,40:41.960,2,1002,927,1095,1058,2173.0,893.0,2379.0,1148.0,,,,,,,,
37601,40:41.993,2,1004,926,1097,1057,2178.0,893.0,2382.0,1148.0,,,,,,,,
37602,40:42.027,2,1004,925,1096,1056,2179.0,892.0,2382.0,1149.0,,,,,,,,
37603,40:42.060,2,1003,922,1095,1053,2180.0,892.0,2383.0,1150.0,,,,,,,,
37604,40:42.093,2,1001,920,1094,1051,2177.0,891.0,2382.0,1151.0,,,,,,,,
37605,40:42.127,2,1001,919,1093,1050,2178.0,893.0,2383.0,1152.0,,,,,,,,
37606,40:42.160,2,1000,919,1093,1051,2177.0,893.0,2384.0,1154.0,,,,,,,,
37607,40:42.193,2,999,919,1093,1051,2176.0,893.0,2384.0,1155.0,,,,,,,,
37608,40:42.227,2,998,920,1093,1052,2176.0,894.0,2385.0,1155.0,,,,,,,,
37609,40:42.260,2,999,921,1093,1053,2176.0,896.0,2385.0,1157.0,,,,,,,,
37610,40:42.293,2,999,921,1093,1052,2177.0,895.0,2385.0,1155.0,,,,,,,,
37611,40:42.327,2,1000,921,1094,1052,2178.0,894.0,2386.0,1154.0,,,,,,,,
37612,40:42.360,2,1001,921,1093,1052,2180.0,894.0,2385.0,1149.0,,,,,,,,
37613,40:42.393,2,1001,921,1094,1052,2180.0,894.0,2385.0,1149.0,,,,,,,,
37614,40:42.427,2,1001,922,1093,1053,2178.0,893.0,2384.0,1147.0,,,,,,,,
37615,40:42.460,2,999,921,1093,1053,2176.0,892.0,2382.0,1146.0,,,,,,,,
37616,40:42.493,2,997,923,1091,1055,2173.0,892.0,2380.0,1146.0,,,,,,,,
37617,40:42.527,2,995,922,1089,1054,2170.0,891.0,2375.0,1144.0,,,,,,,,
37618,40:42.560,2,994,923,1087,1053,2168.0,889.0,2373.0,1143.0,,,,,,,,
37619,40:42.593,2,994,923,1087,1054,2167.0,891.0,2373.0,1143.0,,,,,,,,
37620,40:42.627,2,993,923,1087,1055,2167.0,892.0,2372.0,1144.0,,,,,,,,
37621,40:42.660,2,994,923,1087,1054,2167.0,892.0,2373.0,1144.0,,,,,,,,
37622,40:42.693,2,995,924,1088,1055,2169.0,891.0,2375.0,1144.0,,,,,,,,
37623,40:42.727,2,996,923,1090,1055,2171.0,892.0,2377.0,1144.0,,,,,,,,
37624,40:42.762,2,998,923,1092,1054,2173.0,891.0,2379.0,1143.0,,,,,,,,
37625,40:42.795,2,1001,923,1093,1054,2176.0,891.0,2381.0,1142.0,,,,,,,,
37626,40:42.828,2,1002,923,1095,1054,2179.0,890.0,2382.0,1142.0,,,,,,,,
37627,40:42.862,2,1004,924,1096,1054,2182.0,890.0,2384.0,1142.0,,,,,,,,
37628,40:42.895,2,1005,925,1097,1054,2182.0,890.0,2384.0,1142.0,,,,,,,,
37629,40:42.928,2,1004,926,1096,1056,2181.0,891.0,2384.0,1142.0,,,,,,,,
37630,40:42.962,2,1002,930,1094,1059,2176.0,892.0,2382.0,1144.0,,,,,,,,
37631,40:42.995,2,999,930,1092,1060,2173.0,893.0,2380.0,1144.0,,,,,,,,
37632,40:43.028,2,998,930,1091,1060,2171.0,894.0,2378.0,1145.0,,,,,,,,
37633,40:43.062,2,998,933,1091,1062,2171.0,893.0,2377.0,1147.0,,,,,,,,
37634,40:43.095,2,999,934,1091,1063,2172.0,894.0,2378.0,1147.0,,,,,,,,
37635,40:43.128,2,1000,933,1092,1063,2173.0,894.0,2380.0,1146.0,,,,,,,,
37636,40:43.162,2,1002,931,1093,1062,2174.0,895.0,2380.0,1146.0,,,,,,,,
37637,40:43.195,2,1002,932,1094,1062,2176.0,894.0,2381.0,1146.0,,,,,,,,
37638,40:43.228,2,1003,933,1094,1062,2177.0,894.0,2381.0,1146.0,,,,,,,,
37639,40:43.262,2,1003,934,1095,1063,2177.0,894.0,2381.0,1147.0,,,,,,,,
37640,40:43.295,2,1003,934,1095,1063,2178.0,895.0,2381.0,1146.0,,,,,,,,
37641,40:43.328,2,1002,935,1095,1065,2179.0,895.0,2383.0,1148.0,,,,,,,,
37642,40:43.362,2,1002,936,1094,1065,2180.0,897.0,2384.0,1150.0,,,,,,,,
37643,40:43.395,2,1003,937,1095,1068,2182.0,900.0,2384.0,1152.0,,,,,,,,
37644,40:43.428,2,1005,937,1097,1068,2185.0,900.0,2386.0,1154.0,,,,,,,,
37645,40:43.462,2,1008,939,1098,1069,2188.0,903.0,2389.0,1156.0,,,,,,,,
37646,40:43.495,2,1010,940,1103,1071,2191.0,904.0,2392.0,1157.0,,,,,,,,
37647,40:43.528,2,1013,944,1107,1076,2198.0,912.0,2396.0,1162.0,,,,,,,,
37648,40:43.562,2,1017,949,1110,1079,2204.0,920.0,2398.0,1166.0,,,,,,,,
37649,40:43.595,2,1022,956,1114,1085,2209.0,924.0,2404.0,1175.0,,,,,,,,
37650,40:43.628,2,1025,962,1117,1091,2218.0,930.0,2414.0,1179.0,,,,,,,,
37651,40:43.662,2,1027,965,1120,1094,2222.0,936.0,2419.0,1182.0,,,,,,,,
37652,40:43.695,2,1028,965,1121,1097,2224.0,938.0,2421.0,1185.0,,,,,,,,
37653,40:43.728,2,1028,966,1122,1098,2226.0,939.0,2419.0,1188.0,,,,,,,,
37654,40:43.762,2,1028,967,1122,1098,2226.0,940.0,2415.0,1188.0,,,,,,,,
37655,40:43.795,2,1028,966,1121,1098,2224.0,940.0,2422.0,1188.0,,,,,,,,
37656,40:43.828,2,1027,967,1119,1097,2218.0,941.0,2414.0,1188.0,,,,,,,,
37657,40:43.862,2,1024,966,1117,1097,2214.0,941.0,2402.0,1189.0,,,,,,,,
37658,40:43.895,2,1019,968,1113,1098,2206.0,940.0,2401.0,1190.0,,,,,,,,
37659,40:43.928,2,1017,972,1109,1101,2202.0,941.0,2400.0,1191.0,,,,,,,,
37660,40:43.962,2,1014,976,1107,1107,2199.0,943.0,2398.0,1194.0,,,,,,,,
37661,40:43.995,2,1012,980,1106,1111,2198.0,948.0,2397.0,1198.0,,,,,,,,
37662,40:44.028,2,1013,987,1107,1118,2198.0,952.0,2396.0,1203.0,,,,,,,,
37663,40:44.062,2,1014,992,1107,1123,2199.0,956.0,2398.0,1210.0,,,,,,,,
37664,40:44.095,2,2199,957,2397,1213,1014.0,995.0,1107.0,1125.0,,,,,,,,
37665,40:44.128,2,1013,993,1106,1124,2198.0,957.0,2395.0,1213.0,,,,,,,,
37666,40:44.162,2,1012,992,1104,1122,2196.0,958.0,2394.0,1212.0,,,,,,,,
37667,40:44.195,2,1012,991,1105,1120,2195.0,957.0,2395.0,1211.0,,,,,,,,
37668,40:44.228,2,1014,990,1107,1120,2197.0,955.0,2395.0,1210.0,,,,,,,,
37669,40:44.262,2,1018,991,1110,1121,2201.0,956.0,2397.0,1211.0,,,,,,,,
37670,40:44.295,2,1021,992,1113,1121,2206.0,956.0,2399.0,1211.0,,,,,,,,
37671,40:44.328,2,1023,994,1115,1122,2212.0,958.0,2402.0,1211.0,,,,,,,,
37672,40:44.362,2,1024,995,1116,1123,2215.0,956.0,2407.0,1211.0,,,,,,,,
37673,40:44.395,2,1024,995,1116,1123,2214.0,956.0,2405.0,1210.0,,,,,,,,
37674,40:44.428,2,1024,993,1117,1122,2213.0,955.0,2404.0,1208.0,,,,,,,,
37675,40:44.462,2,1024,990,1116,1121,2213.0,952.0,2406.0,1206.0,,,,,,,,
37676,40:44.495,2,1024,988,1115,1119,2212.0,950.0,2405.0,1203.0,,,,,,,,
37677,40:44.528,2,1023,986,1115,1117,2212.0,948.0,2404.0,1199.0,,,,,,,,
37678,40:44.562,2,1022,984,1115,1115,2211.0,945.0,2404.0,1197.0,,,,,,,,
37679,40:44.595,2,1022,985,1114,1116,2211.0,945.0,2404.0,1198.0,,,,,,,,
37680,40:44.628,2,1023,988,1115,1119,2213.0,946.0,2404.0,1198.0,,,,,,,,
37681,40:44.662,2,1025,989,1117,1120,2215.0,945.0,2403.0,1198.0,,,,,,,,
37682,40:44.695,2,1026,989,1119,1120,2217.0,945.0,2406.0,1199.0,,,,,,,,
37683,40:44.728,2,1027,994,1121,1124,2219.0,949.0,2418.0,1203.0,,,,,,,,
37684,40:44.762,2,1028,998,1122,1131,2226.0,956.0,2425.0,1211.0,,,,,,,,
37685,40:44.795,2,1028,1008,1121,1139,2226.0,961.0,2428.0,1219.0,,,,,,,,
37686,40:44.828,2,1026,1013,1120,1145,2226.0,968.0,2427.0,1223.0,,,,,,,,
37687,40:44.862,2,1026,1018,1118,1149,2225.0,970.0,2428.0,1225.0,,,,,,,,
37688,40:44.895,2,1025,1018,1117,1149,2224.0,968.0,2424.0,1223.0,,,,,,,,
37689,40:44.928,2,1023,1011,1116,1142,2217.0,954.0,2415.0,1211.0,,,,,,,,
37690,40:44.962,2,1020,997,1113,1127,2214.0,943.0,2406.0,1194.0,,,,,,,,
37691,40:44.995,2,1018,981,1110,1113,2206.0,930.0,2402.0,1177.0,,,,,,,,
37692,40:45.028,2,1013,964,1106,1093,2199.0,899.0,2396.0,1154.0,,,,,,,,
37693,40:45.062,2,1007,944,1098,1074,2187.0,875.0,2388.0,1127.0,,,,,,,,
37694,40:45.095,2,1000,935,1093,1066,2174.0,863.0,2383.0,1108.0,,,,,,,,
37695,40:45.128,2,998,938,1091,1070,2170.0,854.0,2377.0,1103.0,,,,,,,,
37696,40:45.162,2,997,955,1091,1085,2169.0,849.0,2375.0,1098.0,,,,,,,,
37697,40:45.195,2,1001,982,1094,1110,2170.0,855.0,2376.0,1103.0,,,,,,,,
37698,40:45.228,2,1008,1009,1100,1139,2176.0,871.0,2379.0,1118.0,,,,,,,,
37699,40:45.262,2,2197,879,2393,1133,1023.0,1030.0,1117.0,1159.0,,,,,,,,
37700,40:45.295,2,1051,1030,1144,1159,2236.0,879.0,2433.0,1132.0,,,,,,,,
37701,40:45.328,2,1093,1002,1183,1131,2288.0,853.0,2468.0,1109.0,,,,,,,,
37702,40:45.362,2,1140,959,1230,1085,-23.0,1070.0,128.0,1290.0,,,,,,,,
37703,40:45.395,2,1185,924,1275,1050,52.0,1026.0,210.0,1236.0,,,,,,,,
37704,40:45.428,2,1227,907,1317,1030,118.0,999.0,281.0,1205.0,,,,,,,,
37705,40:45.462,2,1262,888,1352,1011,183.0,974.0,335.0,1177.0,,,,,,,,
37706,40:45.495,2,1290,867,1381,991,231.0,952.0,378.0,1152.0,,,,,,,,
37707,40:45.528,2,1309,846,1400,970,266.0,932.0,411.0,1130.0,,,,,,,,
37708,40:45.562,2,1321,831,1411,956,290.0,921.0,430.0,1114.0,,,,,,,,
37709,40:45.595,2,1327,822,1418,946,300.0,910.0,441.0,1107.0,,,,,,,,
37710,40:45.628,2,1329,821,1418,943,304.0,909.0,445.0,1105.0,,,,,,,,
37711,40:45.662,2,1325,822,1417,947,303.0,916.0,442.0,1111.0,,,,,,,,
37712,40:45.695,2,1323,830,1412,954,301.0,927.0,438.0,1117.0,,,,,,,,
37713,40:45.728,2,1321,839,1410,962,297.0,936.0,436.0,1130.0,,,,,,,,
37714,40:45.762,2,1319,850,1410,974,296.0,949.0,435.0,1142.0,,,,,,,,
37715,40:45.795,2,1321,862,1411,984,297.0,962.0,438.0,1154.0,,,,,,,,
37716,40:45.828,2,1325,867,1416,991,301.0,966.0,444.0,1160.0,,,,,,,,
37717,40:45.862,2,1336,875,1425,997,320.0,973.0,456.0,1165.0,,,,,,,,
37718,40:45.895,2,1348,877,1439,999,332.0,971.0,473.0,1164.0,,,,,,,,
37719,40:45.928,2,1360,878,1449,1001,351.0,971.0,488.0,1160.0,,,,,,,,
37720,40:45.962,2,1369,876,1459,997,366.0,964.0,500.0,1155.0,,,,,,,,
37721,40:45.995,2,1377,873,1466,992,376.0,953.0,510.0,1146.0,,,,,,,,
37722,40:46.028,2,1384,869,1474,991,387.0,945.0,521.0,1137.0,,,,,,,,
37723,40:46.062,2,1395,870,1485,992,397.0,943.0,532.0,1137.0,,,,,,,,
37724,40:46.095,2,1407,877,1498,1001,417.0,950.0,547.0,1142.0,,,,,,,,
37725,40:46.128,2,1422,885,1512,1009,434.0,959.0,565.0,1150.0,,,,,,,,
37726,40:46.162,2,1437,892,1529,1015,454.0,964.0,583.0,1149.0,,,,,,,,
37727,40:46.195,2,1454,893,1545,1017,475.0,961.0,603.0,1148.0,,,,,,,,
37728,40:46.228,2,1467,890,1560,1015,491.0,958.0,619.0,1144.0,,,,,,,,
37729,40:46.262,2,1481,891,1573,1016,510.0,956.0,634.0,1142.0,,,,,,,,
37730,40:46.295,2,1493,899,1586,1021,522.0,961.0,648.0,1142.0,,,,,,,,
37731,40:46.328,2,1502,908,1594,1029,535.0,964.0,657.0,1148.0,,,,,,,,
37732,40:46.362,2,1504,911,1599,1037,539.0,969.0,660.0,1154.0,,,,,,,,
37733,40:46.395,2,1503,921,1597,1045,534.0,976.0,657.0,1162.0,,,,,,,,
37734,40:46.428,2,1499,924,1591,1049,526.0,979.0,651.0,1167.0,,,,,,,,
37735,40:46.462,2,1490,921,1583,1046,519.0,978.0,644.0,1164.0,,,,,,,,
37736,40:46.495,2,1483,917,1574,1043,512.0,976.0,635.0,1162.0,,,,,,,,
37737,40:46.528,2,1474,920,1566,1042,502.0,978.0,626.0,1166.0,,,,,,,,
37738,40:46.562,2,1467,920,1559,1044,493.0,981.0,619.0,1168.0,,,,,,,,
37739,40:46.595,2,1458,919,1551,1043,486.0,984.0,611.0,1170.0,,,,,,,,
37740,40:46.628,2,1451,917,1542,1041,477.0,983.0,600.0,1172.0,,,,,,,,
37741,40:46.662,2,1440,917,1531,1040,462.0,984.0,588.0,1172.0,,,,,,,,
37742,40:46.695,2,1432,913,1523,1037,453.0,978.0,579.0,1168.0,,,,,,,,
37743,40:46.728,2,1425,915,1516,1039,442.0,977.0,569.0,1168.0,,,,,,,,
37744,40:46.762,2,1417,927,1508,1052,431.0,988.0,559.0,1177.0,,,,,,,,
37745,40:46.797,2,1411,939,1504,1066,416.0,996.0,549.0,1186.0,,,,,,,,
37746,40:46.830,2,1407,950,1498,1077,409.0,999.0,540.0,1194.0,,,,,,,,
37747,40:46.863,2,1403,956,1495,1083,400.0,999.0,533.0,1195.0,,,,,,,,
37748,40:46.897,2,1401,951,1493,1079,396.0,993.0,531.0,1187.0,,,,,,,,
37749,40:46.930,2,1403,939,1495,1066,399.0,979.0,533.0,1174.0,,,,,,,,
37750,40:46.963,2,1406,921,1498,1047,408.0,962.0,539.0,1155.0,,,,,,,,
37751,40:46.997,2,1409,902,1500,1026,411.0,939.0,541.0,1136.0,,,,,,,,
37752,40:47.030,2,1408,882,1499,1008,413.0,925.0,541.0,1117.0,,,,,,,,
37753,40:47.063,2,1406,868,1496,991,408.0,910.0,539.0,1104.0,,,,,,,,
37754,40:47.097,2,1401,851,1492,976,403.0,895.0,535.0,1087.0,,,,,,,,
37755,40:47.130,2,1397,834,1487,960,396.0,879.0,529.0,1071.0,,,,,,,,
37756,40:47.163,2,1392,819,1481,942,392.0,861.0,524.0,1052.0,,,,,,,,
37757,40:47.197,2,1386,803,1477,928,384.0,845.0,517.0,1036.0,,,,,,,,
37758,40:47.230,2,1383,802,1473,928,380.0,839.0,512.0,1033.0,,,,,,,,
37759,40:47.263,2,1379,807,1469,931,374.0,837.0,507.0,1034.0,,,,,,,,
37760,40:47.297,2,1375,816,1465,938,366.0,843.0,499.0,1037.0,,,,,,,,
37761,40:47.330,2,1366,824,1456,948,354.0,849.0,490.0,1044.0,,,,,,,,
37762,40:47.363,2,1358,832,1448,958,340.0,853.0,475.0,1051.0,,,,,,,,
37763,40:47.397,2,1350,836,1439,961,328.0,854.0,465.0,1051.0,,,,,,,,
37764,40:47.430,2,1341,828,1433,955,319.0,841.0,454.0,1042.0,,,,,,,,
37765,40:47.463,2,1338,817,1427,940,311.0,824.0,449.0,1026.0,,,,,,,,
37766,40:47.497,2,1337,802,1425,927,310.0,806.0,448.0,1008.0,,,,,,,,
37767,40:47.530,2,1339,786,1428,909,314.0,791.0,451.0,989.0,,,,,,,,
37768,40:47.563,2,1344,768,1434,893,324.0,774.0,460.0,968.0,,,,,,,,
37769,40:47.597,2,1350,760,1440,884,329.0,765.0,468.0,961.0,,,,,,,,
37770,40:47.630,2,1354,758,1443,882,335.0,761.0,472.0,959.0,,,,,,,,
37771,40:47.663,2,1354,763,1445,888,336.0,770.0,474.0,966.0,,,,,,,,
37772,40:47.697,2,1354,789,1443,913,334.0,793.0,472.0,991.0,,,,,,,,
37773,40:47.730,2,1353,818,1442,941,331.0,822.0,470.0,1020.0,,,,,,,,
37774,40:47.763,2,1351,844,1441,965,328.0,852.0,467.0,1047.0,,,,,,,,
37775,40:47.797,2,1350,857,1441,984,327.0,870.0,465.0,1062.0,,,,,,,,
37776,40:47.830,2,1352,868,1442,993,325.0,876.0,469.0,1074.0,,,,,,,,
37777,40:47.880,2,1355,874,1445,997,329.0,879.0,471.0,1076.0,,,,,,,,
37778,40:47.905,2,1361,876,1449,999,335.0,877.0,476.0,1075.0,,,,,,,,
37779,40:47.930,2,1366,876,1455,1000,342.0,877.0,482.0,1075.0,,,,,,,,
37780,40:47.980,2,1369,877,1459,1001,348.0,878.0,485.0,1076.0,,,,,,,,
37781,40:47.997,2,1370,876,1461,1001,349.0,880.0,485.0,1077.0,,,,,,,,
