frame,time,gaze_x,gaze_y,gaze_delta_x,gaze_delta_y,gaze_delta_euclidean,faces_detected_count,gaze_on_any_face,008_detected,008_tl_x,008_tl_y,008_br_x,008_br_y,gaze_on_008,009_detected,009_tl_x,009_tl_y,009_br_x,009_br_y,gaze_on_009,010_detected,010_tl_x,010_tl_y,010_br_x,010_br_y,gaze_on_010,011_detected,011_tl_x,011_tl_y,011_br_x,011_br_y,gaze_on_011,UNKNOWN_detected,UNKNOWN_tl_x,UNKNOWN_tl_y,UNKNOWN_br_x,UNKNOWN_br_y,gaze_on_UNKNOWN
3280,01:46.974,1090.0,682.0,,,,0,False,False,,,,,False,False,,,,,False,False,,,,,False,False,,,,,False,False,,,,,False
3295,01:47.463,1530.0,542.0,440.0,-140.0,461.7358552246078,0,False,False,,,,,False,False,,,,,False,False,,,,,False,False,,,,,False,False,,,,,False
3310,01:47.952,1514.0,546.0,-16.0,4.0,16.492422502470642,0,False,False,,,,,False,False,,,,,False,False,,,,,False,False,,,,,False,False,,,,,False
3325,01:48.441,1696.0,746.0,182.0,200.0,270.4144966528237,0,False,False,,,,,False,False,,,,,False,False,,,,,False,False,,,,,False,False,,,,,False
3340,01:48.931,1110.0,772.0,-586.0,26.0,586.576508223778,1,False,False,,,,,False,False,,,,,False,False,,,,,False,False,,,,,False,True,2310,832,2403,984,False
3355,01:49.420,,,,,,0,False,False,,,,,False,False,,,,,False,False,,,,,False,False,,,,,False,False,,,,,False
3370,01:49.909,1314.0,478.0,,,,0,False,False,,,,,False,False,,,,,False,False,,,,,False,False,,,,,False,False,,,,,False
3385,01:50.398,1402.0,448.0,88.0,-30.0,92.97311439335567,1,False,False,,,,,False,False,,,,,False,False,,,,,False,False,,,,,False,True,2180,617,2270,777,False
3400,01:50.887,1566.0,386.0,164.0,-62.0,175.32826355154492,0,False,False,,,,,False,False,,,,,False,False,,,,,False,False,,,,,False,False,,,,,False
3415,01:51.377,1678.0,214.0,112.0,-172.0,205.25106577067996,0,False,False,,,,,False,False,,,,,False,False,,,,,False,False,,,,,False,False,,,,,False
3430,01:51.866,1370.0,494.0,-308.0,280.0,416.2499249249181,0,False,False,,,,,False,False,,,,,False,False,,,,,False,False,,,,,False,False,,,,,False
3445,01:52.355,1330.0,510.0,-40.0,16.0,43.08131845707604,0,False,False,,,,,False,False,,,,,False,False,,,,,False,False,,,,,False,False,,,,,False
3460,01:52.844,1348.0,570.0,18.0,60.0,62.6418390534633,0,False,False,,,,,False,False,,,,,False,False,,,,,False,False,,,,,False,False,,,,,False
3475,01:53.333,1516.0,494.0,168.0,-76.0,184.39088914585776,0,False,False,,,,,False,False,,,,,False,False,,,,,False,False,,,,,False,False,,,,,False
3490,01:53.823,1686.0,754.0,170.0,260.0,310.64449134018133,0,False,False,,,,,False,False,,,,,False,False,,,,,False,False,,,,,False,False,,,,,False
3505,01:54.312,726.0,910.0,-960.0,156.0,972.5924120617024,1,False,False,,,,,False,True,657,980,845,1206,False,False,,,,,False,False,,,,,False,False,,,,,False
3520,01:54.801,182.0,68.0,-544.0,-842.0,1002.4470060806208,1,False,False,,,,,False,True,927,783,1100,1000,False,False,,,,,False,False,,,,,False,False,,,,,False
3535,01:55.290,182.0,68.0,0.0,0.0,0.0,1,False,False,,,,,False,True,1231,465,1406,689,False,False,,,,,False,False,,,,,False,False,,,,,False
3550,01:55.780,182.0,68.0,0.0,0.0,0.0,1,False,False,,,,,False,True,1247,389,1411,624,False,False,,,,,False,False,,,,,False,False,,,,,False
3565,01:56.269,182.0,68.0,0.0,0.0,0.0,1,False,False,,,,,False,True,1215,439,1379,668,False,False,,,,,False,False,,,,,False,False,,,,,False
3580,01:56.758,,,,,,1,False,False,,,,,False,True,704,446,887,690,False,False,,,,,False,False,,,,,False,False,,,,,False
3595,01:57.247,1472.0,622.0,,,,1,False,False,,,,,False,False,,,,,False,True,2188,942,2354,1116,False,False,,,,,False,False,,,,,False
3610,01:57.736,1076.0,630.0,-396.0,8.0,396.0807998376089,1,False,False,,,,,False,False,,,,,False,True,1710,836,1839,999,False,False,,,,,False,False,,,,,False
3625,01:58.226,1346.0,638.0,270.0,8.0,270.11849251763573,1,False,False,,,,,False,False,,,,,False,True,2044,843,2203,1017,False,False,,,,,False,False,,,,,False
3640,01:58.715,182.0,68.0,-1164.0,-570.0,1296.0694425839997,1,False,False,,,,,False,False,,,,,False,True,2165,822,2339,1005,False,False,,,,,False,False,,,,,False
3655,01:59.204,182.0,68.0,0.0,0.0,0.0,0,False,False,,,,,False,False,,,,,False,False,,,,,False,False,,,,,False,False,,,,,False
3670,01:59.693,182.0,68.0,0.0,0.0,0.0,1,False,False,,,,,False,True,802,630,975,863,False,False,,,,,False,False,,,,,False,False,,,,,False
3685,02:00.182,182.0,68.0,0.0,0.0,0.0,1,False,False,,,,,False,True,942,624,1105,815,False,False,,,,,False,False,,,,,False,False,,,,,False
3700,02:00.672,,,,,,1,False,False,,,,,False,True,743,760,918,954,False,False,,,,,False,False,,,,,False,False,,,,,False
3715,02:01.161,1262.0,354.0,,,,1,False,False,,,,,False,False,,,,,False,True,1991,548,2156,728,False,False,,,,,False,False,,,,,False
3730,02:01.650,2084.0,314.0,822.0,-40.0,822.9726605422563,1,False,False,,,,,False,False,,,,,False,True,1364,382,1501,555,False,False,,,,,False,False,,,,,False
3745,02:02.139,534.0,510.0,-1550.0,196.0,1562.3431121235822,1,False,False,,,,,False,False,,,,,False,True,1376,802,1516,983,False,False,,,,,False,False,,,,,False
3760,02:02.628,1242.0,746.0,708.0,236.0,746.2975277997376,1,False,False,,,,,False,False,,,,,False,True,1372,780,1520,975,False,False,,,,,False,False,,,,,False
3775,02:03.118,1370.0,898.0,128.0,152.0,198.71587757398754,1,True,False,,,,,False,False,,,,,False,True,1295,800,1437,983,True,False,,,,,False,False,,,,,False
3790,02:03.607,1108.0,788.0,-262.0,-110.0,284.1548873413934,1,False,False,,,,,False,False,,,,,False,True,1299,937,1441,1130,False,False,,,,,False,False,,,,,False
3805,02:04.096,182.0,68.0,-926.0,-720.0,1172.9774081370877,1,False,False,,,,,False,False,,,,,False,True,1287,891,1433,1080,False,False,,,,,False,False,,,,,False
3820,02:04.585,182.0,68.0,0.0,0.0,0.0,1,False,False,,,,,False,False,,,,,False,True,1276,814,1419,1001,False,False,,,,,False,False,,,,,False
3835,02:05.074,182.0,68.0,0.0,0.0,0.0,1,False,False,,,,,False,False,,,,,False,True,1274,827,1423,1020,False,False,,,,,False,False,,,,,False
3850,02:05.564,182.0,68.0,0.0,0.0,0.0,1,False,False,,,,,False,False,,,,,False,True,1272,794,1410,979,False,False,,,,,False,False,,,,,False
3865,02:06.053,182.0,68.0,0.0,0.0,0.0,1,False,False,,,,,False,False,,,,,False,True,1220,851,1358,1039,False,False,,,,,False,False,,,,,False
3880,02:06.542,182.0,68.0,0.0,0.0,0.0,1,False,False,,,,,False,False,,,,,False,True,1218,1055,1366,1263,False,False,,,,,False,False,,,,,False
3895,02:07.031,182.0,68.0,0.0,0.0,0.0,1,False,False,,,,,False,False,,,,,False,True,1260,795,1400,983,False,False,,,,,False,False,,,,,False
3910,02:07.521,182.0,68.0,0.0,0.0,0.0,1,False,False,,,,,False,False,,,,,False,True,1323,826,1452,1000,False,False,,,,,False,False,,,,,False
3925,02:08.010,182.0,68.0,0.0,0.0,0.0,2,False,False,,,,,False,False,,,,,False,True,1057,705,1168,857,False,False,,,,,False,True,1799,617,2024,911,False
3940,02:08.499,182.0,68.0,0.0,0.0,0.0,2,False,False,,,,,False,False,,,,,False,True,1111,817,1218,962,False,True,1705,722,1834,958,False,False,,,,,False
3955,02:08.988,182.0,68.0,0.0,0.0,0.0,2,False,False,,,,,False,False,,,,,False,True,1132,825,1238,965,False,True,1652,731,1786,963,False,False,,,,,False
3970,02:09.477,182.0,68.0,0.0,0.0,0.0,2,False,False,,,,,False,False,,,,,False,True,1042,746,1144,875,False,True,1513,668,1644,882,False,False,,,,,False
3985,02:09.967,182.0,68.0,0.0,0.0,0.0,2,False,False,,,,,False,False,,,,,False,True,946,846,1040,973,False,True,1404,760,1551,964,False,False,,,,,False
4000,02:10.456,182.0,68.0,0.0,0.0,0.0,2,False,False,,,,,False,False,,,,,False,True,1063,1027,1156,1152,False,True,1508,929,1663,1143,False,False,,,,,False
4015,02:10.945,182.0,68.0,0.0,0.0,0.0,2,False,False,,,,,False,False,,,,,False,True,1019,926,1113,1050,False,True,1444,839,1598,1049,False,False,,,,,False
4030,02:11.434,182.0,68.0,0.0,0.0,0.0,1,False,False,,,,,False,True,982,908,1118,1099,False,False,,,,,False,False,,,,,False,False,,,,,False
4045,02:11.923,1088.0,922.0,906.0,854.0,1245.0510029713641,1,True,False,,,,,False,True,983,829,1142,1029,True,False,,,,,False,False,,,,,False,False,,,,,False
4060,02:12.413,182.0,58.0,-906.0,-864.0,1251.931308019733,1,False,False,,,,,False,True,942,908,1097,1105,False,False,,,,,False,False,,,,,False,False,,,,,False
4075,02:12.902,182.0,58.0,0.0,0.0,0.0,1,False,False,,,,,False,True,941,927,1091,1129,False,False,,,,,False,False,,,,,False,False,,,,,False
4090,02:13.391,182.0,58.0,0.0,0.0,0.0,1,False,False,,,,,False,True,966,895,1109,1085,False,False,,,,,False,False,,,,,False,False,,,,,False
4105,02:13.880,182.0,68.0,0.0,10.0,10.0,1,False,False,,,,,False,True,1088,784,1239,999,False,False,,,,,False,False,,,,,False,False,,,,,False
4120,02:14.369,,,,,,1,False,False,,,,,False,True,1129,764,1251,960,False,False,,,,,False,False,,,,,False,False,,,,,False
4135,02:14.859,,,,,,1,False,False,,,,,False,True,1028,675,1144,885,False,False,,,,,False,False,,,,,False,False,,,,,False
4150,02:15.348,,,,,,1,False,False,,,,,False,True,984,599,1114,828,False,False,,,,,False,False,,,,,False,False,,,,,False
4165,02:15.837,1330.0,690.0,,,,1,False,False,,,,,False,True,1350,613,1496,835,False,False,,,,,False,False,,,,,False,False,,,,,False
4180,02:16.326,1624.0,654.0,294.0,-36.0,296.1958811327396,0,False,False,,,,,False,False,,,,,False,False,,,,,False,False,,,,,False,False,,,,,False
4195,02:16.816,,,,,,0,False,False,,,,,False,False,,,,,False,False,,,,,False,False,,,,,False,False,,,,,False
4210,02:17.305,1798.0,1162.0,,,,2,False,False,,,,,False,False,,,,,False,True,1289,1072,1380,1195,False,False,,,,,False,True,1838,1054,2011,1267,False
4225,02:17.794,1350.0,1070.0,-448.0,-92.0,457.348882145786,2,True,False,,,,,False,False,,,,,False,True,737,1027,841,1160,False,True,1293,964,1450,1179,True,False,,,,,False
4240,02:18.283,1340.0,1108.0,-10.0,38.0,39.293765408777,2,False,False,,,,,False,False,,,,,False,True,633,1348,760,1508,False,False,,,,,False,True,1313,1262,1508,1506,False
4255,02:18.772,1246.0,688.0,-94.0,-420.0,430.3905203417009,2,False,False,,,,,False,False,,,,,False,True,676,913,794,1057,False,True,1295,813,1454,1035,False,False,,,,,False
4270,02:19.262,362.0,526.0,-884.0,-162.0,898.7213138676527,2,False,False,,,,,False,False,,,,,False,True,1032,840,1130,970,False,True,1518,806,1620,988,False,False,,,,,False
4285,02:19.751,1796.0,690.0,1434.0,164.0,1443.3474980059375,2,False,False,,,,,False,False,,,,,False,True,1208,916,1304,1045,False,True,1730,924,1829,1102,False,False,,,,,False
4300,02:20.240,182.0,68.0,-1614.0,-622.0,1729.7051771906104,2,False,False,,,,,False,False,,,,,False,True,1304,915,1397,1038,False,True,1808,914,1904,1093,False,False,,,,,False
4315,02:20.729,182.0,68.0,0.0,0.0,0.0,1,False,False,,,,,False,False,,,,,False,True,1197,864,1288,985,False,False,,,,,False,False,,,,,False
4330,02:21.218,182.0,68.0,0.0,0.0,0.0,2,False,False,,,,,False,False,,,,,False,True,1210,907,1297,1023,False,False,,,,,False,True,1592,868,1679,1029,False
4345,02:21.708,182.0,68.0,0.0,0.0,0.0,2,False,False,,,,,False,False,,,,,False,True,1272,841,1363,962,False,False,,,,,False,True,1657,783,1744,956,False
4360,02:22.197,,,,,,2,False,False,,,,,False,False,,,,,False,True,1301,900,1395,1025,False,True,1719,831,1808,1003,False,False,,,,,False
4375,02:22.686,1328.0,676.0,,,,2,False,False,,,,,False,False,,,,,False,True,1325,852,1420,978,False,True,1805,777,1904,957,False,False,,,,,False
4390,02:23.175,1350.0,944.0,22.0,268.0,268.9014689435519,2,True,False,,,,,False,False,,,,,False,True,1309,867,1402,989,True,True,1806,788,1906,974,False,False,,,,,False
4405,02:23.664,1462.0,778.0,112.0,-166.0,200.24984394500785,2,False,False,,,,,False,False,,,,,False,True,1286,841,1382,966,False,True,1759,779,1857,961,False,False,,,,,False
4420,02:24.154,1730.0,874.0,268.0,96.0,284.67525357852935,2,False,False,,,,,False,False,,,,,False,True,1273,858,1369,980,False,True,1755,787,1856,967,False,False,,,,,False
4435,02:24.643,1352.0,894.0,-378.0,20.0,378.5287307457652,2,False,False,,,,,False,False,,,,,False,True,1224,854,1321,981,False,True,1715,782,1813,962,False,False,,,,,False
4450,02:25.132,1286.0,928.0,-66.0,34.0,74.24284477308234,2,True,False,,,,,False,False,,,,,False,True,1240,852,1335,976,True,True,1733,795,1829,969,False,False,,,,,False
4465,02:25.621,1966.0,706.0,680.0,-222.0,715.3209070060794,2,False,False,,,,,False,False,,,,,False,True,1267,873,1359,989,False,True,1715,827,1805,999,False,False,,,,,False
4480,02:26.110,1986.0,686.0,20.0,-20.0,28.284271247461902,2,False,False,,,,,False,False,,,,,False,True,1284,858,1379,979,False,True,1731,812,1823,984,False,False,,,,,False
4495,02:26.600,278.0,922.0,-1708.0,236.0,1724.227363197789,2,False,False,,,,,False,False,,,,,False,True,1308,999,1404,1120,False,True,1768,958,1861,1148,False,False,,,,,False
4510,02:27.089,1246.0,1016.0,968.0,94.0,972.5533404394846,2,True,False,,,,,False,False,,,,,False,True,1196,954,1291,1071,True,False,,,,,False,True,1606,936,1698,1112,False
4525,02:27.578,1966.0,560.0,720.0,-456.0,852.2534834191058,2,False,False,,,,,False,False,,,,,False,True,1232,771,1326,888,False,False,,,,,False,True,1626,722,1717,901,False
4540,02:28.067,,,,,,2,False,False,,,,,False,False,,,,,False,True,1239,825,1332,942,False,False,,,,,False,True,1625,763,1718,936,False
4555,02:28.557,1384.0,658.0,,,,2,False,False,,,,,False,False,,,,,False,True,1275,879,1369,993,False,True,1670,811,1769,985,False,False,,,,,False
4570,02:29.046,1446.0,1046.0,62.0,388.0,392.9223841931126,2,False,False,,,,,False,False,,,,,False,True,937,904,1034,1025,False,True,1409,816,1492,985,False,False,,,,,False
4585,02:29.535,1376.0,1040.0,-70.0,-6.0,70.25667228100119,2,False,False,,,,,False,False,,,,,False,True,816,886,916,1013,False,False,,,,,False,True,1325,811,1405,980,False
4600,02:30.024,1422.0,1366.0,46.0,326.0,329.22940330413985,2,False,False,,,,,False,False,,,,,False,True,875,913,976,1045,False,False,,,,,False,True,1360,837,1446,1016,False
4615,02:30.513,1514.0,686.0,92.0,-680.0,686.1953074744828,2,False,False,,,,,False,False,,,,,False,True,854,835,954,961,False,True,1357,786,1442,950,False,False,,,,,False
4630,02:31.003,1454.0,1098.0,-60.0,412.0,416.34600994845624,2,False,False,,,,,False,False,,,,,False,False,,,,,False,True,1352,585,1480,780,False,True,813,708,878,816,False
4645,02:31.492,1420.0,1156.0,-34.0,58.0,67.23094525588644,0,False,False,,,,,False,False,,,,,False,False,,,,,False,False,,,,,False,False,,,,,False
4660,02:31.981,182.0,68.0,-1238.0,-1088.0,1648.1468381184973,0,False,False,,,,,False,False,,,,,False,False,,,,,False,False,,,,,False,False,,,,,False
4675,02:32.470,182.0,68.0,0.0,0.0,0.0,2,False,False,,,,,False,False,,,,,False,True,873,839,948,944,False,True,1385,785,1462,929,False,False,,,,,False
4690,02:32.959,182.0,68.0,0.0,0.0,0.0,2,False,False,,,,,False,False,,,,,False,False,,,,,False,True,1506,762,1588,915,False,True,982,837,1048,935,False
4705,02:33.449,182.0,68.0,0.0,0.0,0.0,1,False,False,,,,,False,False,,,,,False,False,,,,,False,True,2161,713,2274,896,False,False,,,,,False
4720,02:33.938,182.0,68.0,0.0,0.0,0.0,1,False,False,,,,,False,False,,,,,False,False,,,,,False,True,2236,704,2351,893,False,False,,,,,False
4735,02:34.427,182.0,68.0,0.0,0.0,0.0,0,False,False,,,,,False,False,,,,,False,False,,,,,False,False,,,,,False,False,,,,,False
4750,02:34.916,182.0,68.0,0.0,0.0,0.0,0,False,False,,,,,False,False,,,,,False,False,,,,,False,False,,,,,False,False,,,,,False
4765,02:35.405,182.0,68.0,0.0,0.0,0.0,1,False,False,,,,,False,False,,,,,False,False,,,,,False,False,,,,,False,True,2137,661,2288,869,False
4780,02:35.895,182.0,68.0,0.0,0.0,0.0,1,False,False,,,,,False,False,,,,,False,False,,,,,False,True,1510,734,1583,876,False,False,,,,,False
4795,02:36.384,182.0,68.0,0.0,0.0,0.0,0,False,False,,,,,False,False,,,,,False,False,,,,,False,False,,,,,False,False,,,,,False
4810,02:36.873,182.0,68.0,0.0,0.0,0.0,0,False,False,,,,,False,False,,,,,False,False,,,,,False,False,,,,,False,False,,,,,False
4825,02:37.362,182.0,68.0,0.0,0.0,0.0,1,False,False,,,,,False,False,,,,,False,False,,,,,False,True,1841,831,1956,1004,False,False,,,,,False
4840,02:37.851,182.0,68.0,0.0,0.0,0.0,1,False,False,,,,,False,False,,,,,False,False,,,,,False,True,1752,805,1896,993,False,False,,,,,False
4855,02:38.341,182.0,68.0,0.0,0.0,0.0,1,False,False,,,,,False,False,,,,,False,False,,,,,False,True,1534,879,1659,1049,False,False,,,,,False
4870,02:38.830,182.0,68.0,0.0,0.0,0.0,1,False,False,,,,,False,False,,,,,False,True,1177,817,1259,928,False,False,,,,,False,False,,,,,False
4885,02:39.319,182.0,68.0,0.0,0.0,0.0,1,False,False,,,,,False,False,,,,,False,True,1645,746,1741,867,False,False,,,,,False,False,,,,,False
4900,02:39.808,182.0,68.0,0.0,0.0,0.0,1,False,False,,,,,False,True,1126,886,1245,1092,False,False,,,,,False,False,,,,,False,False,,,,,False
4915,02:40.298,182.0,68.0,0.0,0.0,0.0,1,False,False,,,,,False,True,1174,676,1298,876,False,False,,,,,False,False,,,,,False,False,,,,,False
4930,02:40.787,182.0,68.0,0.0,0.0,0.0,1,False,False,,,,,False,True,677,331,835,582,False,False,,,,,False,False,,,,,False,False,,,,,False
4945,02:41.276,182.0,68.0,0.0,0.0,0.0,1,False,False,,,,,False,True,-14,359,238,687,False,False,,,,,False,False,,,,,False,False,,,,,False
4960,02:41.765,,,,,,1,False,False,,,,,False,False,,,,,False,True,1357,864,1449,994,False,False,,,,,False,False,,,,,False
4975,02:42.254,1862.0,934.0,,,,2,True,False,,,,,False,False,,,,,False,True,1025,837,1111,960,False,False,,,,,False,True,1817,792,2010,1044,True
4990,02:42.744,1168.0,622.0,-694.0,-312.0,760.907353098917,1,False,False,,,,,False,False,,,,,False,True,2218,858,2371,1036,False,False,,,,,False,False,,,,,False
5005,02:43.233,182.0,68.0,-986.0,-554.0,1130.9783375467455,1,False,False,,,,,False,True,844,684,1103,1009,False,False,,,,,False,False,,,,,False,False,,,,,False
5020,02:43.722,182.0,68.0,0.0,0.0,0.0,1,False,False,,,,,False,True,985,752,1244,1056,False,False,,,,,False,False,,,,,False,False,,,,,False
5035,02:44.211,182.0,68.0,0.0,0.0,0.0,1,False,False,,,,,False,True,1144,894,1399,1210,False,False,,,,,False,False,,,,,False,False,,,,,False
5050,02:44.700,182.0,68.0,0.0,0.0,0.0,1,False,False,,,,,False,True,1006,720,1250,1034,False,False,,,,,False,False,,,,,False,False,,,,,False
5065,02:45.190,182.0,68.0,0.0,0.0,0.0,1,False,False,,,,,False,True,804,704,1059,1019,False,False,,,,,False,False,,,,,False,False,,,,,False
5080,02:45.679,182.0,68.0,0.0,0.0,0.0,1,False,False,,,,,False,True,688,755,951,1079,False,False,,,,,False,False,,,,,False,False,,,,,False
5095,02:46.168,182.0,68.0,0.0,0.0,0.0,1,False,False,,,,,False,True,675,765,926,1088,False,False,,,,,False,False,,,,,False,False,,,,,False
5110,02:46.657,182.0,68.0,0.0,0.0,0.0,1,False,False,,,,,False,True,804,702,1038,990,False,False,,,,,False,False,,,,,False,False,,,,,False
5125,02:47.146,,,,,,1,False,False,,,,,False,True,1063,661,1202,886,False,False,,,,,False,False,,,,,False,False,,,,,False
5140,02:47.636,1264.0,842.0,,,,1,True,False,,,,,False,True,1122,720,1319,977,True,False,,,,,False,False,,,,,False,False,,,,,False
5155,02:48.125,1232.0,742.0,-32.0,-100.0,104.9952379872535,1,True,False,,,,,False,True,1125,589,1340,883,True,False,,,,,False,False,,,,,False,False,,,,,False
5170,02:48.614,1194.0,782.0,-38.0,40.0,55.17245689653488,1,True,False,,,,,False,True,1059,565,1281,870,True,False,,,,,False,False,,,,,False,False,,,,,False
5185,02:49.103,1598.0,692.0,404.0,-90.0,413.90337036559634,1,False,False,,,,,False,True,53,618,287,906,False,False,,,,,False,False,,,,,False,False,,,,,False
5200,02:49.593,1190.0,946.0,-408.0,254.0,480.60378691808086,2,False,False,,,,,False,False,,,,,False,True,980,904,1082,1044,False,False,,,,,False,True,1753,791,1947,1060,False
5215,02:50.082,1622.0,862.0,432.0,-84.0,440.09089970141395,2,True,False,,,,,False,False,,,,,False,True,810,852,918,996,False,True,1538,754,1686,992,True,False,,,,,False
5230,02:50.571,,,,,,2,False,False,,,,,False,False,,,,,False,True,1121,964,1225,1107,False,False,,,,,False,True,1882,824,2070,1078,False
5245,02:51.060,1924.0,886.0,,,,1,False,False,,,,,False,False,,,,,False,True,1517,999,1630,1151,False,False,,,,,False,False,,,,,False
5260,02:51.549,182.0,68.0,-1742.0,-818.0,1924.4968173525256,1,False,False,,,,,False,True,13,843,307,1163,False,False,,,,,False,False,,,,,False,False,,,,,False
5275,02:52.039,182.0,68.0,0.0,0.0,0.0,1,False,False,,,,,False,True,829,757,973,975,False,False,,,,,False,False,,,,,False,False,,,,,False
5290,02:52.528,182.0,68.0,0.0,0.0,0.0,2,False,False,,,,,False,False,,,,,False,True,1336,882,1445,1020,False,False,,,,,False,True,2174,762,2383,1065,False
5305,02:53.017,1566.0,926.0,1384.0,858.0,1628.379562632742,2,False,False,,,,,False,False,,,,,False,True,619,997,741,1150,False,True,1357,943,1466,1168,False,False,,,,,False
5320,02:53.506,,,,,,2,False,False,,,,,False,False,,,,,False,True,1368,1072,1480,1221,False,False,,,,,False,True,2238,950,2468,1252,False
5335,02:53.995,1486.0,958.0,,,,1,True,False,,,,,False,False,,,,,False,True,1416,935,1526,1077,True,False,,,,,False,False,,,,,False
5350,02:54.485,,,,,,2,False,False,,,,,False,False,,,,,False,True,755,991,870,1138,False,True,1488,897,1657,1133,False,False,,,,,False
5365,02:54.974,182.0,68.0,,,,2,False,False,,,,,False,False,,,,,False,True,1052,1030,1156,1172,False,False,,,,,False,True,1821,884,2023,1149,False
5380,02:55.463,182.0,68.0,0.0,0.0,0.0,1,False,False,,,,,False,False,,,,,False,True,1771,961,1894,1109,False,False,,,,,False,False,,,,,False
5395,02:55.952,182.0,68.0,0.0,0.0,0.0,1,False,False,,,,,False,False,,,,,False,True,1963,972,2098,1125,False,False,,,,,False,False,,,,,False
5410,02:56.441,182.0,68.0,0.0,0.0,0.0,1,False,False,,,,,False,False,,,,,False,True,1868,942,1995,1094,False,False,,,,,False,False,,,,,False
5425,02:56.931,908.0,762.0,726.0,694.0,1004.346553735313,1,False,False,,,,,False,False,,,,,False,True,1943,947,2075,1097,False,False,,,,,False,False,,,,,False
5440,02:57.420,1194.0,760.0,286.0,-2.0,286.0069929215019,1,False,False,,,,,False,False,,,,,False,True,1960,932,2094,1083,False,False,,,,,False,False,,,,,False
5455,02:57.909,,,,,,1,False,False,,,,,False,False,,,,,False,True,1811,904,1936,1052,False,False,,,,,False,False,,,,,False
5470,02:58.398,,,,,,1,False,False,,,,,False,False,,,,,False,True,1647,943,1762,1087,False,False,,,,,False,False,,,,,False
5485,02:58.887,1062.0,776.0,,,,1,False,False,,,,,False,False,,,,,False,True,1717,957,1832,1100,False,False,,,,,False,False,,,,,False
5500,02:59.377,,,,,,1,False,False,,,,,False,False,,,,,False,True,1705,958,1822,1101,False,False,,,,,False,False,,,,,False
5515,02:59.866,,,,,,1,False,False,,,,,False,False,,,,,False,True,1707,955,1823,1096,False,False,,,,,False,False,,,,,False
5530,03:00.355,1758.0,970.0,,,,1,True,False,,,,,False,False,,,,,False,True,1708,959,1825,1099,True,False,,,,,False,False,,,,,False
5545,03:00.844,1096.0,748.0,-662.0,-222.0,698.2320531170136,1,False,False,,,,,False,False,,,,,False,True,1736,952,1854,1096,False,False,,,,,False,False,,,,,False
5560,03:01.334,1790.0,1072.0,694.0,324.0,765.9059994542412,1,True,False,,,,,False,False,,,,,False,True,1760,1008,1879,1157,True,False,,,,,False,False,,,,,False
5575,03:01.823,2090.0,790.0,300.0,-282.0,411.7329231431463,1,False,False,,,,,False,False,,,,,False,True,1752,1004,1871,1150,False,False,,,,,False,False,,,,,False
5590,03:02.312,,,,,,1,False,False,,,,,False,False,,,,,False,True,1910,964,2041,1114,False,False,,,,,False,False,,,,,False
5605,03:02.801,868.0,970.0,,,,1,False,False,,,,,False,False,,,,,False,True,1986,972,2119,1121,False,False,,,,,False,False,,,,,False
5620,03:03.290,2300.0,746.0,1432.0,-224.0,1449.413674559475,1,False,False,,,,,False,False,,,,,False,True,1989,1000,2125,1153,False,False,,,,,False,False,,,,,False
5635,03:03.780,826.0,1096.0,-1474.0,350.0,1514.9838282965268,1,False,False,,,,,False,False,,,,,False,True,1948,1057,2079,1210,False,False,,,,,False,False,,,,,False
5650,03:04.269,,,,,,0,False,False,,,,,False,False,,,,,False,False,,,,,False,False,,,,,False,False,,,,,False
5665,03:04.758,,,,,,0,False,False,,,,,False,False,,,,,False,False,,,,,False,False,,,,,False,False,,,,,False
5680,03:05.247,1582.0,706.0,,,,0,False,False,,,,,False,False,,,,,False,False,,,,,False,False,,,,,False,False,,,,,False
5695,03:05.736,182.0,68.0,-1400.0,-638.0,1538.5200681174101,0,False,False,,,,,False,False,,,,,False,False,,,,,False,False,,,,,False,False,,,,,False
5710,03:06.226,182.0,68.0,0.0,0.0,0.0,0,False,False,,,,,False,False,,,,,False,False,,,,,False,False,,,,,False,False,,,,,False
5725,03:06.715,1390.0,494.0,1208.0,426.0,1280.9137363616646,0,False,False,,,,,False,False,,,,,False,False,,,,,False,False,,,,,False,False,,,,,False
5740,03:07.204,182.0,68.0,-1208.0,-426.0,1280.9137363616646,1,False,False,,,,,False,False,,,,,False,True,2236,900,2398,1082,False,False,,,,,False,False,,,,,False
5755,03:07.693,182.0,68.0,0.0,0.0,0.0,0,False,False,,,,,False,False,,,,,False,False,,,,,False,False,,,,,False,False,,,,,False
5770,03:08.182,182.0,68.0,0.0,0.0,0.0,0,False,False,,,,,False,False,,,,,False,False,,,,,False,False,,,,,False,False,,,,,False
5785,03:08.672,1724.0,738.0,1542.0,670.0,1681.2685686706927,0,False,False,,,,,False,False,,,,,False,False,,,,,False,False,,,,,False,False,,,,,False
5800,03:09.161,1826.0,726.0,102.0,-12.0,102.70345661174214,0,False,False,,,,,False,False,,,,,False,False,,,,,False,False,,,,,False,False,,,,,False
5815,03:09.650,1802.0,736.0,-24.0,10.0,26.0,0,False,False,,,,,False,False,,,,,False,False,,,,,False,False,,,,,False,False,,,,,False
5830,03:10.139,1748.0,730.0,-54.0,-6.0,54.3323108288245,0,False,False,,,,,False,False,,,,,False,False,,,,,False,False,,,,,False,False,,,,,False
5845,03:10.629,1730.0,694.0,-18.0,-36.0,40.24922359499622,0,False,False,,,,,False,False,,,,,False,False,,,,,False,False,,,,,False,False,,,,,False
5860,03:11.118,1132.0,650.0,-598.0,-44.0,599.6165441346661,0,False,False,,,,,False,False,,,,,False,False,,,,,False,False,,,,,False,False,,,,,False
5875,03:11.607,1814.0,686.0,682.0,36.0,682.949485686899,0,False,False,,,,,False,False,,,,,False,False,,,,,False,False,,,,,False,False,,,,,False
5890,03:12.096,1810.0,702.0,-4.0,16.0,16.492422502470642,0,False,False,,,,,False,False,,,,,False,False,,,,,False,False,,,,,False,False,,,,,False
5905,03:12.585,1590.0,496.0,-220.0,-206.0,301.390112644725,0,False,False,,,,,False,False,,,,,False,False,,,,,False,False,,,,,False,False,,,,,False
5920,03:13.075,1750.0,730.0,160.0,234.0,283.4713389392303,0,False,False,,,,,False,False,,,,,False,False,,,,,False,False,,,,,False,False,,,,,False
5935,03:13.564,1738.0,738.0,-12.0,8.0,14.422205101855958,0,False,False,,,,,False,False,,,,,False,False,,,,,False,False,,,,,False,False,,,,,False
5950,03:14.053,1124.0,676.0,-614.0,-62.0,617.122354156775,0,False,False,,,,,False,False,,,,,False,False,,,,,False,False,,,,,False,False,,,,,False
5965,03:14.542,1670.0,496.0,546.0,-180.0,574.905209578066,0,False,False,,,,,False,False,,,,,False,False,,,,,False,False,,,,,False,False,,,,,False
5980,03:15.031,1898.0,440.0,228.0,-56.0,234.77648945326703,1,False,False,,,,,False,True,38,862,320,1187,False,False,,,,,False,False,,,,,False,False,,,,,False
5995,03:15.521,1962.0,438.0,64.0,-2.0,64.03124237432849,1,False,False,,,,,False,True,65,842,369,1170,False,False,,,,,False,False,,,,,False,False,,,,,False
6010,03:16.010,1874.0,428.0,-88.0,-10.0,88.56635930193812,1,False,False,,,,,False,False,,,,,False,False,,,,,False,False,,,,,False,True,-98,839,208,1168,False
6025,03:16.499,182.0,68.0,-1692.0,-360.0,1729.8739838496908,0,False,False,,,,,False,False,,,,,False,False,,,,,False,False,,,,,False,False,,,,,False
6040,03:16.988,182.0,68.0,0.0,0.0,0.0,0,False,False,,,,,False,False,,,,,False,False,,,,,False,False,,,,,False,False,,,,,False
6055,03:17.477,182.0,68.0,0.0,0.0,0.0,1,False,False,,,,,False,False,,,,,False,True,1947,943,2089,1114,False,False,,,,,False,False,,,,,False
6070,03:17.967,182.0,68.0,0.0,0.0,0.0,2,False,False,,,,,False,False,,,,,False,True,1237,912,1348,1060,False,False,,,,,False,True,2091,770,2329,1047,False
6085,03:18.456,182.0,68.0,0.0,0.0,0.0,2,False,False,,,,,False,False,,,,,False,True,1109,896,1220,1041,False,False,,,,,False,True,1905,762,2125,1038,False
6100,03:18.945,182.0,68.0,0.0,0.0,0.0,2,False,False,,,,,False,False,,,,,False,True,1147,913,1259,1059,False,False,,,,,False,True,1952,785,2174,1060,False
6115,03:19.434,182.0,68.0,0.0,0.0,0.0,2,False,False,,,,,False,False,,,,,False,True,1204,888,1312,1031,False,False,,,,,False,True,2054,768,2292,1048,False
6130,03:19.923,182.0,68.0,0.0,0.0,0.0,2,False,False,,,,,False,False,,,,,False,True,1209,907,1320,1051,False,False,,,,,False,True,2086,779,2335,1070,False
6145,03:20.413,1554.0,1002.0,1372.0,934.0,1659.7409436415069,1,True,False,,,,,False,False,,,,,False,True,1513,891,1632,1040,True,False,,,,,False,False,,,,,False
6160,03:20.902,630.0,854.0,-924.0,-148.0,935.7777513918569,1,False,False,,,,,False,True,769,723,979,972,False,False,,,,,False,False,,,,,False,False,,,,,False
6175,03:21.391,1246.0,788.0,616.0,-66.0,619.5256249744639,1,True,False,,,,,False,True,1147,620,1351,887,True,False,,,,,False,False,,,,,False,False,,,,,False
6190,03:21.880,1162.0,800.0,-84.0,12.0,84.8528137423857,1,True,False,,,,,False,True,1058,651,1257,909,True,False,,,,,False,False,,,,,False,False,,,,,False
6205,03:22.370,182.0,68.0,-980.0,-732.0,1223.2023544777865,1,False,False,,,,,False,True,497,607,727,877,False,False,,,,,False,False,,,,,False,False,,,,,False
6220,03:22.859,182.0,68.0,0.0,0.0,0.0,2,False,False,,,,,False,False,,,,,False,True,778,873,898,1024,False,True,1593,718,1787,1001,False,False,,,,,False
6235,03:23.348,182.0,68.0,0.0,0.0,0.0,2,False,False,,,,,False,False,,,,,False,True,729,930,852,1083,False,True,1569,779,1780,1072,False,False,,,,,False
6250,03:23.837,182.0,68.0,0.0,0.0,0.0,2,False,False,,,,,False,False,,,,,False,True,1082,1048,1196,1204,False,False,,,,,False,True,1981,918,2255,1240,False
6265,03:24.326,182.0,68.0,0.0,0.0,0.0,2,False,False,,,,,False,False,,,,,False,True,1082,1188,1198,1353,False,True,1973,1072,2252,1388,False,False,,,,,False
6280,03:24.816,182.0,68.0,0.0,0.0,0.0,2,False,False,,,,,False,False,,,,,False,True,1014,1096,1129,1254,False,True,1818,981,1982,1256,False,False,,,,,False
6295,03:25.305,182.0,68.0,0.0,0.0,0.0,1,False,False,,,,,False,False,,,,,False,True,2119,950,2285,1132,False,False,,,,,False,False,,,,,False
6310,03:25.794,182.0,68.0,0.0,0.0,0.0,0,False,False,,,,,False,False,,,,,False,False,,,,,False,False,,,,,False,False,,,,,False
6325,03:26.283,182.0,68.0,0.0,0.0,0.0,0,False,False,,,,,False,False,,,,,False,False,,,,,False,False,,,,,False,False,,,,,False
6340,03:26.772,182.0,68.0,0.0,0.0,0.0,1,False,False,,,,,False,True,781,822,988,1080,False,False,,,,,False,False,,,,,False,False,,,,,False
6355,03:27.262,182.0,68.0,0.0,0.0,0.0,1,False,False,,,,,False,True,987,851,1182,1114,False,False,,,,,False,False,,,,,False,False,,,,,False
6370,03:27.751,182.0,68.0,0.0,0.0,0.0,1,False,False,,,,,False,True,1183,847,1368,1098,False,False,,,,,False,False,,,,,False,False,,,,,False
6385,03:28.240,182.0,58.0,0.0,-10.0,10.0,1,False,False,,,,,False,True,1067,791,1256,1044,False,False,,,,,False,False,,,,,False,False,,,,,False
6400,03:28.729,1818.0,710.0,1636.0,652.0,1761.1359970201052,0,False,False,,,,,False,False,,,,,False,False,,,,,False,False,,,,,False,False,,,,,False
6415,03:29.218,182.0,58.0,-1636.0,-652.0,1761.1359970201052,2,False,False,,,,,False,False,,,,,False,True,886,973,1000,1120,False,True,1615,804,1765,1068,False,False,,,,,False
6430,03:29.708,182.0,58.0,0.0,0.0,0.0,2,False,False,,,,,False,False,,,,,False,True,614,854,738,1007,False,True,1304,597,1445,844,False,False,,,,,False
6445,03:30.197,,,,,,2,False,False,,,,,False,False,,,,,False,True,567,913,697,1073,False,True,1247,507,1472,781,False,False,,,,,False
6460,03:30.686,1330.0,472.0,,,,2,True,False,,,,,False,False,,,,,False,True,567,897,703,1051,False,True,1174,329,1422,637,True,False,,,,,False
6475,03:31.175,,,,,,2,False,False,,,,,False,False,,,,,False,True,849,868,970,1019,False,True,1479,455,1626,730,False,False,,,,,False
6490,03:31.665,,,,,,2,False,False,,,,,False,False,,,,,False,True,951,944,1071,1097,False,True,1577,512,1737,785,False,False,,,,,False
6505,03:32.154,182.0,68.0,,,,2,False,False,,,,,False,False,,,,,False,True,778,1021,903,1183,False,True,1415,629,1563,886,False,False,,,,,False
6520,03:32.643,182.0,68.0,0.0,0.0,0.0,2,False,False,,,,,False,False,,,,,False,True,763,1299,894,1474,False,True,1421,886,1582,1153,False,False,,,,,False
6535,03:33.132,182.0,68.0,0.0,0.0,0.0,2,False,False,,,,,False,False,,,,,False,True,774,1279,908,1457,False,True,1387,758,1571,1043,False,False,,,,,False
6550,03:33.621,182.0,68.0,0.0,0.0,0.0,2,False,False,,,,,False,False,,,,,False,True,746,884,871,1037,False,True,1601,704,1786,987,False,False,,,,,False
6565,03:34.111,,,,,,2,False,False,,,,,False,False,,,,,False,True,707,787,834,937,False,True,1523,638,1682,906,False,False,,,,,False
6580,03:34.600,,,,,,2,False,False,,,,,False,False,,,,,False,True,1002,797,1116,940,False,True,1769,664,1926,930,False,False,,,,,False
6595,03:35.089,,,,,,2,False,False,,,,,False,False,,,,,False,True,837,882,956,1030,False,True,1601,712,1808,992,False,False,,,,,False
6610,03:35.578,,,,,,2,False,False,,,,,False,False,,,,,False,True,459,647,596,816,False,True,1268,382,1464,665,False,False,,,,,False
6625,03:36.067,182.0,58.0,,,,2,False,False,,,,,False,False,,,,,False,True,599,637,727,798,False,True,1419,381,1627,687,False,False,,,,,False
6640,03:36.557,266.0,350.0,84.0,292.0,303.8420642373271,2,False,False,,,,,False,False,,,,,False,True,1135,720,1243,866,False,True,1967,441,2245,767,False,False,,,,,False
6655,03:37.046,182.0,58.0,-84.0,-292.0,303.8420642373271,2,False,False,,,,,False,False,,,,,False,True,1158,807,1264,947,False,True,1895,595,2115,890,False,False,,,,,False
6670,03:37.535,208.0,508.0,26.0,450.0,450.7504853020128,2,False,False,,,,,False,False,,,,,False,True,1052,879,1160,1021,False,True,1749,677,1890,915,False,False,,,,,False
6685,03:38.024,182.0,68.0,-26.0,-440.0,440.7675124144247,2,False,False,,,,,False,False,,,,,False,True,1101,855,1211,1003,False,True,1803,642,1950,904,False,False,,,,,False
6700,03:38.513,182.0,68.0,0.0,0.0,0.0,2,False,False,,,,,False,False,,,,,False,True,1271,958,1384,1106,False,True,1992,641,2230,938,False,False,,,,,False
6715,03:39.003,182.0,68.0,0.0,0.0,0.0,1,False,False,,,,,False,True,462,1118,694,1402,False,False,,,,,False,False,,,,,False,False,,,,,False
6730,03:39.492,182.0,68.0,0.0,0.0,0.0,1,False,False,,,,,False,True,809,1010,1014,1269,False,False,,,,,False,False,,,,,False,False,,,,,False
6745,03:39.981,182.0,68.0,0.0,0.0,0.0,1,False,False,,,,,False,True,654,932,867,1197,False,False,,,,,False,False,,,,,False,False,,,,,False
6760,03:40.470,182.0,68.0,0.0,0.0,0.0,1,False,False,,,,,False,True,353,951,498,1184,False,False,,,,,False,False,,,,,False,False,,,,,False
6775,03:40.959,182.0,68.0,0.0,0.0,0.0,1,False,False,,,,,False,True,97,996,276,1253,False,False,,,,,False,False,,,,,False,False,,,,,False
6790,03:41.449,182.0,68.0,0.0,0.0,0.0,0,False,False,,,,,False,False,,,,,False,False,,,,,False,False,,,,,False,False,,,,,False
6805,03:41.938,1602.0,1122.0,1420.0,1054.0,1768.4218953632078,0,False,False,,,,,False,False,,,,,False,False,,,,,False,False,,,,,False,False,,,,,False
6820,03:42.427,1846.0,646.0,244.0,-476.0,534.8943820979988,0,False,False,,,,,False,False,,,,,False,False,,,,,False,False,,,,,False,False,,,,,False
6835,03:42.916,896.0,894.0,-950.0,248.0,981.8370536906825,1,False,False,,,,,False,False,,,,,False,True,1681,1218,1814,1392,False,False,,,,,False,False,,,,,False
6850,03:43.406,886.0,690.0,-10.0,-204.0,204.2449509779862,1,False,False,,,,,False,False,,,,,False,True,1647,1010,1772,1168,False,False,,,,,False,False,,,,,False
6865,03:43.895,182.0,68.0,-704.0,-622.0,939.4147114027967,1,False,False,,,,,False,False,,,,,False,True,1823,735,1952,889,False,False,,,,,False,False,,,,,False
6880,03:44.384,182.0,68.0,0.0,0.0,0.0,1,False,False,,,,,False,False,,,,,False,True,2056,581,2203,755,False,False,,,,,False,False,,,,,False
6895,03:44.873,182.0,68.0,0.0,0.0,0.0,1,False,False,,,,,False,False,,,,,False,True,2023,588,2168,760,False,False,,,,,False,False,,,,,False
6910,03:45.362,182.0,68.0,0.0,0.0,0.0,1,False,False,,,,,False,False,,,,,False,True,2036,550,2178,720,False,False,,,,,False,False,,,,,False
6925,03:45.852,952.0,394.0,770.0,326.0,836.1674473453269,1,False,False,,,,,False,False,,,,,False,True,1714,783,1837,943,False,False,,,,,False,False,,,,,False
6940,03:46.341,942.0,394.0,-10.0,0.0,10.0,1,False,False,,,,,False,False,,,,,False,True,1672,807,1792,959,False,False,,,,,False,False,,,,,False
6955,03:46.830,1084.0,614.0,142.0,220.0,261.8472837361503,1,False,False,,,,,False,False,,,,,False,True,1651,794,1771,946,False,False,,,,,False,False,,,,,False
6970,03:47.319,1108.0,598.0,24.0,-16.0,28.844410203711917,1,False,False,,,,,False,False,,,,,False,True,1678,783,1800,935,False,False,,,,,False,False,,,,,False
6985,03:47.808,966.0,366.0,-142.0,-232.0,272.0073528417936,1,False,False,,,,,False,False,,,,,False,True,1680,796,1801,947,False,False,,,,,False,False,,,,,False
7000,03:48.298,980.0,388.0,14.0,22.0,26.076809620810597,1,False,False,,,,,False,False,,,,,False,True,1693,822,1814,973,False,False,,,,,False,False,,,,,False
7015,03:48.787,970.0,356.0,-10.0,-32.0,33.52610922848042,1,False,False,,,,,False,False,,,,,False,True,1685,791,1805,941,False,False,,,,,False,False,,,,,False
7030,03:49.276,1114.0,606.0,144.0,250.0,288.5064990602465,1,False,False,,,,,False,False,,,,,False,True,1681,792,1801,944,False,False,,,,,False,False,,,,,False
7045,03:49.765,1162.0,598.0,48.0,-8.0,48.66210024238575,1,False,False,,,,,False,False,,,,,False,True,1710,783,1831,934,False,False,,,,,False,False,,,,,False
7060,03:50.254,1174.0,284.0,12.0,-314.0,314.2292157008956,1,False,False,,,,,False,False,,,,,False,True,1947,693,2083,857,False,False,,,,,False,False,,,,,False
7075,03:50.744,1430.0,550.0,256.0,266.0,369.17746410093883,1,False,False,,,,,False,False,,,,,False,True,2052,703,2197,869,False,False,,,,,False,False,,,,,False
7090,03:51.233,1194.0,334.0,-236.0,-216.0,319.924991208877,1,False,False,,,,,False,False,,,,,False,True,1988,707,2128,874,False,False,,,,,False,False,,,,,False
7105,03:51.722,1274.0,530.0,80.0,196.0,211.69789795838787,1,False,False,,,,,False,False,,,,,False,True,1849,685,1976,842,False,False,,,,,False,False,,,,,False
7120,03:52.211,1030.0,520.0,-244.0,-10.0,244.2048320570254,1,False,False,,,,,False,False,,,,,False,True,1596,696,1712,843,False,False,,,,,False,False,,,,,False
7135,03:52.701,404.0,238.0,-626.0,-282.0,686.5857557508749,2,False,False,,,,,False,False,,,,,False,True,1175,748,1281,884,False,True,1998,592,2236,870,False,False,,,,,False
7150,03:53.190,182.0,58.0,-222.0,-180.0,285.80412873154927,1,False,False,,,,,False,True,611,760,805,1012,False,False,,,,,False,False,,,,,False,False,,,,,False
7165,03:53.679,,,,,,1,False,False,,,,,False,True,1057,689,1223,931,False,False,,,,,False,False,,,,,False,False,,,,,False
7180,03:54.168,,,,,,1,False,False,,,,,False,True,1002,680,1168,916,False,False,,,,,False,False,,,,,False,False,,,,,False
7195,03:54.657,,,,,,1,False,False,,,,,False,True,954,687,1121,927,False,False,,,,,False,False,,,,,False,False,,,,,False
7210,03:55.147,,,,,,1,False,False,,,,,False,True,908,667,1076,903,False,False,,,,,False,False,,,,,False,False,,,,,False
7225,03:55.636,182.0,68.0,,,,1,False,False,,,,,False,True,843,636,1013,876,False,False,,,,,False,False,,,,,False,False,,,,,False
7240,03:56.125,182.0,68.0,0.0,0.0,0.0,1,False,False,,,,,False,True,639,597,819,845,False,False,,,,,False,False,,,,,False,False,,,,,False
7255,03:56.614,182.0,68.0,0.0,0.0,0.0,0,False,False,,,,,False,False,,,,,False,False,,,,,False,False,,,,,False,False,,,,,False
7270,03:57.103,182.0,68.0,0.0,0.0,0.0,1,False,False,,,,,False,False,,,,,False,True,1464,1074,1574,1226,False,False,,,,,False,False,,,,,False
7285,03:57.593,724.0,590.0,542.0,522.0,752.4945182524586,1,False,False,,,,,False,False,,,,,False,True,1419,1009,1525,1154,False,False,,,,,False,False,,,,,False
7300,03:58.082,962.0,848.0,238.0,258.0,351.0099713683359,1,False,False,,,,,False,False,,,,,False,True,1493,1022,1604,1171,False,False,,,,,False,False,,,,,False
7315,03:58.571,832.0,550.0,-130.0,-298.0,325.1215157444982,1,False,False,,,,,False,False,,,,,False,True,1540,954,1655,1106,False,False,,,,,False,False,,,,,False
7330,03:59.060,1540.0,998.0,708.0,448.0,837.8353060118678,1,True,False,,,,,False,False,,,,,False,True,1511,925,1622,1069,True,False,,,,,False,False,,,,,False
7345,03:59.549,182.0,68.0,-1358.0,-930.0,1645.923449009704,1,False,False,,,,,False,False,,,,,False,True,1510,925,1622,1067,False,False,,,,,False,False,,,,,False
7360,04:00.039,182.0,68.0,0.0,0.0,0.0,1,False,False,,,,,False,False,,,,,False,True,1618,1009,1739,1160,False,False,,,,,False,False,,,,,False
7375,04:00.528,182.0,68.0,0.0,0.0,0.0,1,False,False,,,,,False,True,-90,933,185,1262,False,False,,,,,False,False,,,,,False,False,,,,,False
7390,04:01.017,182.0,68.0,0.0,0.0,0.0,1,False,False,,,,,False,True,604,633,820,907,False,False,,,,,False,False,,,,,False,False,,,,,False
7405,04:01.506,752.0,592.0,570.0,524.0,774.2583548144637,1,True,False,,,,,False,True,630,407,846,704,True,False,,,,,False,False,,,,,False,False,,,,,False
7420,04:01.995,1482.0,158.0,730.0,-434.0,849.2679200346614,0,False,False,,,,,False,False,,,,,False,False,,,,,False,False,,,,,False,False,,,,,False
7435,04:02.485,,,,,,2,False,False,,,,,False,False,,,,,False,True,918,820,1025,967,False,False,,,,,False,True,1721,661,1925,926,False
7450,04:02.974,698.0,452.0,,,,1,False,False,,,,,False,False,,,,,False,True,1428,890,1540,1037,False,False,,,,,False,False,,,,,False
7465,04:03.463,182.0,68.0,-516.0,-384.0,643.204477596355,0,False,False,,,,,False,False,,,,,False,False,,,,,False,False,,,,,False,False,,,,,False
7480,04:03.952,182.0,68.0,0.0,0.0,0.0,1,False,False,,,,,False,True,337,818,529,1073,False,False,,,,,False,False,,,,,False,False,,,,,False
7495,04:04.442,182.0,68.0,0.0,0.0,0.0,1,False,False,,,,,False,True,519,676,693,922,False,False,,,,,False,False,,,,,False,False,,,,,False
7510,04:04.931,182.0,68.0,0.0,0.0,0.0,1,False,False,,,,,False,True,446,586,623,835,False,False,,,,,False,False,,,,,False,False,,,,,False
7525,04:05.420,182.0,68.0,0.0,0.0,0.0,1,False,False,,,,,False,True,427,561,603,795,False,False,,,,,False,False,,,,,False,False,,,,,False
7540,04:05.909,182.0,68.0,0.0,0.0,0.0,1,False,False,,,,,False,True,95,614,298,881,False,False,,,,,False,False,,,,,False,False,,,,,False
7555,04:06.398,182.0,68.0,0.0,0.0,0.0,1,False,False,,,,,False,True,9,562,205,839,False,False,,,,,False,False,,,,,False,False,,,,,False
7570,04:06.888,182.0,68.0,0.0,0.0,0.0,1,False,False,,,,,False,True,-46,877,167,1164,False,False,,,,,False,False,,,,,False,False,,,,,False
7585,04:07.377,182.0,68.0,0.0,0.0,0.0,0,False,False,,,,,False,False,,,,,False,False,,,,,False,False,,,,,False,False,,,,,False
7600,04:07.866,182.0,68.0,0.0,0.0,0.0,0,False,False,,,,,False,False,,,,,False,False,,,,,False,False,,,,,False,False,,,,,False
7615,04:08.355,182.0,68.0,0.0,0.0,0.0,0,False,False,,,,,False,False,,,,,False,False,,,,,False,False,,,,,False,False,,,,,False
7630,04:08.844,182.0,68.0,0.0,0.0,0.0,0,False,False,,,,,False,False,,,,,False,False,,,,,False,False,,,,,False,False,,,,,False
7645,04:09.334,182.0,68.0,0.0,0.0,0.0,0,False,False,,,,,False,False,,,,,False,False,,,,,False,False,,,,,False,False,,,,,False
7660,04:09.823,182.0,68.0,0.0,0.0,0.0,1,False,False,,,,,False,True,-24,945,194,1237,False,False,,,,,False,False,,,,,False,False,,,,,False
7675,04:10.312,182.0,68.0,0.0,0.0,0.0,0,False,False,,,,,False,False,,,,,False,False,,,,,False,False,,,,,False,False,,,,,False
7690,04:10.801,182.0,68.0,0.0,0.0,0.0,0,False,False,,,,,False,False,,,,,False,False,,,,,False,False,,,,,False,False,,,,,False
7705,04:11.290,182.0,68.0,0.0,0.0,0.0,0,False,False,,,,,False,False,,,,,False,False,,,,,False,False,,,,,False,False,,,,,False
7720,04:11.780,182.0,68.0,0.0,0.0,0.0,0,False,False,,,,,False,False,,,,,False,False,,,,,False,False,,,,,False,False,,,,,False
7735,04:12.269,182.0,68.0,0.0,0.0,0.0,1,False,False,,,,,False,True,-102,589,145,871,False,False,,,,,False,False,,,,,False,False,,,,,False
7750,04:12.758,182.0,68.0,0.0,0.0,0.0,1,False,False,,,,,False,True,645,688,844,896,False,False,,,,,False,False,,,,,False,False,,,,,False
7765,04:13.247,182.0,68.0,0.0,0.0,0.0,1,False,False,,,,,False,True,788,711,982,934,False,False,,,,,False,False,,,,,False,False,,,,,False
7780,04:13.736,182.0,68.0,0.0,0.0,0.0,1,False,False,,,,,False,True,871,669,1048,904,False,False,,,,,False,False,,,,,False,False,,,,,False
7795,04:14.226,182.0,68.0,0.0,0.0,0.0,1,False,False,,,,,False,True,1152,384,1350,628,False,False,,,,,False,False,,,,,False,False,,,,,False
7810,04:14.715,182.0,68.0,0.0,0.0,0.0,1,False,False,,,,,False,True,1140,385,1337,627,False,False,,,,,False,False,,,,,False,False,,,,,False
7825,04:15.204,992.0,954.0,810.0,886.0,1200.4565798062004,1,False,False,,,,,False,True,898,682,1084,905,False,False,,,,,False,False,,,,,False,False,,,,,False
7840,04:15.693,182.0,58.0,-810.0,-896.0,1207.8559516763578,1,False,False,,,,,False,True,749,601,917,824,False,False,,,,,False,False,,,,,False,False,,,,,False
7855,04:16.183,182.0,58.0,0.0,0.0,0.0,1,False,False,,,,,False,True,746,602,911,826,False,False,,,,,False,False,,,,,False,False,,,,,False
7870,04:16.672,1060.0,1208.0,878.0,1150.0,1446.8531369838474,1,False,False,,,,,False,True,766,545,922,775,False,False,,,,,False,False,,,,,False,False,,,,,False
7885,04:17.161,182.0,68.0,-878.0,-1140.0,1438.9176487902287,1,False,False,,,,,False,True,750,568,901,785,False,False,,,,,False,False,,,,,False,False,,,,,False
7900,04:17.650,182.0,68.0,0.0,0.0,0.0,1,False,False,,,,,False,True,627,599,779,806,False,False,,,,,False,False,,,,,False,False,,,,,False
7915,04:18.139,182.0,68.0,0.0,0.0,0.0,1,False,False,,,,,False,True,605,551,763,772,False,False,,,,,False,False,,,,,False,False,,,,,False
7930,04:18.629,182.0,68.0,0.0,0.0,0.0,0,False,False,,,,,False,False,,,,,False,False,,,,,False,False,,,,,False,False,,,,,False
7945,04:19.118,726.0,1034.0,544.0,966.0,1108.6442170507185,0,False,False,,,,,False,False,,,,,False,False,,,,,False,False,,,,,False,False,,,,,False
7960,04:19.607,862.0,1010.0,136.0,-24.0,138.10141201305655,0,False,False,,,,,False,False,,,,,False,False,,,,,False,False,,,,,False,False,,,,,False
7975,04:20.096,884.0,970.0,22.0,-40.0,45.65084884205331,0,False,False,,,,,False,False,,,,,False,False,,,,,False,False,,,,,False,False,,,,,False
7990,04:20.585,808.0,974.0,-76.0,4.0,76.10519036176179,0,False,False,,,,,False,False,,,,,False,False,,,,,False,False,,,,,False,False,,,,,False
8005,04:21.075,182.0,68.0,-626.0,-906.0,1101.2320373109385,0,False,False,,,,,False,False,,,,,False,False,,,,,False,False,,,,,False,False,,,,,False
8020,04:21.564,182.0,68.0,0.0,0.0,0.0,1,False,False,,,,,False,False,,,,,False,True,1543,889,1649,1030,False,False,,,,,False,False,,,,,False
8035,04:22.053,182.0,68.0,0.0,0.0,0.0,1,False,False,,,,,False,False,,,,,False,True,1430,837,1541,980,False,False,,,,,False,False,,,,,False
8050,04:22.542,182.0,68.0,0.0,0.0,0.0,0,False,False,,,,,False,False,,,,,False,False,,,,,False,False,,,,,False,False,,,,,False
8065,04:23.031,182.0,68.0,0.0,0.0,0.0,1,False,False,,,,,False,True,711,633,888,881,False,False,,,,,False,False,,,,,False,False,,,,,False
8080,04:23.521,182.0,68.0,0.0,0.0,0.0,1,False,False,,,,,False,False,,,,,False,True,1751,950,1876,1109,False,False,,,,,False,False,,,,,False
8095,04:24.010,182.0,68.0,0.0,0.0,0.0,2,False,False,,,,,False,False,,,,,False,True,1156,933,1260,1075,False,True,2002,702,2252,989,False,False,,,,,False
8110,04:24.499,182.0,68.0,0.0,0.0,0.0,0,False,False,,,,,False,False,,,,,False,False,,,,,False,False,,,,,False,False,,,,,False
8125,04:24.988,908.0,1142.0,726.0,1074.0,1296.3610608160059,0,False,False,,,,,False,False,,,,,False,False,,,,,False,False,,,,,False,False,,,,,False
8140,04:25.478,1202.0,1206.0,294.0,64.0,300.8853602287755,0,False,False,,,,,False,False,,,,,False,False,,,,,False,False,,,,,False,False,,,,,False
8155,04:25.967,1034.0,1242.0,-168.0,36.0,171.8138527593162,0,False,False,,,,,False,False,,,,,False,False,,,,,False,False,,,,,False,False,,,,,False
8170,04:26.456,2030.0,738.0,996.0,-504.0,1116.258034685529,0,False,False,,,,,False,False,,,,,False,False,,,,,False,False,,,,,False,False,,,,,False
8185,04:26.945,182.0,68.0,-1848.0,-670.0,1965.7069974947947,0,False,False,,,,,False,False,,,,,False,False,,,,,False,False,,,,,False,False,,,,,False
8200,04:27.434,182.0,68.0,0.0,0.0,0.0,0,False,False,,,,,False,False,,,,,False,False,,,,,False,False,,,,,False,False,,,,,False
8215,04:27.924,182.0,68.0,0.0,0.0,0.0,0,False,False,,,,,False,False,,,,,False,False,,,,,False,False,,,,,False,False,,,,,False
8230,04:28.413,182.0,68.0,0.0,0.0,0.0,0,False,False,,,,,False,False,,,,,False,False,,,,,False,False,,,,,False,False,,,,,False
8245,04:28.902,1626.0,518.0,1444.0,450.0,1512.4933057703097,0,False,False,,,,,False,False,,,,,False,False,,,,,False,False,,,,,False,False,,,,,False
8260,04:29.391,1640.0,530.0,14.0,12.0,18.439088914585774,0,False,False,,,,,False,False,,,,,False,False,,,,,False,False,,,,,False,False,,,,,False
8275,04:29.880,1894.0,494.0,254.0,-36.0,256.5384961365448,0,False,False,,,,,False,False,,,,,False,False,,,,,False,False,,,,,False,False,,,,,False
8290,04:30.370,,,,,,1,False,False,,,,,False,True,1117,882,1268,1111,False,False,,,,,False,False,,,,,False,False,,,,,False
8305,04:30.859,182.0,58.0,,,,1,False,False,,,,,False,True,1092,801,1250,1046,False,False,,,,,False,False,,,,,False,False,,,,,False
8320,04:31.348,1094.0,1028.0,912.0,970.0,1331.4067748062573,1,False,False,,,,,False,True,1166,813,1320,1052,False,False,,,,,False,False,,,,,False,False,,,,,False
8335,04:31.837,740.0,866.0,-354.0,-162.0,389.30707674020005,1,False,False,,,,,False,True,1275,855,1440,1085,False,False,,,,,False,False,,,,,False,False,,,,,False
8350,04:32.326,1228.0,922.0,488.0,56.0,491.20260585628006,1,True,False,,,,,False,True,1199,820,1358,1066,True,False,,,,,False,False,,,,,False,False,,,,,False
8365,04:32.816,182.0,58.0,-1046.0,-864.0,1356.6915640631073,1,False,False,,,,,False,True,1103,807,1261,1047,False,False,,,,,False,False,,,,,False,False,,,,,False
8380,04:33.305,182.0,58.0,0.0,0.0,0.0,1,False,False,,,,,False,True,1087,798,1246,1054,False,False,,,,,False,False,,,,,False,False,,,,,False
8395,04:33.794,182.0,58.0,0.0,0.0,0.0,1,False,False,,,,,False,True,1072,828,1231,1076,False,False,,,,,False,False,,,,,False,False,,,,,False
8410,04:34.283,182.0,58.0,0.0,0.0,0.0,1,False,False,,,,,False,True,1063,830,1217,1076,False,False,,,,,False,False,,,,,False,False,,,,,False
8425,04:34.772,182.0,68.0,0.0,10.0,10.0,1,False,False,,,,,False,True,1045,825,1205,1075,False,False,,,,,False,False,,,,,False,False,,,,,False
8440,04:35.262,182.0,68.0,0.0,0.0,0.0,1,False,False,,,,,False,True,957,902,1121,1135,False,False,,,,,False,False,,,,,False,False,,,,,False
8455,04:35.751,182.0,68.0,0.0,0.0,0.0,1,False,False,,,,,False,True,778,889,938,1150,False,False,,,,,False,False,,,,,False,False,,,,,False
8470,04:36.240,182.0,68.0,0.0,0.0,0.0,1,False,False,,,,,False,True,751,880,911,1127,False,False,,,,,False,False,,,,,False,False,,,,,False
8485,04:36.729,1756.0,862.0,1574.0,794.0,1762.9271113690436,0,False,False,,,,,False,False,,,,,False,False,,,,,False,False,,,,,False,False,,,,,False
8500,04:37.219,1134.0,1186.0,-622.0,324.0,701.32731302866,2,False,False,,,,,False,False,,,,,False,True,907,1140,1016,1286,False,True,1741,930,1941,1207,False,False,,,,,False
8515,04:37.708,450.0,526.0,-684.0,-660.0,950.5030247190168,2,False,False,,,,,False,False,,,,,False,True,1146,1015,1242,1157,False,False,,,,,False,True,2013,822,2258,1111,False
8530,04:38.197,668.0,784.0,218.0,258.0,337.76915193664445,2,False,False,,,,,False,False,,,,,False,True,1199,999,1295,1146,False,False,,,,,False,True,2126,848,2388,1143,False
8545,04:38.686,570.0,522.0,-98.0,-262.0,279.7284397411175,2,False,False,,,,,False,False,,,,,False,True,1239,1019,1336,1163,False,False,,,,,False,True,2181,883,2424,1191,False
8560,04:39.175,572.0,530.0,2.0,8.0,8.246211251235321,2,False,False,,,,,False,False,,,,,False,True,1264,998,1368,1142,False,True,2160,860,2344,1145,False,False,,,,,False
8575,04:39.665,700.0,838.0,128.0,308.0,333.53860346292754,2,False,False,,,,,False,False,,,,,False,True,1257,1026,1363,1172,False,True,2138,871,2316,1144,False,False,,,,,False
8590,04:40.154,714.0,820.0,14.0,-18.0,22.80350850198276,2,False,False,,,,,False,False,,,,,False,True,1270,1017,1374,1159,False,True,2156,862,2339,1149,False,False,,,,,False
8605,04:40.643,182.0,68.0,-532.0,-752.0,921.155795726217,2,False,False,,,,,False,False,,,,,False,True,1265,1011,1373,1155,False,True,2148,845,2330,1133,False,False,,,,,False
8620,04:41.132,182.0,68.0,0.0,0.0,0.0,2,False,False,,,,,False,False,,,,,False,True,1260,974,1365,1114,False,True,2116,825,2289,1090,False,False,,,,,False
8635,04:41.621,182.0,68.0,0.0,0.0,0.0,1,False,False,,,,,False,False,,,,,False,True,1434,1091,1543,1240,False,False,,,,,False,False,,,,,False
8650,04:42.111,182.0,68.0,0.0,0.0,0.0,1,False,False,,,,,False,False,,,,,False,True,1618,881,1729,1024,False,False,,,,,False,False,,,,,False
8665,04:42.600,182.0,68.0,0.0,0.0,0.0,1,False,False,,,,,False,False,,,,,False,False,,,,,False,False,,,,,False,True,2315,673,2436,837,False
8680,04:43.089,182.0,68.0,0.0,0.0,0.0,1,False,False,,,,,False,False,,,,,False,True,2259,567,2397,737,False,False,,,,,False,False,,,,,False
8695,04:43.578,182.0,68.0,0.0,0.0,0.0,1,False,False,,,,,False,False,,,,,False,True,2264,542,2405,713,False,False,,,,,False,False,,,,,False
8710,04:44.067,182.0,68.0,0.0,0.0,0.0,1,False,False,,,,,False,False,,,,,False,True,2241,557,2387,729,False,False,,,,,False,False,,,,,False
8725,04:44.557,1688.0,870.0,1506.0,802.0,1706.235622650049,1,True,False,,,,,False,False,,,,,False,True,1652,780,1768,924,True,False,,,,,False,False,,,,,False
8740,04:45.046,1382.0,978.0,-306.0,108.0,324.4996147917591,1,True,False,,,,,False,False,,,,,False,True,1345,886,1452,1025,True,False,,,,,False,False,,,,,False
8755,04:45.535,1496.0,782.0,114.0,-196.0,226.74214429611447,1,True,False,,,,,False,False,,,,,False,True,1456,691,1568,832,True,False,,,,,False,False,,,,,False
8770,04:46.024,1504.0,820.0,8.0,38.0,38.8329756778952,1,True,False,,,,,False,False,,,,,False,True,1448,733,1558,868,True,False,,,,,False,False,,,,,False
8785,04:46.514,986.0,548.0,-518.0,-272.0,585.0709358701729,1,False,False,,,,,False,False,,,,,False,True,1510,771,1622,906,False,False,,,,,False,False,,,,,False
