frame,time,faces_detected_count,049_detected,049_tl_x,049_tl_y,049_br_x,049_br_y,050_detected,050_tl_x,050_tl_y,050_br_x,050_br_y,UNKNOWN_detected,UNKNOWN_tl_x,UNKNOWN_tl_y,UNKNOWN_br_x,UNKNOWN_br_y
11090,05:55.975,1,False,,,,,True,1271,610,1485,924,False,,,,
11105,05:56.457,1,False,,,,,True,1276,610,1494,924,False,,,,
11120,05:56.938,1,False,,,,,True,1255,634,1475,946,False,,,,
11135,05:57.420,1,False,,,,,True,526,847,759,1188,False,,,,
11150,05:57.901,1,False,,,,,True,518,832,758,1179,False,,,,
11165,05:58.383,1,False,,,,,True,645,771,869,1100,False,,,,
11180,05:58.864,1,False,,,,,True,754,717,968,1031,False,,,,
11195,05:59.346,1,False,,,,,True,833,689,1039,998,False,,,,
11210,05:59.827,1,False,,,,,True,912,658,1120,968,False,,,,
11225,06:00.309,1,False,,,,,True,927,647,1133,954,False,,,,
11240,06:00.790,1,False,,,,,True,903,618,1115,930,False,,,,
11255,06:01.272,1,False,,,,,True,959,623,1166,934,False,,,,
11270,06:01.753,1,False,,,,,True,950,605,1158,917,False,,,,
11285,06:02.235,1,False,,,,,True,954,591,1162,906,False,,,,
11300,06:02.716,1,False,,,,,True,952,590,1161,903,False,,,,
11315,06:03.197,1,False,,,,,True,1026,582,1236,899,False,,,,
11330,06:03.679,1,False,,,,,True,1009,576,1222,888,False,,,,
11345,06:04.160,1,False,,,,,True,1002,572,1217,884,False,,,,
11360,06:04.642,1,False,,,,,True,1007,565,1218,874,False,,,,
11375,06:05.123,1,False,,,,,True,1026,550,1235,865,False,,,,
11390,06:05.605,1,False,,,,,True,1018,531,1232,843,False,,,,
11405,06:06.086,1,False,,,,,True,1012,519,1228,832,False,,,,
11420,06:06.568,1,False,,,,,True,1008,521,1224,834,False,,,,
11435,06:07.049,1,False,,,,,True,992,514,1207,826,False,,,,
11450,06:07.531,1,False,,,,,True,974,513,1191,832,False,,,,
11465,06:08.012,1,False,,,,,True,980,517,1200,827,False,,,,
11480,06:08.494,1,False,,,,,True,986,502,1203,815,False,,,,
11495,06:08.975,1,False,,,,,True,1006,487,1226,805,False,,,,
11510,06:09.457,1,False,,,,,True,970,472,1189,790,False,,,,
11525,06:09.938,1,False,,,,,True,974,480,1190,798,False,,,,
11540,06:10.420,1,False,,,,,True,967,479,1186,795,False,,,,
11555,06:10.901,1,False,,,,,True,966,473,1188,792,False,,,,
11570,06:11.383,1,False,,,,,True,967,468,1188,789,False,,,,
11585,06:11.864,1,False,,,,,True,944,458,1170,781,False,,,,
11600,06:12.346,1,False,,,,,True,938,459,1161,783,False,,,,
11615,06:12.827,1,False,,,,,True,945,464,1170,789,False,,,,
11630,06:13.309,1,False,,,,,True,951,462,1177,783,False,,,,
11645,06:13.790,1,False,,,,,True,945,453,1166,777,False,,,,
11660,06:14.272,2,False,,,,,True,947,444,1172,767,True,687,1117,798,1188
11675,06:14.753,1,False,,,,,True,968,446,1187,764,False,,,,
11690,06:15.235,1,False,,,,,True,971,442,1193,765,False,,,,
11705,06:15.716,1,False,,,,,True,944,444,1167,768,False,,,,
11720,06:16.197,1,False,,,,,True,938,458,1160,782,False,,,,
11735,06:16.679,1,False,,,,,True,958,462,1180,787,False,,,,
11750,06:17.160,1,False,,,,,True,961,452,1184,780,False,,,,
11765,06:17.642,1,False,,,,,True,956,487,1177,811,False,,,,
11780,06:18.123,1,False,,,,,True,974,527,1192,842,False,,,,
11795,06:18.605,1,False,,,,,True,976,525,1195,833,False,,,,
11810,06:19.086,1,False,,,,,True,987,518,1204,823,False,,,,
11825,06:19.568,1,False,,,,,True,980,515,1203,825,False,,,,
11840,06:20.049,1,False,,,,,True,986,519,1205,828,False,,,,
11855,06:20.531,1,False,,,,,True,1004,506,1220,818,False,,,,
11870,06:21.012,1,False,,,,,True,1008,496,1227,815,False,,,,
11885,06:21.494,1,False,,,,,True,979,481,1204,804,False,,,,
11900,06:21.975,1,False,,,,,True,999,492,1215,807,False,,,,
11915,06:22.457,1,False,,,,,True,987,476,1206,798,False,,,,
11930,06:22.938,1,False,,,,,True,986,458,1207,777,False,,,,
11945,06:23.420,1,False,,,,,True,947,454,1172,776,False,,,,
11960,06:23.901,1,False,,,,,True,983,478,1203,795,False,,,,
11975,06:24.383,1,False,,,,,True,994,465,1213,792,False,,,,
11990,06:24.864,1,False,,,,,True,1006,470,1225,793,False,,,,
12005,06:25.346,1,False,,,,,True,976,472,1199,794,False,,,,
12020,06:25.827,1,False,,,,,True,997,514,1214,828,False,,,,
12035,06:26.309,1,False,,,,,True,995,504,1210,823,False,,,,
12050,06:26.790,1,False,,,,,True,979,518,1202,824,False,,,,
12065,06:27.272,2,False,,,,,True,936,500,1156,813,True,689,1176,794,1245
12080,06:27.753,1,False,,,,,True,1000,535,1218,852,False,,,,
12095,06:28.235,1,False,,,,,True,960,508,1184,824,False,,,,
12110,06:28.716,1,False,,,,,True,944,594,1170,913,False,,,,
12125,06:29.197,1,False,,,,,True,867,548,1090,863,False,,,,
12140,06:29.679,1,False,,,,,True,885,511,1111,829,False,,,,
12155,06:30.160,1,False,,,,,True,929,506,1148,818,False,,,,
12170,06:30.642,1,False,,,,,True,978,494,1198,808,False,,,,
12185,06:31.123,1,False,,,,,True,980,500,1199,812,False,,,,
12200,06:31.605,1,False,,,,,True,999,486,1216,805,False,,,,
12215,06:32.086,1,False,,,,,True,1009,478,1225,793,False,,,,
12230,06:32.568,1,False,,,,,True,1022,483,1238,798,False,,,,
12245,06:33.049,1,False,,,,,True,998,475,1215,793,False,,,,
12260,06:33.531,1,False,,,,,True,991,475,1211,792,False,,,,
12275,06:34.012,1,False,,,,,True,989,465,1210,784,False,,,,
12290,06:34.494,1,False,,,,,True,993,478,1212,797,False,,,,
12305,06:34.975,1,False,,,,,True,995,493,1213,806,False,,,,
12320,06:35.457,1,False,,,,,True,1000,485,1219,804,False,,,,
12335,06:35.938,1,False,,,,,True,1004,547,1218,860,False,,,,
12350,06:36.420,1,False,,,,,True,1011,547,1226,856,False,,,,
12365,06:36.901,1,False,,,,,True,1013,526,1231,830,False,,,,
12380,06:37.383,1,False,,,,,True,1017,516,1236,829,False,,,,
12395,06:37.864,1,False,,,,,True,1056,631,1273,932,False,,,,
12410,06:38.346,1,False,,,,,True,1017,617,1247,926,False,,,,
12425,06:38.827,1,False,,,,,True,1004,556,1240,864,False,,,,
12440,06:39.309,1,False,,,,,True,959,545,1185,855,False,,,,
12455,06:39.790,1,False,,,,,True,982,524,1213,836,False,,,,
12470,06:40.272,1,False,,,,,True,1003,531,1226,839,False,,,,
12485,06:40.753,1,False,,,,,True,1011,499,1231,809,False,,,,
12500,06:41.235,1,False,,,,,True,1028,496,1248,810,False,,,,
12515,06:41.716,1,False,,,,,True,1036,473,1256,791,False,,,,
12530,06:42.197,1,False,,,,,True,1037,492,1256,810,False,,,,
12545,06:42.679,1,False,,,,,True,1067,482,1285,798,False,,,,
12560,06:43.160,1,False,,,,,True,1039,471,1261,785,False,,,,
12575,06:43.642,1,False,,,,,True,1021,459,1242,778,False,,,,
12590,06:44.123,1,False,,,,,True,1032,467,1252,782,False,,,,
12605,06:44.605,1,False,,,,,True,1007,487,1230,795,False,,,,
12620,06:45.086,1,False,,,,,True,1022,469,1237,780,False,,,,
12635,06:45.568,1,False,,,,,True,1040,469,1258,782,False,,,,
12650,06:46.049,1,False,,,,,True,1048,466,1264,775,False,,,,
12665,06:46.531,1,False,,,,,True,1055,469,1269,776,False,,,,
12680,06:47.012,1,False,,,,,True,1081,570,1299,870,False,,,,
12695,06:47.494,1,False,,,,,True,1121,574,1335,874,False,,,,
12710,06:47.975,1,False,,,,,True,1115,588,1326,887,False,,,,
12725,06:48.457,1,False,,,,,True,1087,550,1302,852,False,,,,
12740,06:48.938,1,False,,,,,True,1120,559,1326,865,False,,,,
12755,06:49.420,1,False,,,,,True,1144,538,1351,843,False,,,,
12770,06:49.901,1,False,,,,,True,1078,512,1298,821,False,,,,
12785,06:50.383,1,False,,,,,True,1127,513,1342,817,False,,,,
12800,06:50.864,1,False,,,,,True,1127,601,1341,911,False,,,,
12815,06:51.346,1,False,,,,,True,1118,578,1332,885,False,,,,
12830,06:51.827,1,False,,,,,True,1126,565,1337,869,False,,,,
12845,06:52.309,1,False,,,,,True,1149,585,1361,892,False,,,,
12860,06:52.790,1,False,,,,,True,1173,584,1380,885,False,,,,
12875,06:53.272,1,False,,,,,True,1171,592,1379,892,False,,,,
12890,06:53.753,1,False,,,,,True,1161,571,1373,876,False,,,,
12905,06:54.235,1,False,,,,,True,1173,571,1384,876,False,,,,
12920,06:54.716,1,False,,,,,True,1139,573,1349,879,False,,,,
12935,06:55.197,1,False,,,,,True,1123,553,1333,860,False,,,,
12950,06:55.679,1,False,,,,,True,1142,540,1352,845,False,,,,
12965,06:56.160,1,False,,,,,True,1158,551,1370,856,False,,,,
12980,06:56.642,1,False,,,,,True,1125,558,1336,866,False,,,,
12995,06:57.123,1,False,,,,,True,1126,542,1336,850,False,,,,
13010,06:57.605,1,False,,,,,True,1106,611,1320,916,False,,,,
13025,06:58.086,1,False,,,,,True,1089,545,1301,850,False,,,,
13040,06:58.568,1,False,,,,,True,1124,520,1337,827,False,,,,
13055,06:59.049,1,False,,,,,True,1107,495,1319,808,False,,,,
13070,06:59.531,1,False,,,,,True,1109,499,1320,809,False,,,,
13085,07:00.012,1,False,,,,,True,1120,485,1331,801,False,,,,
13100,07:00.494,1,False,,,,,True,1121,473,1335,793,False,,,,
13115,07:00.975,1,False,,,,,True,1109,472,1322,786,False,,,,
13130,07:01.457,1,False,,,,,True,1095,482,1313,799,False,,,,
13145,07:01.938,1,False,,,,,True,1119,495,1329,805,False,,,,
13160,07:02.420,1,False,,,,,True,1108,478,1330,797,False,,,,
13175,07:02.901,1,False,,,,,True,1086,474,1305,791,False,,,,
13190,07:03.383,1,False,,,,,True,1092,479,1310,792,False,,,,
13205,07:03.864,1,False,,,,,True,1102,456,1327,770,False,,,,
13220,07:04.346,1,False,,,,,True,1127,537,1346,843,False,,,,
13235,07:04.827,1,False,,,,,True,1208,560,1434,866,False,,,,
13250,07:05.309,1,False,,,,,True,1065,615,1281,918,False,,,,
13265,07:05.790,1,False,,,,,True,1004,640,1222,941,False,,,,
13280,07:06.272,1,False,,,,,True,967,618,1187,926,False,,,,
13295,07:06.753,1,False,,,,,True,1003,575,1224,881,False,,,,
13310,07:07.235,1,False,,,,,True,1007,566,1226,870,False,,,,
13325,07:07.716,1,False,,,,,True,1158,576,1385,882,False,,,,
13340,07:08.197,1,False,,,,,True,1118,568,1336,869,False,,,,
13355,07:08.679,1,False,,,,,True,1094,548,1320,851,False,,,,
13370,07:09.160,1,False,,,,,True,1091,526,1317,827,False,,,,
13385,07:09.642,1,False,,,,,True,1080,492,1304,804,False,,,,
13400,07:10.123,1,False,,,,,True,1099,487,1323,800,False,,,,
13415,07:10.605,1,False,,,,,True,1125,474,1349,783,False,,,,
13430,07:11.086,1,False,,,,,True,973,548,1204,858,False,,,,
13445,07:11.568,1,False,,,,,True,977,482,1209,791,False,,,,
13460,07:12.049,1,False,,,,,True,1005,416,1240,738,False,,,,
13475,07:12.531,1,False,,,,,True,1050,439,1273,750,False,,,,
13490,07:13.012,1,False,,,,,True,1061,493,1275,806,False,,,,
13505,07:13.494,1,False,,,,,True,1033,460,1250,774,False,,,,
13520,07:13.975,1,False,,,,,True,1054,476,1273,793,False,,,,
13535,07:14.457,1,False,,,,,True,1072,420,1297,737,False,,,,
13550,07:14.938,1,False,,,,,True,1167,465,1387,773,False,,,,
13565,07:15.420,1,False,,,,,True,973,472,1203,783,False,,,,
13580,07:15.901,1,False,,,,,True,874,472,1109,794,False,,,,
13595,07:16.383,1,False,,,,,True,885,448,1125,768,False,,,,
13610,07:16.864,1,False,,,,,True,907,439,1140,755,False,,,,
13625,07:17.346,1,False,,,,,True,944,552,1179,862,False,,,,
13640,07:17.827,1,False,,,,,True,919,502,1149,814,False,,,,
13655,07:18.309,1,False,,,,,True,936,507,1159,817,False,,,,
13670,07:18.790,1,False,,,,,True,959,550,1182,861,False,,,,
13685,07:19.272,1,False,,,,,True,943,518,1165,825,False,,,,
13700,07:19.753,1,False,,,,,True,940,484,1169,804,False,,,,
13715,07:20.235,1,False,,,,,True,939,470,1167,788,False,,,,
13730,07:20.716,1,False,,,,,True,956,465,1186,785,False,,,,
13745,07:21.197,1,False,,,,,True,980,457,1214,777,False,,,,
13760,07:21.679,1,False,,,,,True,975,438,1202,756,False,,,,
13775,07:22.160,1,False,,,,,True,972,463,1198,779,False,,,,
13790,07:22.642,1,False,,,,,True,979,424,1206,744,False,,,,
13805,07:23.123,2,False,,,,,True,966,388,1198,710,True,716,1061,828,1131
13820,07:23.605,1,False,,,,,True,963,388,1191,715,False,,,,
13835,07:24.086,1,False,,,,,True,974,393,1205,717,False,,,,
13850,07:24.568,1,False,,,,,True,991,390,1214,712,False,,,,
13865,07:25.049,2,False,,,,,True,968,415,1196,739,True,721,1086,832,1157
13880,07:25.531,1,False,,,,,True,894,454,1121,774,False,,,,
13895,07:26.012,1,False,,,,,True,920,451,1153,765,False,,,,
13910,07:26.494,1,False,,,,,True,943,422,1173,742,False,,,,
13925,07:26.975,1,False,,,,,True,946,395,1177,721,False,,,,
13940,07:27.457,1,False,,,,,True,979,417,1208,735,False,,,,
13955,07:27.938,1,False,,,,,True,998,434,1223,748,False,,,,
13970,07:28.420,1,False,,,,,True,985,419,1214,736,False,,,,
13985,07:28.901,1,False,,,,,True,976,384,1212,706,False,,,,
14000,07:29.383,1,False,,,,,True,983,467,1213,783,False,,,,
14015,07:29.864,1,False,,,,,True,935,586,1146,887,False,,,,
14030,07:30.346,1,False,,,,,True,1009,690,1222,989,False,,,,
14045,07:30.827,1,False,,,,,True,1265,905,1498,1211,False,,,,
14060,07:31.309,1,False,,,,,True,1204,881,1442,1186,False,,,,
14075,07:31.790,1,False,,,,,True,1157,858,1388,1164,False,,,,
14090,07:32.272,1,False,,,,,True,1115,796,1340,1096,False,,,,
14105,07:32.753,1,False,,,,,True,1102,732,1330,1035,False,,,,
14120,07:33.235,1,False,,,,,True,1149,618,1373,918,False,,,,
14135,07:33.716,1,False,,,,,True,1183,576,1411,877,False,,,,
14150,07:34.197,1,False,,,,,True,1129,555,1360,858,False,,,,
14165,07:34.679,1,False,,,,,True,1119,537,1346,841,False,,,,
14180,07:35.160,1,False,,,,,True,1100,503,1325,807,False,,,,
14195,07:35.642,1,False,,,,,True,1078,506,1300,809,False,,,,
14210,07:36.123,1,False,,,,,True,1061,505,1280,808,False,,,,
14225,07:36.605,1,False,,,,,True,1103,480,1327,788,False,,,,
14240,07:37.086,1,False,,,,,True,1169,520,1389,816,False,,,,
14255,07:37.568,1,False,,,,,True,1193,503,1416,799,False,,,,
14270,07:38.049,1,False,,,,,True,1156,516,1375,807,False,,,,
14285,07:38.531,1,False,,,,,True,1159,493,1381,793,False,,,,
14300,07:39.012,1,False,,,,,True,1265,549,1485,843,False,,,,
14315,07:39.494,1,False,,,,,True,1178,724,1402,1019,False,,,,
14330,07:39.975,1,False,,,,,True,1111,547,1336,843,False,,,,
14345,07:40.457,1,False,,,,,True,1068,456,1297,762,False,,,,
14360,07:40.938,1,False,,,,,True,1130,478,1353,778,False,,,,
14375,07:41.420,1,False,,,,,True,1135,424,1366,734,False,,,,
14390,07:41.901,1,False,,,,,True,1156,425,1379,734,False,,,,
14405,07:42.383,1,False,,,,,True,1155,411,1376,720,False,,,,
14420,07:42.864,1,False,,,,,True,1099,398,1331,714,False,,,,
14435,07:43.346,1,False,,,,,True,1041,402,1270,713,False,,,,
14450,07:43.827,1,False,,,,,True,1039,402,1269,718,False,,,,
14465,07:44.309,1,False,,,,,True,985,398,1217,715,False,,,,
14480,07:44.790,1,False,,,,,True,1001,404,1226,722,False,,,,
14495,07:45.272,1,False,,,,,True,998,411,1229,733,False,,,,
14510,07:45.753,1,False,,,,,True,984,407,1215,729,False,,,,
14525,07:46.234,1,False,,,,,True,953,405,1188,721,False,,,,
14540,07:46.716,2,False,,,,,True,957,411,1192,729,True,742,1089,854,1163
14555,07:47.197,1,False,,,,,True,967,411,1198,734,False,,,,
14570,07:47.679,1,False,,,,,True,944,503,1174,819,False,,,,
14585,07:48.160,1,False,,,,,True,995,474,1222,789,False,,,,
14600,07:48.642,1,False,,,,,True,964,443,1194,763,False,,,,
14615,07:49.123,1,False,,,,,True,944,451,1170,765,False,,,,
14630,07:49.605,1,False,,,,,True,948,437,1178,764,False,,,,
14645,07:50.086,1,False,,,,,True,954,406,1186,727,False,,,,
14660,07:50.568,1,False,,,,,True,960,406,1187,735,False,,,,
14675,07:51.049,1,False,,,,,True,942,394,1169,722,False,,,,
14690,07:51.531,1,False,,,,,True,939,396,1162,719,False,,,,
14705,07:52.012,2,False,,,,,True,942,391,1163,710,True,709,1072,818,1139
14720,07:52.494,2,False,,,,,True,912,380,1143,703,True,681,1067,796,1136
14735,07:52.975,1,False,,,,,True,932,381,1161,704,False,,,,
14750,07:53.457,1,False,,,,,True,910,378,1145,705,False,,,,
14765,07:53.938,1,False,,,,,True,896,402,1126,724,False,,,,
14780,07:54.420,1,False,,,,,True,896,450,1130,769,False,,,,
14795,07:54.901,1,False,,,,,True,893,463,1123,780,False,,,,
14810,07:55.383,1,False,,,,,True,908,434,1138,756,False,,,,
14825,07:55.864,2,False,,,,,True,918,399,1151,723,True,687,1087,792,1162
14840,07:56.346,1,False,,,,,True,908,376,1145,701,False,,,,
14855,07:56.827,1,False,,,,,True,908,369,1138,696,False,,,,
14870,07:57.309,1,False,,,,,True,894,360,1127,685,False,,,,
14885,07:57.790,1,False,,,,,True,890,355,1124,689,False,,,,
14900,07:58.272,1,False,,,,,True,937,388,1163,716,False,,,,
14915,07:58.753,1,False,,,,,True,959,407,1185,736,False,,,,
14930,07:59.234,1,False,,,,,True,940,424,1166,747,False,,,,
14945,07:59.716,1,False,,,,,True,975,464,1201,780,False,,,,
14960,08:00.197,1,False,,,,,True,975,436,1201,755,False,,,,
14975,08:00.679,2,False,,,,,True,970,408,1194,733,True,715,1094,823,1168
14990,08:01.160,1,False,,,,,True,943,419,1164,742,False,,,,
15005,08:01.642,1,False,,,,,True,998,429,1218,747,False,,,,
15020,08:02.123,1,False,,,,,True,964,410,1187,737,False,,,,
15035,08:02.605,1,False,,,,,True,969,419,1194,744,False,,,,
15050,08:03.086,2,False,,,,,True,939,407,1168,731,True,708,1089,819,1162
15065,08:03.568,1,False,,,,,True,932,391,1154,719,False,,,,
15080,08:04.049,1,False,,,,,True,973,376,1204,706,False,,,,
15095,08:04.531,1,False,,,,,True,965,362,1194,697,False,,,,
15110,08:05.012,1,False,,,,,True,940,366,1174,699,False,,,,
15125,08:05.494,2,False,,,,,True,936,359,1164,685,True,714,1046,825,1114
15140,08:05.975,1,False,,,,,True,960,364,1189,694,False,,,,
15155,08:06.457,1,False,,,,,True,995,435,1212,754,False,,,,
15170,08:06.938,1,False,,,,,True,957,507,1177,821,False,,,,
15185,08:07.420,1,False,,,,,True,1027,529,1243,842,False,,,,
15200,08:07.901,1,False,,,,,True,843,583,1067,898,False,,,,
15215,08:08.383,1,False,,,,,True,915,603,1130,911,False,,,,
15230,08:08.864,1,False,,,,,True,968,609,1182,924,False,,,,
15245,08:09.346,1,False,,,,,True,914,606,1133,912,False,,,,
15260,08:09.827,1,False,,,,,True,925,486,1140,799,False,,,,
15275,08:10.309,1,False,,,,,True,983,465,1200,784,False,,,,
15290,08:10.790,1,False,,,,,True,1005,434,1222,751,False,,,,
15305,08:11.272,1,False,,,,,True,998,407,1215,735,False,,,,
15320,08:11.753,1,False,,,,,True,1002,406,1223,734,False,,,,
15335,08:12.234,1,False,,,,,True,1004,407,1224,733,False,,,,
15350,08:12.716,1,False,,,,,True,1007,415,1226,735,False,,,,
15365,08:13.197,1,False,,,,,True,1001,406,1219,726,False,,,,
15380,08:13.679,1,False,,,,,True,998,512,1212,815,False,,,,
15395,08:14.160,1,False,,,,,True,1000,484,1221,798,False,,,,
15410,08:14.642,1,False,,,,,True,990,456,1204,769,False,,,,
15425,08:15.123,1,False,,,,,True,1008,423,1219,748,False,,,,
15440,08:15.605,2,False,,,,,True,999,412,1213,737,True,716,1085,830,1164
15455,08:16.086,1,False,,,,,True,980,394,1203,715,False,,,,
15470,08:16.568,1,False,,,,,True,1005,400,1227,730,False,,,,
15485,08:17.049,1,False,,,,,True,1009,452,1232,772,False,,,,
15500,08:17.531,1,False,,,,,True,905,510,1124,823,False,,,,
15515,08:18.012,1,False,,,,,True,890,489,1111,807,False,,,,
15530,08:18.494,1,False,,,,,True,919,463,1141,779,False,,,,
15545,08:18.975,1,False,,,,,True,955,452,1176,772,False,,,,
15560,08:19.457,1,False,,,,,True,956,450,1178,768,False,,,,
15575,08:19.938,1,False,,,,,True,949,444,1173,759,False,,,,
15590,08:20.420,1,False,,,,,True,947,443,1168,758,False,,,,
15605,08:20.901,2,False,,,,,True,935,416,1157,740,True,693,1101,794,1173
15620,08:21.383,2,False,,,,,True,932,402,1158,724,True,686,1090,790,1162
15635,08:21.864,1,False,,,,,True,948,398,1173,720,False,,,,
15650,08:22.346,1,False,,,,,True,946,488,1165,808,False,,,,
15665,08:22.827,1,False,,,,,True,916,477,1132,792,False,,,,
15680,08:23.309,1,False,,,,,True,958,529,1168,854,False,,,,
15695,08:23.790,1,False,,,,,True,988,551,1193,858,False,,,,
15710,08:24.272,1,False,,,,,True,1027,529,1230,835,False,,,,
15725,08:24.753,1,False,,,,,True,1010,458,1218,769,False,,,,
15740,08:25.234,1,False,,,,,True,936,425,1147,748,False,,,,
15755,08:25.716,2,False,,,,,True,977,423,1191,746,True,698,1092,792,1161
15770,08:26.197,2,False,,,,,True,980,431,1196,752,True,701,1096,798,1162
15785,08:26.679,1,False,,,,,True,983,430,1198,754,False,,,,
15800,08:27.160,1,False,,,,,True,976,420,1195,744,False,,,,
15815,08:27.642,1,False,,,,,True,1009,527,1225,835,False,,,,
15830,08:28.123,1,False,,,,,True,903,605,1112,912,False,,,,
15845,08:28.605,1,False,,,,,True,820,795,1025,1107,False,,,,
15860,08:29.086,1,False,,,,,True,941,797,1144,1106,False,,,,
15875,08:29.568,1,False,,,,,True,1328,667,1545,976,False,,,,
15890,08:30.049,1,False,,,,,True,1423,366,1666,699,False,,,,
15905,08:30.531,1,False,,,,,True,1484,430,1732,756,False,,,,
15920,08:31.012,1,False,,,,,True,1529,444,1776,773,False,,,,
15935,08:31.494,1,False,,,,,True,1317,420,1543,739,False,,,,
15950,08:31.975,1,False,,,,,True,1289,375,1520,695,False,,,,
15965,08:32.457,1,False,,,,,True,1280,349,1518,674,False,,,,
15980,08:32.938,1,False,,,,,True,1321,727,1548,1037,False,,,,
15995,08:33.420,1,False,,,,,True,1337,574,1561,885,False,,,,
16010,08:33.901,1,False,,,,,True,1306,443,1539,766,False,,,,
16025,08:34.383,1,False,,,,,True,1176,467,1397,787,False,,,,
16040,08:34.864,1,False,,,,,True,1237,504,1465,815,False,,,,
16055,08:35.346,2,False,,,,,True,1124,518,1359,831,True,949,1192,1068,1266
16070,08:35.827,1,False,,,,,True,1214,423,1436,751,False,,,,
16085,08:36.309,1,False,,,,,True,1251,399,1482,725,False,,,,
16100,08:36.790,1,False,,,,,True,1213,408,1441,731,False,,,,
16115,08:37.272,1,False,,,,,True,1204,380,1427,705,False,,,,
16130,08:37.753,1,False,,,,,True,1272,364,1497,682,False,,,,
16145,08:38.234,1,False,,,,,True,1242,382,1476,701,False,,,,
16160,08:38.716,1,False,,,,,True,1271,373,1498,695,False,,,,
16175,08:39.197,1,False,,,,,True,1298,409,1525,734,False,,,,
16190,08:39.679,1,False,,,,,True,1292,407,1522,733,False,,,,
16205,08:40.160,1,False,,,,,True,1291,374,1526,691,False,,,,
16220,08:40.642,1,False,,,,,True,1297,353,1539,675,False,,,,
16235,08:41.123,1,False,,,,,True,1274,346,1509,657,False,,,,
16250,08:41.605,2,False,,,,,True,1321,285,1572,604,True,1172,980,1272,1050
16265,08:42.086,1,False,,,,,True,1325,269,1574,596,False,,,,
16280,08:42.568,1,False,,,,,True,1321,264,1569,590,False,,,,
16295,08:43.049,1,False,,,,,True,1299,255,1553,589,False,,,,
16310,08:43.531,1,False,,,,,True,1387,250,1635,584,False,,,,
16325,08:44.012,1,False,,,,,True,1411,247,1663,573,False,,,,
16340,08:44.494,1,False,,,,,True,1367,244,1612,580,False,,,,
16355,08:44.975,1,False,,,,,True,1093,295,1328,623,False,,,,
16370,08:45.457,1,False,,,,,True,1061,375,1295,698,False,,,,
16385,08:45.938,1,False,,,,,True,1193,387,1425,713,False,,,,
16400,08:46.420,1,False,,,,,True,1238,395,1470,718,False,,,,
16415,08:46.901,1,False,,,,,True,1262,373,1492,698,False,,,,
16430,08:47.383,1,False,,,,,True,1250,351,1485,675,False,,,,
16445,08:47.864,1,False,,,,,True,1188,375,1427,697,False,,,,
16460,08:48.346,1,False,,,,,True,1332,341,1575,661,False,,,,
16475,08:48.827,1,False,,,,,True,1302,341,1544,666,False,,,,
16490,08:49.309,1,False,,,,,True,1382,464,1619,781,False,,,,
16505,08:49.790,2,False,,,,,True,1399,419,1639,749,True,1198,1094,1296,1165
16520,08:50.272,1,False,,,,,True,1384,523,1627,836,False,,,,
16535,08:50.753,1,False,,,,,True,1422,621,1674,936,False,,,,
16550,08:51.234,1,False,,,,,True,1328,634,1572,936,False,,,,
16565,08:51.716,1,False,,,,,True,1269,620,1500,928,False,,,,
16580,08:52.197,1,False,,,,,True,1261,602,1484,912,False,,,,
16595,08:52.679,1,False,,,,,True,1242,554,1475,864,False,,,,
16610,08:53.160,1,False,,,,,True,1250,510,1481,823,False,,,,
16625,08:53.642,1,False,,,,,True,1286,429,1521,754,False,,,,
16640,08:54.123,1,False,,,,,True,1235,440,1470,757,False,,,,
16655,08:54.605,1,False,,,,,True,1215,445,1450,760,False,,,,
16670,08:55.086,1,False,,,,,True,1103,468,1334,787,False,,,,
16685,08:55.568,1,False,,,,,True,942,516,1174,832,False,,,,
16700,08:56.049,1,False,,,,,True,1007,573,1238,885,False,,,,
16715,08:56.531,1,False,,,,,True,1086,496,1311,809,False,,,,
16730,08:57.012,1,False,,,,,True,1141,490,1362,799,False,,,,
16745,08:57.494,1,False,,,,,True,1096,440,1323,758,False,,,,
16760,08:57.975,1,False,,,,,True,1199,440,1421,759,False,,,,
16775,08:58.457,1,False,,,,,True,1236,428,1460,749,False,,,,
16790,08:58.938,1,False,,,,,True,1213,416,1442,741,False,,,,
16805,08:59.420,2,False,,,,,True,1138,422,1365,745,True,927,1093,1026,1164
16820,08:59.901,1,False,,,,,True,1125,441,1355,750,False,,,,
16835,09:00.383,1,False,,,,,True,1125,453,1356,765,False,,,,
16850,09:00.864,1,False,,,,,True,1133,451,1364,766,False,,,,
16865,09:01.346,1,False,,,,,True,1146,466,1370,776,False,,,,
16880,09:01.827,1,False,,,,,True,1131,463,1362,773,False,,,,
16895,09:02.309,1,False,,,,,True,1124,435,1352,749,False,,,,
16910,09:02.790,1,False,,,,,True,1121,589,1342,891,False,,,,
16925,09:03.272,1,False,,,,,True,1139,537,1362,840,False,,,,
16940,09:03.753,1,False,,,,,True,1104,586,1327,888,False,,,,
16955,09:04.234,1,False,,,,,True,996,610,1209,921,False,,,,
16970,09:04.716,1,False,,,,,True,965,608,1170,914,False,,,,
16985,09:05.197,1,False,,,,,True,1162,633,1376,933,False,,,,
17000,09:05.679,1,False,,,,,True,1194,692,1417,994,False,,,,
17015,09:06.160,1,False,,,,,True,1004,744,1226,1048,False,,,,
17030,09:06.642,1,False,,,,,True,991,587,1213,894,False,,,,
17045,09:07.123,1,False,,,,,True,981,564,1207,874,False,,,,
17060,09:07.605,1,False,,,,,True,1016,526,1242,831,False,,,,
17075,09:08.086,2,False,,,,,True,946,389,1176,716,True,710,1066,821,1134
17090,09:08.568,1,False,,,,,True,991,502,1205,808,False,,,,
17105,09:09.049,1,False,,,,,True,988,520,1207,825,False,,,,
17120,09:09.531,1,False,,,,,True,947,525,1167,834,False,,,,
17135,09:10.012,2,False,,,,,True,927,514,1146,819,True,682,1178,795,1255
17150,09:10.494,2,False,,,,,True,976,520,1193,826,True,711,1181,828,1255
17165,09:10.975,1,False,,,,,True,1131,610,1338,913,False,,,,
17180,09:11.457,1,False,,,,,True,875,618,1089,929,False,,,,
17195,09:11.938,1,False,,,,,True,897,613,1112,922,False,,,,
17210,09:12.420,1,False,,,,,True,932,602,1139,909,False,,,,
17225,09:12.901,1,False,,,,,True,990,657,1196,962,False,,,,
17240,09:13.383,1,False,,,,,True,952,659,1160,958,False,,,,
17255,09:13.864,1,False,,,,,True,927,648,1132,945,False,,,,
17270,09:14.346,1,False,,,,,True,1012,597,1212,905,False,,,,
17285,09:14.827,1,False,,,,,True,995,591,1197,897,False,,,,
17300,09:15.309,1,False,,,,,True,987,538,1194,849,False,,,,
17315,09:15.790,1,False,,,,,True,1025,592,1229,898,False,,,,
17330,09:16.272,1,False,,,,,True,1015,554,1221,862,False,,,,
17345,09:16.753,1,False,,,,,True,973,534,1182,847,False,,,,
17360,09:17.234,1,False,,,,,True,916,534,1128,843,False,,,,
17375,09:17.716,2,False,,,,,True,906,516,1119,825,True,595,1175,708,1244
17390,09:18.197,1,False,,,,,True,852,539,1068,854,False,,,,
17405,09:18.679,1,False,,,,,True,682,613,907,931,False,,,,
17420,09:19.160,1,False,,,,,True,557,648,789,970,False,,,,
17435,09:19.642,1,False,,,,,True,744,623,964,935,False,,,,
17450,09:20.123,1,False,,,,,True,808,622,1019,929,False,,,,
17465,09:20.605,1,False,,,,,True,859,673,1073,980,False,,,,
17480,09:21.086,1,False,,,,,True,859,699,1076,1007,False,,,,
17495,09:21.568,1,False,,,,,True,909,662,1117,965,False,,,,
17510,09:22.049,1,False,,,,,True,910,657,1120,960,False,,,,
17525,09:22.531,1,False,,,,,True,935,595,1142,895,False,,,,
17540,09:23.012,1,False,,,,,True,946,581,1156,884,False,,,,
17555,09:23.494,1,False,,,,,True,958,607,1169,911,False,,,,
17570,09:23.975,1,False,,,,,True,970,576,1184,885,False,,,,
17585,09:24.457,1,False,,,,,True,989,559,1199,865,False,,,,
17600,09:24.938,1,False,,,,,True,969,571,1184,879,False,,,,
17615,09:25.420,1,False,,,,,True,955,545,1166,851,False,,,,
17630,09:25.901,1,False,,,,,True,939,535,1152,840,False,,,,
17645,09:26.383,1,False,,,,,True,945,531,1159,845,False,,,,
17660,09:26.864,1,False,,,,,True,963,537,1176,851,False,,,,
17675,09:27.346,1,False,,,,,True,930,531,1147,848,False,,,,
17690,09:27.827,1,False,,,,,True,934,572,1147,879,False,,,,
17705,09:28.309,1,False,,,,,True,945,602,1158,915,False,,,,
17720,09:28.790,1,False,,,,,True,960,566,1174,876,False,,,,
17735,09:29.272,1,False,,,,,True,962,549,1173,860,False,,,,
17750,09:29.753,1,False,,,,,True,985,575,1194,882,False,,,,
17765,09:30.234,1,False,,,,,True,996,644,1203,952,False,,,,
17780,09:30.716,1,False,,,,,True,1008,670,1211,980,False,,,,
17795,09:31.197,1,False,,,,,True,987,650,1197,964,False,,,,
17810,09:31.679,1,False,,,,,True,1016,634,1224,941,False,,,,
17825,09:32.160,1,False,,,,,True,894,573,1109,885,False,,,,
17840,09:32.642,1,False,,,,,True,903,550,1115,865,False,,,,
17855,09:33.123,1,False,,,,,True,897,491,1110,806,False,,,,
17870,09:33.605,1,False,,,,,True,885,499,1097,814,False,,,,
17885,09:34.086,1,False,,,,,True,899,472,1112,787,False,,,,
17900,09:34.568,1,False,,,,,True,930,501,1140,810,False,,,,
17915,09:35.049,1,False,,,,,True,959,517,1173,824,False,,,,
17930,09:35.531,1,False,,,,,True,969,502,1182,816,False,,,,
17945,09:36.012,1,False,,,,,True,963,510,1175,820,False,,,,
17960,09:36.494,1,False,,,,,True,942,644,1155,956,False,,,,
17975,09:36.975,1,False,,,,,True,844,665,1074,996,False,,,,
17990,09:37.457,1,False,,,,,True,920,774,1137,1101,False,,,,
18005,09:37.938,1,False,,,,,True,1026,610,1235,924,False,,,,
18020,09:38.420,1,False,,,,,True,1005,529,1219,844,False,,,,
18035,09:38.901,1,False,,,,,True,854,516,1080,838,False,,,,
18050,09:39.383,1,False,,,,,True,822,509,1045,827,False,,,,
18065,09:39.864,1,False,,,,,True,844,525,1068,842,False,,,,
18080,09:40.346,2,False,,,,,True,839,532,1062,851,True,569,1219,673,1290
18095,09:40.827,1,False,,,,,True,827,525,1052,846,False,,,,
18110,09:41.309,1,False,,,,,True,827,522,1053,842,False,,,,
18125,09:41.790,1,False,,,,,True,817,504,1041,821,False,,,,
18140,09:42.272,1,False,,,,,True,792,588,1017,903,False,,,,
18155,09:42.753,1,False,,,,,True,833,551,1057,867,False,,,,
18170,09:43.234,2,False,,,,,True,880,542,1099,862,True,607,1218,714,1284
18185,09:43.716,1,False,,,,,True,892,503,1114,816,False,,,,
18200,09:44.197,1,False,,,,,True,906,496,1128,816,False,,,,
18215,09:44.679,1,False,,,,,True,891,496,1114,814,False,,,,
18230,09:45.160,1,False,,,,,True,885,480,1108,806,False,,,,
18245,09:45.642,1,False,,,,,True,878,479,1103,806,False,,,,
18260,09:46.123,1,False,,,,,True,873,430,1099,762,False,,,,
18275,09:46.605,1,False,,,,,True,846,450,1074,782,False,,,,
18290,09:47.086,1,False,,,,,True,718,507,955,836,False,,,,
18305,09:47.568,1,False,,,,,True,561,596,798,933,False,,,,
18320,09:48.049,1,False,,,,,True,618,582,847,913,False,,,,
18335,09:48.531,1,False,,,,,True,751,593,967,924,False,,,,
18350,09:49.012,1,False,,,,,True,756,573,971,898,False,,,,
18365,09:49.494,1,False,,,,,True,756,567,974,898,False,,,,
18380,09:49.975,1,False,,,,,True,802,585,1020,903,False,,,,
18395,09:50.457,1,False,,,,,True,813,537,1032,861,False,,,,
18410,09:50.938,1,False,,,,,True,799,599,1020,921,False,,,,
18425,09:51.420,1,False,,,,,True,806,588,1026,911,False,,,,
18440,09:51.901,1,False,,,,,True,792,584,1010,902,False,,,,
18455,09:52.383,1,False,,,,,True,818,568,1030,887,False,,,,
18470,09:52.864,1,False,,,,,True,824,615,1038,934,False,,,,
18485,09:53.346,1,False,,,,,True,819,623,1033,948,False,,,,
18500,09:53.827,1,False,,,,,True,778,672,995,990,False,,,,
18515,09:54.309,1,False,,,,,True,775,678,994,998,False,,,,
18530,09:54.790,1,False,,,,,True,785,679,1001,1002,False,,,,
18545,09:55.272,1,False,,,,,True,759,681,974,1005,False,,,,
18560,09:55.753,1,False,,,,,True,790,655,1006,973,False,,,,
18575,09:56.234,1,False,,,,,True,1015,631,1224,940,False,,,,
18590,09:56.716,1,False,,,,,True,977,590,1192,912,False,,,,
18605,09:57.197,1,False,,,,,True,948,579,1163,886,False,,,,
18620,09:57.679,1,False,,,,,True,913,536,1134,848,False,,,,
18635,09:58.160,1,False,,,,,True,950,599,1165,910,False,,,,
18650,09:58.642,1,False,,,,,True,917,571,1141,880,False,,,,
18665,09:59.123,1,False,,,,,True,914,564,1137,873,False,,,,
18680,09:59.605,1,False,,,,,True,864,691,1088,1005,False,,,,
18695,10:00.086,1,False,,,,,True,811,668,1027,974,False,,,,
18710,10:00.568,1,False,,,,,True,847,643,1064,958,False,,,,
18725,10:01.049,1,False,,,,,True,857,568,1076,883,False,,,,
18740,10:01.531,1,False,,,,,True,818,591,1030,909,False,,,,
18755,10:02.012,1,False,,,,,True,500,643,734,986,False,,,,
18770,10:02.494,1,False,,,,,True,304,628,559,988,False,,,,
18785,10:02.975,1,False,,,,,True,275,643,537,1006,False,,,,
18800,10:03.457,1,False,,,,,True,353,676,603,1020,False,,,,
18815,10:03.938,1,False,,,,,True,294,644,550,1004,False,,,,
18830,10:04.420,1,False,,,,,True,370,647,617,999,False,,,,
18845,10:04.901,1,False,,,,,True,426,600,666,944,False,,,,
18860,10:05.383,1,False,,,,,True,454,568,693,910,False,,,,
18875,10:05.864,1,False,,,,,True,461,566,700,911,False,,,,
18890,10:06.346,1,False,,,,,True,398,604,647,961,False,,,,
18905,10:06.827,1,False,,,,,True,376,664,625,1021,False,,,,
18920,10:07.309,1,False,,,,,True,370,698,621,1059,False,,,,
18935,10:07.790,1,False,,,,,True,282,763,545,1136,False,,,,
18950,10:08.272,1,False,,,,,True,386,843,637,1206,False,,,,
18965,10:08.753,1,False,,,,,True,1124,1030,1339,1365,False,,,,
18980,10:09.234,1,False,,,,,True,1397,980,1631,1313,False,,,,
18995,10:09.716,1,False,,,,,True,1277,935,1511,1260,False,,,,
19010,10:10.197,1,False,,,,,True,1199,899,1432,1218,False,,,,
19025,10:10.679,1,False,,,,,True,1151,929,1382,1246,False,,,,
19040,10:11.160,1,False,,,,,True,1183,768,1413,1086,False,,,,
19055,10:11.642,1,False,,,,,True,1198,620,1422,937,False,,,,
19070,10:12.123,1,False,,,,,True,1172,586,1395,895,False,,,,
19085,10:12.605,1,False,,,,,True,1182,519,1411,843,False,,,,
19100,10:13.086,1,False,,,,,True,1169,528,1394,840,False,,,,
19115,10:13.568,1,False,,,,,True,1124,515,1354,832,False,,,,
19130,10:14.049,1,False,,,,,True,1179,591,1398,903,False,,,,
19145,10:14.531,1,False,,,,,True,1194,600,1424,915,False,,,,
19160,10:15.012,1,False,,,,,True,1175,614,1406,929,False,,,,
19175,10:15.494,1,False,,,,,True,1150,659,1371,969,False,,,,
19190,10:15.975,1,False,,,,,True,1076,667,1297,976,False,,,,
19205,10:16.457,1,False,,,,,True,993,677,1202,986,False,,,,
19220,10:16.938,1,False,,,,,True,1009,684,1218,993,False,,,,
19235,10:17.420,1,False,,,,,True,1003,795,1205,1106,False,,,,
19250,10:17.901,1,False,,,,,True,996,807,1199,1120,False,,,,
19265,10:18.383,1,False,,,,,True,1095,768,1301,1080,False,,,,
19280,10:18.864,1,False,,,,,True,1100,749,1306,1055,False,,,,
19295,10:19.346,1,False,,,,,True,1098,777,1309,1089,False,,,,
19310,10:19.827,1,False,,,,,True,1115,759,1325,1066,False,,,,
19325,10:20.309,1,False,,,,,True,1111,746,1321,1053,False,,,,
19340,10:20.790,1,False,,,,,True,1218,826,1440,1137,False,,,,
19355,10:21.272,1,False,,,,,True,1143,760,1364,1065,False,,,,
19370,10:21.753,1,False,,,,,True,1025,737,1247,1043,False,,,,
19385,10:22.234,1,False,,,,,True,893,802,1127,1114,False,,,,
19400,10:22.716,1,False,,,,,True,929,728,1153,1039,False,,,,
19415,10:23.197,1,False,,,,,True,906,720,1129,1029,False,,,,
19430,10:23.679,1,False,,,,,True,912,672,1137,982,False,,,,
19445,10:24.160,1,False,,,,,True,969,588,1193,905,False,,,,
19460,10:24.642,1,False,,,,,True,989,583,1208,889,False,,,,
19475,10:25.123,1,False,,,,,True,1038,593,1257,897,False,,,,
19490,10:25.605,1,False,,,,,True,1170,626,1387,930,False,,,,
19505,10:26.086,1,False,,,,,True,1154,570,1373,877,False,,,,
19520,10:26.568,1,False,,,,,True,1064,619,1287,927,False,,,,
19535,10:27.049,1,False,,,,,True,1000,570,1224,879,False,,,,
19550,10:27.531,1,False,,,,,True,1070,580,1280,886,False,,,,
19565,10:28.012,1,False,,,,,True,1124,573,1325,878,False,,,,
19580,10:28.494,1,False,,,,,True,1132,563,1336,868,False,,,,
19595,10:28.975,1,False,,,,,True,1129,542,1336,850,False,,,,
19610,10:29.457,1,False,,,,,True,1148,548,1355,854,False,,,,
19625,10:29.938,1,False,,,,,True,1150,558,1358,868,False,,,,
19640,10:30.420,1,False,,,,,True,1103,547,1316,855,False,,,,
19655,10:30.901,1,False,,,,,True,1121,553,1336,857,False,,,,
19670,10:31.383,1,False,,,,,True,1114,599,1329,903,False,,,,
19685,10:31.864,1,False,,,,,True,1141,592,1354,894,False,,,,
19700,10:32.346,1,False,,,,,True,1120,587,1320,890,False,,,,
19715,10:32.827,1,False,,,,,True,1166,575,1377,873,False,,,,
19730,10:33.309,1,False,,,,,True,1160,564,1370,870,False,,,,
19745,10:33.790,1,False,,,,,True,1127,563,1342,867,False,,,,
19760,10:34.272,1,False,,,,,True,1146,542,1354,846,False,,,,
19775,10:34.753,1,False,,,,,True,1137,507,1349,807,False,,,,
19790,10:35.234,1,False,,,,,True,1138,497,1351,808,False,,,,
19805,10:35.716,1,False,,,,,True,1139,494,1352,801,False,,,,
19820,10:36.197,1,False,,,,,True,1112,482,1327,791,False,,,,
19835,10:36.679,1,False,,,,,True,1117,476,1333,792,False,,,,
19850,10:37.160,1,False,,,,,True,1091,479,1307,794,False,,,,
19865,10:37.642,1,False,,,,,True,1092,470,1309,791,False,,,,
19880,10:38.123,1,False,,,,,True,1109,468,1323,790,False,,,,
19895,10:38.605,1,False,,,,,True,1118,469,1335,790,False,,,,
19910,10:39.086,1,False,,,,,True,1112,530,1325,839,False,,,,
19925,10:39.568,1,False,,,,,True,1101,508,1319,817,False,,,,
19940,10:40.049,1,False,,,,,True,1135,492,1348,804,False,,,,
19955,10:40.531,1,False,,,,,True,1118,472,1331,797,False,,,,
19970,10:41.012,1,False,,,,,True,1092,466,1307,788,False,,,,
19985,10:41.494,1,False,,,,,True,1103,457,1320,775,False,,,,
20000,10:41.975,1,False,,,,,True,1112,459,1323,770,False,,,,
20015,10:42.457,1,False,,,,,True,1125,443,1338,755,False,,,,
20030,10:42.938,1,False,,,,,True,1124,438,1337,750,False,,,,
20045,10:43.420,1,False,,,,,True,1134,429,1353,742,False,,,,
20060,10:43.901,1,False,,,,,True,1134,432,1353,747,False,,,,
20075,10:44.383,1,False,,,,,True,1119,432,1332,749,False,,,,
20090,10:44.864,1,False,,,,,True,1114,428,1328,747,False,,,,
20105,10:45.346,1,False,,,,,True,1120,426,1332,748,False,,,,
20120,10:45.827,1,False,,,,,True,1109,421,1322,747,False,,,,
20135,10:46.309,1,False,,,,,True,1105,422,1320,745,False,,,,
20150,10:46.790,1,False,,,,,True,1102,419,1320,738,False,,,,
20165,10:47.272,1,False,,,,,True,1123,404,1341,734,False,,,,
20180,10:47.753,1,False,,,,,True,1124,401,1341,729,False,,,,
20195,10:48.234,1,False,,,,,True,1112,406,1329,737,False,,,,
20210,10:48.716,2,False,,,,,True,1103,403,1324,728,True,834,1071,940,1140
20225,10:49.197,2,False,,,,,True,1109,398,1326,722,True,837,1059,943,1122
20240,10:49.679,1,False,,,,,True,1098,395,1318,719,False,,,,
20255,10:50.160,1,False,,,,,True,1112,420,1324,747,False,,,,
20270,10:50.642,1,False,,,,,True,1094,414,1311,737,False,,,,
20285,10:51.123,1,False,,,,,True,1114,559,1325,869,False,,,,
20300,10:51.605,1,False,,,,,True,1050,479,1263,786,False,,,,
20315,10:52.086,1,False,,,,,True,1030,442,1245,762,False,,,,
20330,10:52.568,1,False,,,,,True,1022,462,1238,779,False,,,,
20345,10:53.049,1,False,,,,,True,1041,473,1255,790,False,,,,
20360,10:53.531,1,False,,,,,True,1036,410,1250,737,False,,,,
20375,10:54.012,1,False,,,,,True,1061,368,1278,688,False,,,,
20390,10:54.494,1,False,,,,,True,1122,338,1341,661,False,,,,
20405,10:54.975,1,False,,,,,True,1153,319,1367,645,False,,,,
20420,10:55.457,1,False,,,,,True,1163,373,1373,695,False,,,,
20435,10:55.938,1,False,,,,,True,1107,582,1314,895,False,,,,
20450,10:56.420,1,False,,,,,True,1105,579,1308,882,False,,,,
20465,10:56.901,1,False,,,,,True,1174,770,1379,1069,False,,,,
20480,10:57.383,1,False,,,,,True,1233,752,1443,1054,False,,,,
20495,10:57.864,1,False,,,,,True,1275,759,1500,1065,False,,,,
20510,10:58.346,1,False,,,,,True,1260,705,1486,1002,False,,,,
20525,10:58.827,1,False,,,,,True,1260,679,1489,979,False,,,,
20540,10:59.309,1,False,,,,,True,1245,715,1473,1009,False,,,,
20555,10:59.790,1,False,,,,,True,1220,794,1451,1090,False,,,,
20570,11:00.272,1,False,,,,,True,1206,694,1435,992,False,,,,
20585,11:00.753,1,False,,,,,True,1224,627,1455,928,False,,,,
20600,11:01.234,1,False,,,,,True,1219,631,1448,931,False,,,,
20615,11:01.716,1,False,,,,,True,1242,633,1471,932,False,,,,
20630,11:02.197,1,False,,,,,True,1217,616,1448,916,False,,,,
20645,11:02.679,1,False,,,,,True,1225,619,1453,915,False,,,,
20660,11:03.160,1,False,,,,,True,1195,635,1427,941,False,,,,
20675,11:03.642,1,False,,,,,True,1198,604,1431,908,False,,,,
20690,11:04.123,1,False,,,,,True,1191,623,1423,928,False,,,,
20705,11:04.605,1,False,,,,,True,1169,602,1397,907,False,,,,
20720,11:05.086,1,False,,,,,True,1159,561,1386,859,False,,,,
20735,11:05.568,1,False,,,,,True,1129,527,1362,836,False,,,,
20750,11:06.049,1,False,,,,,True,1145,538,1369,841,False,,,,
20765,11:06.531,1,False,,,,,True,1139,535,1364,844,False,,,,
20780,11:07.012,1,False,,,,,True,1136,521,1363,826,False,,,,
20795,11:07.494,1,False,,,,,True,1133,507,1357,810,False,,,,
20810,11:07.975,1,False,,,,,True,1165,585,1387,885,False,,,,
20825,11:08.457,1,False,,,,,True,1039,595,1254,893,False,,,,
20840,11:08.938,1,False,,,,,True,1016,518,1236,824,False,,,,
20855,11:09.420,2,False,,,,,True,829,453,1057,776,True,592,1158,708,1234
20870,11:09.901,1,False,,,,,True,842,417,1069,742,False,,,,
20885,11:10.383,1,False,,,,,True,909,447,1134,759,False,,,,
20900,11:10.864,1,False,,,,,True,920,439,1142,752,False,,,,
20915,11:11.346,2,False,,,,,True,920,416,1148,731,True,684,1094,801,1169
20930,11:11.827,1,False,,,,,True,940,531,1160,838,False,,,,
20945,11:12.309,1,False,,,,,True,873,497,1098,815,False,,,,
20960,11:12.790,1,False,,,,,True,861,463,1090,782,False,,,,
20975,11:13.272,1,False,,,,,True,882,511,1109,824,False,,,,
20990,11:13.753,1,False,,,,,True,772,449,1013,771,False,,,,
21005,11:14.234,2,False,,,,,True,828,401,1064,733,True,601,1097,710,1169
21020,11:14.716,1,False,,,,,True,857,441,1088,763,False,,,,
21035,11:15.197,1,False,,,,,True,1059,506,1272,811,False,,,,
21050,11:15.679,1,False,,,,,True,1064,469,1281,777,False,,,,
21065,11:16.160,1,False,,,,,True,1044,472,1265,777,False,,,,
21080,11:16.642,1,False,,,,,True,1043,545,1267,845,False,,,,
21095,11:17.123,1,False,,,,,True,1151,803,1373,1106,False,,,,
21110,11:17.605,1,False,,,,,True,1278,874,1509,1175,False,,,,
21125,11:18.086,1,False,,,,,True,1338,881,1576,1186,False,,,,
21140,11:18.568,1,False,,,,,True,1336,791,1573,1097,False,,,,
21155,11:19.049,1,False,,,,,True,1322,762,1559,1072,False,,,,
21170,11:19.531,1,False,,,,,True,1318,756,1556,1064,False,,,,
21185,11:20.012,1,False,,,,,True,1305,717,1545,1024,False,,,,
21200,11:20.494,1,False,,,,,True,1293,741,1524,1044,False,,,,
21215,11:20.975,1,False,,,,,True,1242,754,1479,1061,False,,,,
21230,11:21.457,1,False,,,,,True,1197,557,1427,864,False,,,,
21245,11:21.938,1,False,,,,,True,1204,466,1430,780,False,,,,
21260,11:22.420,1,False,,,,,True,1199,455,1427,776,False,,,,
21275,11:22.901,1,False,,,,,True,1213,449,1434,758,False,,,,
21290,11:23.383,1,False,,,,,True,1211,433,1433,742,False,,,,
21305,11:23.864,1,False,,,,,True,1198,407,1420,724,False,,,,
21320,11:24.346,1,False,,,,,True,1199,411,1420,737,False,,,,
21335,11:24.827,1,False,,,,,True,1210,433,1433,751,False,,,,
21350,11:25.309,2,False,,,,,True,1222,404,1448,731,True,990,1072,1091,1142
21365,11:25.790,1,False,,,,,True,1239,404,1461,732,False,,,,
21380,11:26.272,1,False,,,,,True,1228,395,1449,715,False,,,,
21395,11:26.753,1,False,,,,,True,1208,390,1432,716,False,,,,
21410,11:27.234,1,False,,,,,True,1178,453,1398,766,False,,,,
21425,11:27.716,2,False,,,,,True,1154,423,1374,733,True,919,1083,1022,1155
21440,11:28.197,1,False,,,,,True,1157,434,1376,745,False,,,,
21455,11:28.679,1,False,,,,,True,1157,420,1377,734,False,,,,
21470,11:29.160,2,False,,,,,True,1178,400,1397,717,True,920,1055,1024,1124
21485,11:29.642,1,False,,,,,True,1180,395,1399,711,False,,,,
21500,11:30.123,1,False,,,,,True,1206,355,1428,678,False,,,,
21515,11:30.605,1,False,,,,,True,1190,410,1406,733,False,,,,
21530,11:31.086,1,False,,,,,True,1176,396,1396,714,False,,,,
21545,11:31.568,1,False,,,,,True,1177,407,1397,729,False,,,,
21560,11:32.049,1,False,,,,,True,1173,420,1390,736,False,,,,
21575,11:32.531,1,False,,,,,True,1179,422,1396,735,False,,,,
21590,11:33.012,1,False,,,,,True,1183,411,1400,731,False,,,,
21605,11:33.494,1,False,,,,,True,1183,402,1401,722,False,,,,
21620,11:33.975,1,False,,,,,True,1177,370,1395,689,False,,,,
21635,11:34.457,1,False,,,,,True,1186,372,1407,692,False,,,,
21650,11:34.938,1,False,,,,,True,1187,496,1402,807,False,,,,
21665,11:35.420,1,False,,,,,True,1169,470,1382,773,False,,,,
21680,11:35.901,1,False,,,,,True,1168,389,1389,703,False,,,,
21695,11:36.383,1,False,,,,,True,1146,434,1367,748,False,,,,
21710,11:36.864,1,False,,,,,True,1147,438,1368,750,False,,,,
21725,11:37.346,1,False,,,,,True,1168,477,1382,780,False,,,,
21740,11:37.827,1,False,,,,,True,1141,417,1360,732,False,,,,
21755,11:38.309,1,False,,,,,True,1043,462,1262,768,False,,,,
21770,11:38.790,1,False,,,,,True,1084,477,1306,796,False,,,,
21785,11:39.272,1,False,,,,,True,1086,548,1306,855,False,,,,
21800,11:39.753,1,False,,,,,True,1088,533,1311,845,False,,,,
21815,11:40.234,2,False,,,,,True,1062,518,1278,824,True,809,1178,916,1250
21830,11:40.716,1,False,,,,,True,1070,507,1289,816,False,,,,
21845,11:41.197,1,False,,,,,True,1051,518,1264,818,False,,,,
21860,11:41.679,1,False,,,,,True,1026,507,1241,812,False,,,,
21875,11:42.160,1,False,,,,,True,1027,494,1238,797,False,,,,
21890,11:42.642,1,False,,,,,True,975,467,1194,783,False,,,,
21905,11:43.123,1,False,,,,,True,952,449,1170,761,False,,,,
21920,11:43.605,1,False,,,,,True,856,459,1081,781,False,,,,
21935,11:44.086,1,False,,,,,True,833,494,1054,811,False,,,,
21950,11:44.568,1,False,,,,,True,846,505,1068,823,False,,,,
21965,11:45.049,2,False,,,,,True,931,551,1145,858,True,662,1217,764,1279
21980,11:45.531,1,False,,,,,True,1124,528,1343,840,False,,,,
21995,11:46.012,1,False,,,,,True,1184,420,1401,743,False,,,,
22010,11:46.494,1,False,,,,,True,1176,376,1400,698,False,,,,
22025,11:46.975,1,False,,,,,True,1192,385,1421,710,False,,,,
22040,11:47.457,1,False,,,,,True,1146,489,1364,799,False,,,,
22055,11:47.938,1,False,,,,,True,1172,509,1386,814,False,,,,
22070,11:48.420,1,False,,,,,True,1130,506,1349,812,False,,,,
22085,11:48.901,1,False,,,,,True,1125,512,1341,819,False,,,,
22100,11:49.383,1,False,,,,,True,1096,449,1316,759,False,,,,
22115,11:49.864,1,False,,,,,True,1119,431,1337,748,False,,,,
22130,11:50.346,1,False,,,,,True,1079,430,1296,745,False,,,,
22145,11:50.827,1,False,,,,,True,1051,469,1266,772,False,,,,
22160,11:51.309,1,False,,,,,True,1058,482,1273,795,False,,,,
22175,11:51.790,1,False,,,,,True,1053,498,1264,803,False,,,,
22190,11:52.271,1,False,,,,,True,1046,496,1259,804,False,,,,
22205,11:52.753,1,False,,,,,True,1038,594,1253,892,False,,,,
22220,11:53.234,1,False,,,,,True,1182,877,1403,1180,False,,,,
22235,11:53.716,1,False,,,,,True,1111,912,1335,1223,False,,,,
22250,11:54.197,1,False,,,,,True,1037,856,1254,1167,False,,,,
22265,11:54.679,1,False,,,,,True,1123,840,1338,1150,False,,,,
22280,11:55.160,1,False,,,,,True,1246,812,1468,1119,False,,,,
22295,11:55.642,1,False,,,,,True,1227,829,1449,1138,False,,,,
22310,11:56.123,1,False,,,,,True,1235,742,1458,1048,False,,,,
22325,11:56.605,1,False,,,,,True,1206,736,1430,1045,False,,,,
22340,11:57.086,1,False,,,,,True,1215,623,1439,933,False,,,,
22355,11:57.568,1,False,,,,,True,1210,622,1433,933,False,,,,
22370,11:58.049,1,False,,,,,True,1185,601,1406,905,False,,,,
22385,11:58.531,1,False,,,,,True,1165,577,1382,875,False,,,,
22400,11:59.012,1,False,,,,,True,1145,559,1369,869,False,,,,
22415,11:59.494,1,False,,,,,True,1141,543,1363,853,False,,,,
22430,11:59.975,1,False,,,,,True,1134,539,1356,846,False,,,,
22445,12:00.457,1,False,,,,,True,1136,555,1359,856,False,,,,
22460,12:00.938,1,False,,,,,True,1348,752,1582,1058,False,,,,
22475,12:01.420,1,False,,,,,True,1164,828,1390,1125,False,,,,
22490,12:01.901,1,False,,,,,True,920,956,1142,1266,False,,,,
22505,12:02.383,1,False,,,,,True,863,722,1086,1029,False,,,,
22520,12:02.864,1,False,,,,,True,888,631,1106,940,False,,,,
22535,12:03.346,1,False,,,,,True,923,579,1144,880,False,,,,
22550,12:03.827,1,False,,,,,True,940,566,1160,871,False,,,,
22565,12:04.309,1,False,,,,,True,889,614,1118,919,False,,,,
22580,12:04.790,1,False,,,,,True,905,590,1130,896,False,,,,
22595,12:05.271,1,False,,,,,True,904,574,1130,882,False,,,,
22610,12:05.753,1,False,,,,,True,902,567,1127,874,False,,,,
22625,12:06.234,1,False,,,,,True,885,547,1119,855,False,,,,
22640,12:06.716,1,False,,,,,True,884,525,1114,837,False,,,,
22655,12:07.197,1,False,,,,,True,892,499,1118,808,False,,,,
22670,12:07.679,2,False,,,,,True,951,504,1181,821,True,707,1182,824,1256
22685,12:08.160,1,False,,,,,True,975,482,1203,801,False,,,,
22700,12:08.642,1,False,,,,,True,938,493,1160,808,False,,,,
22715,12:09.123,1,False,,,,,True,948,486,1177,802,False,,,,
22730,12:09.605,1,False,,,,,True,962,568,1186,874,False,,,,
22745,12:10.086,1,False,,,,,True,942,522,1172,828,False,,,,
22760,12:10.568,1,False,,,,,True,934,562,1161,867,False,,,,
22775,12:11.049,1,False,,,,,True,1154,657,1370,969,False,,,,
22790,12:11.531,1,False,,,,,True,1178,591,1384,906,False,,,,
22805,12:12.012,1,False,,,,,True,1163,553,1374,861,False,,,,
22820,12:12.494,1,False,,,,,True,1136,543,1349,854,False,,,,
22835,12:12.975,1,False,,,,,True,1120,573,1338,883,False,,,,
22850,12:13.457,1,False,,,,,True,1130,536,1349,849,False,,,,
22865,12:13.938,1,False,,,,,True,1096,607,1319,913,False,,,,
22880,12:14.420,1,False,,,,,True,1025,608,1253,922,False,,,,
22895,12:14.901,1,False,,,,,True,975,565,1207,880,False,,,,
22910,12:15.383,1,False,,,,,True,1039,577,1261,881,False,,,,
22925,12:15.864,1,False,,,,,True,1174,534,1389,850,False,,,,
22940,12:16.346,1,False,,,,,True,1180,487,1393,805,False,,,,
22955,12:16.827,1,False,,,,,True,1134,444,1356,760,False,,,,
22970,12:17.309,1,False,,,,,True,1129,424,1349,747,False,,,,
22985,12:17.790,1,False,,,,,True,1079,415,1295,737,False,,,,
23000,12:18.271,1,False,,,,,True,1077,420,1292,743,False,,,,
23015,12:18.753,1,False,,,,,True,1069,425,1286,748,False,,,,
23030,12:19.234,1,False,,,,,True,1064,421,1280,743,False,,,,
23045,12:19.716,1,False,,,,,True,1068,402,1290,724,False,,,,
23060,12:20.197,1,False,,,,,True,1058,408,1277,733,False,,,,
23075,12:20.679,1,False,,,,,True,1051,410,1269,734,False,,,,
23090,12:21.160,1,False,,,,,True,1050,386,1269,704,False,,,,
23105,12:21.642,1,False,,,,,True,1047,395,1265,712,False,,,,
23120,12:22.123,1,False,,,,,True,1046,356,1268,683,False,,,,
23135,12:22.605,1,False,,,,,True,1003,432,1225,753,False,,,,
23150,12:23.086,1,False,,,,,True,1007,461,1224,780,False,,,,
23165,12:23.568,1,False,,,,,True,1029,479,1247,795,False,,,,
23180,12:24.049,1,False,,,,,True,1024,484,1240,798,False,,,,
23195,12:24.531,1,False,,,,,True,998,449,1218,772,False,,,,
23210,12:25.012,1,False,,,,,True,1050,449,1266,762,False,,,,
23225,12:25.494,1,False,,,,,True,1023,451,1241,764,False,,,,
23240,12:25.975,1,False,,,,,True,982,593,1203,903,False,,,,
23255,12:26.457,1,False,,,,,True,843,593,1065,908,False,,,,
23270,12:26.938,1,False,,,,,True,922,545,1134,852,False,,,,
23285,12:27.420,1,False,,,,,True,941,517,1150,825,False,,,,
23300,12:27.901,1,False,,,,,True,931,488,1140,805,False,,,,
23315,12:28.383,1,False,,,,,True,966,464,1182,786,False,,,,
23330,12:28.864,1,False,,,,,True,973,461,1192,789,False,,,,
23345,12:29.346,1,False,,,,,True,1056,516,1267,826,False,,,,
23360,12:29.827,1,False,,,,,True,1098,536,1310,856,False,,,,
23375,12:30.309,1,False,,,,,True,1174,602,1379,913,False,,,,
23390,12:30.790,1,False,,,,,True,1276,569,1486,883,False,,,,
23405,12:31.271,1,False,,,,,True,1336,537,1547,866,False,,,,
23420,12:31.753,1,False,,,,,True,1293,496,1502,820,False,,,,
23435,12:32.234,1,False,,,,,True,1279,532,1494,849,False,,,,
23450,12:32.716,1,False,,,,,True,1268,540,1481,856,False,,,,
23465,12:33.197,1,False,,,,,True,1275,499,1492,818,False,,,,
23480,12:33.679,1,False,,,,,True,1275,460,1493,777,False,,,,
23495,12:34.160,1,False,,,,,True,1324,418,1539,741,False,,,,
23510,12:34.642,1,False,,,,,True,1368,440,1595,762,False,,,,
23525,12:35.123,1,False,,,,,True,1358,430,1585,754,False,,,,
23540,12:35.605,1,False,,,,,True,1325,458,1546,786,False,,,,
23555,12:36.086,1,False,,,,,True,1243,466,1459,790,False,,,,
23570,12:36.568,1,False,,,,,True,1195,468,1408,786,False,,,,
23585,12:37.049,1,False,,,,,True,1152,476,1363,794,False,,,,
23600,12:37.531,1,False,,,,,True,1136,469,1347,786,False,,,,
23615,12:38.012,1,False,,,,,True,1140,457,1354,772,False,,,,
23630,12:38.494,2,False,,,,,True,1089,426,1301,749,True,819,1085,918,1145
23645,12:38.975,1,False,,,,,True,1043,427,1257,746,False,,,,
23660,12:39.457,1,False,,,,,True,1025,414,1241,738,False,,,,
23675,12:39.938,1,False,,,,,True,1028,425,1244,747,False,,,,
23690,12:40.420,1,False,,,,,True,1035,430,1252,747,False,,,,
23705,12:40.901,2,False,,,,,True,989,423,1201,744,True,723,1091,823,1168
23720,12:41.383,1,False,,,,,True,991,435,1204,754,False,,,,
23735,12:41.864,1,False,,,,,True,998,448,1212,767,False,,,,
23750,12:42.346,2,False,,,,,True,962,438,1180,764,True,694,1118,797,1185
23765,12:42.827,1,False,,,,,True,884,344,1114,674,False,,,,
23780,12:43.309,1,False,,,,,True,918,373,1143,696,False,,,,
23795,12:43.790,1,False,,,,,True,983,387,1205,709,False,,,,
23810,12:44.271,1,False,,,,,True,987,400,1208,731,False,,,,
23825,12:44.753,1,False,,,,,True,983,403,1204,731,False,,,,
23840,12:45.234,1,False,,,,,True,992,485,1206,808,False,,,,
23855,12:45.716,1,False,,,,,True,1000,425,1218,747,False,,,,
23870,12:46.197,1,False,,,,,True,1043,455,1261,764,False,,,,
23885,12:46.679,1,False,,,,,True,1080,390,1297,712,False,,,,
23900,12:47.160,1,False,,,,,True,1162,363,1377,684,False,,,,
23915,12:47.642,2,False,,,,,True,1130,328,1352,650,True,886,985,970,1048
23930,12:48.123,1,False,,,,,True,1116,381,1328,699,False,,,,
23945,12:48.605,1,False,,,,,True,1031,368,1246,683,False,,,,
23960,12:49.086,1,False,,,,,True,1091,442,1298,760,False,,,,
23975,12:49.568,1,False,,,,,True,1210,458,1417,776,False,,,,
23990,12:50.049,1,False,,,,,True,1177,440,1381,753,False,,,,
24005,12:50.531,1,False,,,,,True,1180,429,1388,744,False,,,,
24020,12:51.012,1,False,,,,,True,1164,411,1374,730,False,,,,
24035,12:51.494,1,False,,,,,True,1145,428,1354,746,False,,,,
24050,12:51.975,1,False,,,,,True,1098,424,1306,744,False,,,,
24065,12:52.457,1,False,,,,,True,1085,436,1293,756,False,,,,
24080,12:52.938,1,False,,,,,True,1051,459,1260,764,False,,,,
24095,12:53.420,1,False,,,,,True,1043,450,1254,758,False,,,,
24110,12:53.901,1,False,,,,,True,1065,455,1267,767,False,,,,
24125,12:54.383,1,False,,,,,True,1073,454,1281,766,False,,,,
24140,12:54.864,1,False,,,,,True,1052,459,1259,768,False,,,,
24155,12:55.346,1,False,,,,,True,1065,458,1271,765,False,,,,
24170,12:55.827,1,False,,,,,True,1074,451,1279,768,False,,,,
24185,12:56.309,1,False,,,,,True,1056,451,1261,768,False,,,,
24200,12:56.790,1,False,,,,,True,1041,440,1250,754,False,,,,
24215,12:57.271,1,False,,,,,True,1047,431,1255,750,False,,,,
24230,12:57.753,1,False,,,,,True,1040,409,1251,735,False,,,,
24245,12:58.234,1,False,,,,,True,1037,395,1249,713,False,,,,
24260,12:58.716,2,False,,,,,True,1080,443,1288,761,True,782,1088,880,1164
24275,12:59.197,1,False,,,,,True,1099,457,1310,782,False,,,,
24290,12:59.679,2,False,,,,,True,1076,449,1283,771,True,775,1093,882,1164
24305,13:00.160,1,False,,,,,True,1091,416,1296,747,False,,,,
24320,13:00.642,1,False,,,,,True,1139,406,1346,732,False,,,,
24335,13:01.123,1,False,,,,,True,1116,480,1326,799,False,,,,
24350,13:01.605,1,False,,,,,True,1087,458,1294,772,False,,,,
24365,13:02.086,2,False,,,,,True,1078,434,1286,755,True,781,1090,882,1167
24380,13:02.568,1,False,,,,,True,1084,422,1290,743,False,,,,
24395,13:03.049,1,False,,,,,True,1096,427,1303,750,False,,,,
24410,13:03.531,1,False,,,,,True,1115,407,1323,738,False,,,,
24425,13:04.012,2,False,,,,,True,1362,396,1565,714,True,803,1053,904,1122
24440,13:04.494,1,False,,,,,True,1387,405,1595,730,False,,,,
24455,13:04.975,1,False,,,,,True,1359,349,1534,630,False,,,,
24470,13:05.457,2,False,,,,,True,1421,358,1587,626,True,803,1029,906,1095
24485,13:05.938,1,False,,,,,True,1445,382,1608,644,False,,,,
24500,13:06.420,2,False,,,,,True,1484,395,1649,645,True,871,1066,976,1135
24515,13:06.901,2,False,,,,,True,1488,428,1652,686,True,871,1095,969,1165
24530,13:07.383,1,False,,,,,True,1487,448,1650,692,False,,,,
24545,13:07.864,2,False,,,,,True,1395,458,1556,697,True,820,1158,927,1223
24560,13:08.346,1,False,,,,,True,1392,411,1555,657,False,,,,
24575,13:08.827,1,False,,,,,True,1440,427,1601,672,False,,,,
24590,13:09.309,2,False,,,,,True,1400,426,1561,674,True,820,1127,910,1191
24605,13:09.790,2,False,,,,,True,1370,397,1531,644,True,799,1097,905,1163
24620,13:10.271,2,False,,,,,True,1360,396,1520,637,True,786,1095,889,1162
24635,13:10.753,2,False,,,,,True,1390,384,1551,635,True,813,1086,914,1150
24650,13:11.234,2,False,,,,,True,1387,373,1548,623,True,806,1082,902,1156
24665,13:11.716,1,False,,,,,True,1401,372,1564,622,False,,,,
24680,13:12.197,1,False,,,,,True,1403,368,1568,618,False,,,,
24695,13:12.679,1,False,,,,,True,1389,357,1553,608,False,,,,
24710,13:13.160,1,False,,,,,True,1404,356,1567,607,False,,,,
24725,13:13.642,1,False,,,,,True,1423,445,1585,686,False,,,,
24740,13:14.123,2,False,,,,,True,1391,295,1555,550,True,815,994,914,1060
24755,13:14.605,2,False,,,,,True,1402,333,1563,580,True,823,1024,914,1085
24770,13:15.086,2,False,,,,,True,1404,344,1565,593,True,824,1045,922,1107
24785,13:15.568,2,False,,,,,True,1399,352,1561,609,True,812,1057,917,1123
24800,13:16.049,1,False,,,,,True,1410,352,1571,598,False,,,,
24815,13:16.531,1,False,,,,,True,1421,367,1582,623,False,,,,
24830,13:17.012,1,False,,,,,True,1418,373,1578,628,False,,,,
24845,13:17.494,1,False,,,,,True,1420,366,1582,620,False,,,,
24860,13:17.975,2,False,,,,,True,1455,387,1619,640,True,868,1083,966,1153
24875,13:18.457,1,False,,,,,True,1530,453,1691,700,False,,,,
24890,13:18.938,1,False,,,,,True,1865,644,2054,896,False,,,,
24905,13:19.420,1,False,,,,,True,1705,641,1881,881,False,,,,
24920,13:19.901,1,False,,,,,True,1376,604,1529,838,False,,,,
24935,13:20.383,1,False,,,,,True,1453,545,1611,779,False,,,,
24950,13:20.864,1,False,,,,,True,1492,516,1651,755,False,,,,
24965,13:21.346,1,False,,,,,True,1495,499,1655,742,False,,,,
24980,13:21.827,1,False,,,,,True,1484,486,1644,726,False,,,,
24995,13:22.309,1,False,,,,,True,1494,482,1654,722,False,,,,
25010,13:22.790,1,False,,,,,True,1491,461,1653,703,False,,,,
25025,13:23.271,2,False,,,,,True,1498,408,1662,658,True,903,1094,1003,1158
25040,13:23.753,1,False,,,,,True,1474,389,1636,639,False,,,,
25055,13:24.234,1,False,,,,,True,1475,433,1639,678,False,,,,
25070,13:24.716,1,False,,,,,True,1470,424,1632,669,False,,,,
25085,13:25.197,1,False,,,,,True,1437,417,1599,664,False,,,,
25100,13:25.679,1,False,,,,,True,1432,410,1593,655,False,,,,
25115,13:26.160,1,False,,,,,True,1439,411,1601,656,False,,,,
25130,13:26.642,1,False,,,,,True,1425,405,1584,650,False,,,,
25145,13:27.123,1,False,,,,,True,1441,397,1605,646,False,,,,
25160,13:27.605,1,False,,,,,True,1442,392,1606,645,False,,,,
25175,13:28.086,1,False,,,,,True,1445,389,1610,640,False,,,,
25190,13:28.568,1,False,,,,,True,1462,445,1626,691,False,,,,
25205,13:29.049,1,False,,,,,True,1488,418,1654,670,False,,,,
25220,13:29.531,1,False,,,,,True,1481,411,1645,656,False,,,,
25235,13:30.012,1,False,,,,,True,1468,406,1634,654,False,,,,
25250,13:30.494,2,False,,,,,True,1460,389,1626,643,True,921,1108,1004,1171
25265,13:30.975,2,False,,,,,True,1489,388,1654,640,True,922,1096,1026,1161
25280,13:31.457,2,False,,,,,True,1476,377,1644,629,True,922,1094,1021,1159
25295,13:31.938,2,False,,,,,True,1484,376,1653,630,True,920,1095,1024,1161
25310,13:32.420,1,False,,,,,True,1416,391,1580,643,False,,,,
25325,13:32.901,1,False,,,,,True,1417,359,1581,613,False,,,,
25340,13:33.383,1,False,,,,,True,1402,219,1570,483,False,,,,
25355,13:33.864,1,False,,,,,True,1418,212,1585,477,False,,,,
25370,13:34.346,1,False,,,,,True,1463,267,1631,529,False,,,,
25385,13:34.827,1,False,,,,,True,1477,339,1643,593,False,,,,
25400,13:35.309,2,False,,,,,True,1497,366,1666,625,True,903,1058,1004,1123
25415,13:35.790,1,False,,,,,True,1214,374,1359,600,False,,,,
25430,13:36.271,1,False,,,,,True,1141,528,1313,796,False,,,,
25445,13:36.753,0,False,,,,,False,,,,,False,,,,
25460,13:37.234,0,False,,,,,False,,,,,False,,,,
25475,13:37.716,0,False,,,,,False,,,,,False,,,,
25490,13:38.197,0,False,,,,,False,,,,,False,,,,
25505,13:38.679,0,False,,,,,False,,,,,False,,,,
25520,13:39.160,0,False,,,,,False,,,,,False,,,,
25535,13:39.642,0,False,,,,,False,,,,,False,,,,
25550,13:40.123,0,False,,,,,False,,,,,False,,,,
25565,13:40.605,0,False,,,,,False,,,,,False,,,,
25580,13:41.086,0,False,,,,,False,,,,,False,,,,
25595,13:41.568,0,False,,,,,False,,,,,False,,,,
25610,13:42.049,0,False,,,,,False,,,,,False,,,,
25625,13:42.531,0,False,,,,,False,,,,,False,,,,
25640,13:43.012,0,False,,,,,False,,,,,False,,,,
25655,13:43.494,0,False,,,,,False,,,,,False,,,,
25670,13:43.975,0,False,,,,,False,,,,,False,,,,
25685,13:44.457,0,False,,,,,False,,,,,False,,,,
25700,13:44.938,0,False,,,,,False,,,,,False,,,,
25715,13:45.420,0,False,,,,,False,,,,,False,,,,
25730,13:45.901,0,False,,,,,False,,,,,False,,,,
25745,13:46.383,0,False,,,,,False,,,,,False,,,,
25760,13:46.864,0,False,,,,,False,,,,,False,,,,
25775,13:47.346,0,False,,,,,False,,,,,False,,,,
25790,13:47.827,0,False,,,,,False,,,,,False,,,,
25805,13:48.309,0,False,,,,,False,,,,,False,,,,
25820,13:48.790,0,False,,,,,False,,,,,False,,,,
25835,13:49.271,0,False,,,,,False,,,,,False,,,,
25850,13:49.753,0,False,,,,,False,,,,,False,,,,
25865,13:50.234,0,False,,,,,False,,,,,False,,,,
25880,13:50.716,0,False,,,,,False,,,,,False,,,,
25895,13:51.197,0,False,,,,,False,,,,,False,,,,
25910,13:51.679,0,False,,,,,False,,,,,False,,,,
25925,13:52.160,0,False,,,,,False,,,,,False,,,,
25940,13:52.642,0,False,,,,,False,,,,,False,,,,
25955,13:53.123,0,False,,,,,False,,,,,False,,,,
25970,13:53.605,0,False,,,,,False,,,,,False,,,,
25985,13:54.086,0,False,,,,,False,,,,,False,,,,
26000,13:54.568,0,False,,,,,False,,,,,False,,,,
26015,13:55.049,0,False,,,,,False,,,,,False,,,,
26030,13:55.531,0,False,,,,,False,,,,,False,,,,
26045,13:56.012,0,False,,,,,False,,,,,False,,,,
26060,13:56.494,0,False,,,,,False,,,,,False,,,,
26075,13:56.975,0,False,,,,,False,,,,,False,,,,
26090,13:57.457,0,False,,,,,False,,,,,False,,,,
26105,13:57.938,0,False,,,,,False,,,,,False,,,,
26120,13:58.420,0,False,,,,,False,,,,,False,,,,
26135,13:58.901,0,False,,,,,False,,,,,False,,,,
26150,13:59.383,0,False,,,,,False,,,,,False,,,,
26165,13:59.864,0,False,,,,,False,,,,,False,,,,
26180,14:00.346,0,False,,,,,False,,,,,False,,,,
26195,14:00.827,0,False,,,,,False,,,,,False,,,,
26210,14:01.309,0,False,,,,,False,,,,,False,,,,
26225,14:01.790,0,False,,,,,False,,,,,False,,,,
26240,14:02.271,0,False,,,,,False,,,,,False,,,,
26255,14:02.753,0,False,,,,,False,,,,,False,,,,
26270,14:03.234,0,False,,,,,False,,,,,False,,,,
26285,14:03.716,0,False,,,,,False,,,,,False,,,,
26300,14:04.197,0,False,,,,,False,,,,,False,,,,
26315,14:04.679,0,False,,,,,False,,,,,False,,,,
26330,14:05.160,0,False,,,,,False,,,,,False,,,,
26345,14:05.642,0,False,,,,,False,,,,,False,,,,
26360,14:06.123,0,False,,,,,False,,,,,False,,,,
26375,14:06.605,0,False,,,,,False,,,,,False,,,,
26390,14:07.086,0,False,,,,,False,,,,,False,,,,
26405,14:07.568,0,False,,,,,False,,,,,False,,,,
26420,14:08.049,0,False,,,,,False,,,,,False,,,,
26435,14:08.531,0,False,,,,,False,,,,,False,,,,
26450,14:09.012,0,False,,,,,False,,,,,False,,,,
26465,14:09.494,0,False,,,,,False,,,,,False,,,,
26480,14:09.975,0,False,,,,,False,,,,,False,,,,
26495,14:10.457,0,False,,,,,False,,,,,False,,,,
26510,14:10.938,0,False,,,,,False,,,,,False,,,,
26525,14:11.420,0,False,,,,,False,,,,,False,,,,
26540,14:11.901,0,False,,,,,False,,,,,False,,,,
26555,14:12.383,0,False,,,,,False,,,,,False,,,,
26570,14:12.864,0,False,,,,,False,,,,,False,,,,
26585,14:13.346,0,False,,,,,False,,,,,False,,,,
26600,14:13.827,0,False,,,,,False,,,,,False,,,,
26615,14:14.309,0,False,,,,,False,,,,,False,,,,
26630,14:14.790,0,False,,,,,False,,,,,False,,,,
26645,14:15.271,0,False,,,,,False,,,,,False,,,,
26660,14:15.753,0,False,,,,,False,,,,,False,,,,
26675,14:16.234,0,False,,,,,False,,,,,False,,,,
26690,14:16.716,0,False,,,,,False,,,,,False,,,,
26705,14:17.197,0,False,,,,,False,,,,,False,,,,
26720,14:17.679,0,False,,,,,False,,,,,False,,,,
26735,14:18.160,0,False,,,,,False,,,,,False,,,,
26750,14:18.642,0,False,,,,,False,,,,,False,,,,
26765,14:19.123,0,False,,,,,False,,,,,False,,,,
26780,14:19.605,0,False,,,,,False,,,,,False,,,,
26795,14:20.086,0,False,,,,,False,,,,,False,,,,
26810,14:20.568,0,False,,,,,False,,,,,False,,,,
26825,14:21.049,0,False,,,,,False,,,,,False,,,,
26840,14:21.531,0,False,,,,,False,,,,,False,,,,
26855,14:22.012,0,False,,,,,False,,,,,False,,,,
26870,14:22.494,0,False,,,,,False,,,,,False,,,,
26885,14:22.975,0,False,,,,,False,,,,,False,,,,
26900,14:23.457,0,False,,,,,False,,,,,False,,,,
26915,14:23.938,0,False,,,,,False,,,,,False,,,,
26930,14:24.420,0,False,,,,,False,,,,,False,,,,
26945,14:24.901,0,False,,,,,False,,,,,False,,,,
26960,14:25.383,0,False,,,,,False,,,,,False,,,,
26975,14:25.864,0,False,,,,,False,,,,,False,,,,
26990,14:26.346,0,False,,,,,False,,,,,False,,,,
27005,14:26.827,0,False,,,,,False,,,,,False,,,,
27020,14:27.309,0,False,,,,,False,,,,,False,,,,
27035,14:27.790,0,False,,,,,False,,,,,False,,,,
27050,14:28.271,0,False,,,,,False,,,,,False,,,,
27065,14:28.753,0,False,,,,,False,,,,,False,,,,
27080,14:29.234,0,False,,,,,False,,,,,False,,,,
27095,14:29.716,0,False,,,,,False,,,,,False,,,,
27110,14:30.197,0,False,,,,,False,,,,,False,,,,
27125,14:30.679,0,False,,,,,False,,,,,False,,,,
27140,14:31.160,0,False,,,,,False,,,,,False,,,,
27155,14:31.642,0,False,,,,,False,,,,,False,,,,
27170,14:32.123,0,False,,,,,False,,,,,False,,,,
27185,14:32.605,0,False,,,,,False,,,,,False,,,,
27200,14:33.086,0,False,,,,,False,,,,,False,,,,
27215,14:33.568,0,False,,,,,False,,,,,False,,,,
27230,14:34.049,0,False,,,,,False,,,,,False,,,,
27245,14:34.531,0,False,,,,,False,,,,,False,,,,
27260,14:35.012,0,False,,,,,False,,,,,False,,,,
27275,14:35.494,0,False,,,,,False,,,,,False,,,,
27290,14:35.975,0,False,,,,,False,,,,,False,,,,
27305,14:36.457,0,False,,,,,False,,,,,False,,,,
27320,14:36.938,0,False,,,,,False,,,,,False,,,,
27335,14:37.420,0,False,,,,,False,,,,,False,,,,
27350,14:37.901,0,False,,,,,False,,,,,False,,,,
27365,14:38.383,0,False,,,,,False,,,,,False,,,,
27380,14:38.864,0,False,,,,,False,,,,,False,,,,
27395,14:39.346,0,False,,,,,False,,,,,False,,,,
27410,14:39.827,0,False,,,,,False,,,,,False,,,,
27425,14:40.309,0,False,,,,,False,,,,,False,,,,
27440,14:40.790,0,False,,,,,False,,,,,False,,,,
27455,14:41.271,0,False,,,,,False,,,,,False,,,,
27470,14:41.753,0,False,,,,,False,,,,,False,,,,
27485,14:42.234,0,False,,,,,False,,,,,False,,,,
27500,14:42.716,0,False,,,,,False,,,,,False,,,,
