time,faces_039,faces_040,faces_041
158.0,2.0,,
241.2,2.0,,
241.23,2.0,,
241.27,2.0,,
241.3,2.0,,
241.33,2.0,,
241.37,2.0,,
241.4,2.0,,
241.43,2.0,,
241.47,2.0,,
241.5,2.0,,
241.53,2.0,,
241.57,2.0,,
241.6,2.0,,
241.63,2.0,,
241.67,2.0,,
241.7,2.0,,
241.73,2.0,,
241.77,2.0,,
241.8,2.0,,
241.83,2.0,,
241.87,2.0,,
241.9,2.0,,
241.94,2.0,,
241.97,2.0,,
242.0,2.0,,
242.03,2.0,,
242.07,2.0,,
242.1,2.0,,
242.14,2.0,,
242.17,2.0,,
242.2,2.0,,
242.24,2.0,,
242.27,2.0,,
242.3,2.0,,
242.33,2.0,,
242.37,2.0,,
242.4,2.0,,
242.44,2.0,,
242.47,2.0,,
242.5,2.0,,
242.53,2.0,,
242.57,2.0,,
242.6,2.0,,
242.64,2.0,,
242.67,2.0,,
242.7,2.0,,
242.74,2.0,,
242.77,2.0,,
242.8,2.0,,
242.83,2.0,,
242.87,2.0,,
242.9,2.0,,
242.94,2.0,,
242.97,2.0,,
243.0,2.0,,
243.04,2.0,,
243.07,2.0,,
243.1,2.0,,
243.14,2.0,,
243.17,2.0,,
243.2,2.0,,
243.24,2.0,,
243.27,2.0,,
243.3,2.0,,
243.33,2.0,,
243.37,2.0,,
243.4,2.0,,
243.44,2.0,,
243.47,2.0,,
243.5,2.0,,
243.54,2.0,,
243.57,2.0,,
243.6,2.0,,
243.64,2.0,,
243.67,2.0,,
243.7,2.0,,
243.74,2.0,,
243.77,2.0,,
243.8,2.0,,
243.83,2.0,,
243.87,2.0,,
243.9,2.0,,
243.94,2.0,,
243.97,2.0,,
244.0,2.0,,
244.04,2.0,,
244.07,2.0,,
244.1,2.0,,
244.14,2.0,,
244.17,2.0,,
244.2,2.0,,
244.24,2.0,,
244.27,2.0,,
244.3,2.0,,
244.33,2.0,,
244.37,2.0,,
244.4,2.0,,
244.44,2.0,,
244.47,2.0,,
244.5,2.0,,
244.54,2.0,,
244.57,2.0,,
244.6,2.0,,
244.64,2.0,,
244.67,2.0,,
244.7,2.0,,
244.74,2.0,,
244.77,2.0,,
244.8,2.0,,
244.83,2.0,,
244.87,2.0,,
244.9,2.0,,
244.94,2.0,,
244.97,2.0,,
245.0,2.0,,
245.04,2.0,,
245.07,2.0,,
245.1,2.0,,
245.14,2.0,,
245.17,2.0,,
245.2,2.0,,
245.24,2.0,,
245.27,2.0,,
245.3,2.0,,
245.33,2.0,,
245.37,2.0,,
245.4,2.0,,
245.44,2.0,,
245.47,2.0,,
245.5,2.0,,
245.54,2.0,,
245.57,2.0,,
245.6,2.0,,
245.64,2.0,,
245.67,2.0,,
245.7,2.0,,
245.74,2.0,,
245.77,2.0,,
245.8,2.0,,
245.84,2.0,,
245.87,2.0,,
245.9,2.0,,
245.94,2.0,,
245.97,2.0,,
246.0,2.0,,
246.04,2.0,,
246.07,2.0,,
246.1,2.0,,
246.14,2.0,,
246.17,2.0,,
246.2,2.0,,
246.24,2.0,,
246.27,2.0,,
246.3,2.0,,
246.34,2.0,,
246.37,2.0,,
246.4,2.0,,
246.44,2.0,,
246.47,2.0,,
246.5,2.0,,
246.54,2.0,,
246.57,2.0,,
246.6,2.0,,
246.64,2.0,,
246.67,2.0,,
246.7,2.0,,
246.74,2.0,,
246.77,2.0,,
246.8,2.0,,
246.84,2.0,,
246.87,2.0,,
246.9,2.0,,
246.94,2.0,,
246.97,2.0,,
247.0,2.0,,
247.04,2.0,,
247.07,2.0,,
247.1,2.0,,
247.14,2.0,,
247.17,2.0,,
247.2,2.0,,
247.24,2.0,,
247.27,2.0,,
247.3,2.0,,
247.34,2.0,,
247.37,2.0,,
247.4,2.0,,
247.44,2.0,,
247.47,2.0,,
247.5,2.0,,
247.54,2.0,,
247.57,2.0,,
247.6,2.0,,
247.64,2.0,,
247.67,2.0,,
247.7,2.0,,
247.74,2.0,,
247.77,2.0,,
247.8,2.0,,
247.84,2.0,,
247.87,2.0,,
247.9,2.0,,
247.94,2.0,,
247.97,2.0,,
248.0,2.0,,
248.04,2.0,,
248.07,2.0,,
248.1,2.0,,
248.14,2.0,,
248.17,2.0,,
248.2,2.0,,
248.24,2.0,,
248.27,2.0,,
248.3,2.0,,
248.34,2.0,,
248.37,2.0,,
248.4,2.0,,
248.44,2.0,,
248.47,2.0,,
248.5,2.0,,
248.54,2.0,,
248.57,2.0,,
248.6,2.0,,
248.64,2.0,,
248.67,2.0,,
248.7,2.0,,
248.74,2.0,,
248.77,2.0,,
248.8,2.0,,
248.84,2.0,,
248.87,2.0,,
248.9,2.0,,
248.94,2.0,,
248.97,2.0,,
249.0,2.0,,
249.04,2.0,,
249.07,2.0,,
249.1,2.0,,
249.14,2.0,,
249.17,2.0,,
249.2,2.0,,
249.24,2.0,,
249.27,2.0,,
249.3,2.0,,
249.34,2.0,,
249.37,2.0,,
249.4,2.0,,
249.44,2.0,,
249.47,2.0,,
249.5,2.0,,
249.54,2.0,,
249.57,2.0,,
249.6,2.0,,
249.64,2.0,,
249.67,2.0,,
249.7,2.0,,
249.74,2.0,,
249.77,2.0,,
249.8,2.0,,
249.84,2.0,,
249.87,2.0,,
249.9,2.0,,
249.94,2.0,,
249.97,2.0,,
250.0,2.0,,
250.04,2.0,,
250.07,2.0,,
250.1,2.0,,
250.14,2.0,,
250.17,2.0,,
250.2,2.0,,
250.24,2.0,,
250.27,2.0,,
250.3,2.0,,
250.34,2.0,,
250.37,2.0,,
250.4,2.0,,
250.44,2.0,,
250.47,2.0,,
250.5,2.0,,
250.54,2.0,,
250.57,2.0,,
250.6,2.0,,
250.64,2.0,,
250.67,2.0,,
250.7,2.0,,
250.74,2.0,,
250.77,2.0,,
250.8,2.0,,
250.84,2.0,,
250.87,2.0,,
250.9,2.0,,
250.94,2.0,,
250.96,2.0,,
250.98,2.0,,
251.0,2.0,,
251.04,2.0,,
251.07,2.0,,
251.1,2.0,,
251.14,2.0,,
251.17,2.0,,
251.2,2.0,,
251.24,2.0,,
251.27,2.0,,
251.3,2.0,,
251.34,2.0,,
251.37,2.0,,
251.4,2.0,,
251.44,2.0,,
251.47,2.0,,
251.5,2.0,,
251.54,2.0,,
251.57,2.0,,
251.6,2.0,,
251.64,2.0,,
251.67,2.0,,
251.7,2.0,,
251.73,2.0,,
251.76,2.0,,
251.8,2.0,,
251.83,2.0,,
251.86,2.0,,
251.9,2.0,,
251.93,2.0,,
251.96,2.0,,
252.0,2.0,,
252.03,2.0,,
252.06,2.0,,
252.1,2.0,,
252.13,2.0,,
252.16,2.0,,
252.2,2.0,,
252.23,2.0,,
252.26,2.0,,
252.3,2.0,,
252.33,2.0,,
252.36,2.0,,
252.4,2.0,,
252.43,2.0,,
252.46,2.0,,
252.5,2.0,,
252.53,2.0,,
252.56,2.0,,
252.6,2.0,,
252.63,2.0,,
252.66,2.0,,
252.7,2.0,,
252.73,2.0,,
252.76,2.0,,
252.8,2.0,,
252.83,2.0,,
252.86,2.0,,
252.9,2.0,,
252.93,2.0,,
252.96,2.0,,
253.0,2.0,,
253.03,2.0,,
253.06,2.0,,
253.1,2.0,,
253.13,2.0,,
253.16,2.0,,
253.2,2.0,,
253.23,2.0,,
253.26,2.0,,
253.3,2.0,,
253.33,2.0,,
253.36,2.0,,
253.4,2.0,,
253.43,2.0,,
253.46,2.0,,
253.5,2.0,,
253.53,2.0,,
253.56,2.0,,
253.6,2.0,,
253.63,2.0,,
253.66,2.0,,
253.7,2.0,,
253.73,2.0,,
253.76,2.0,,
253.8,2.0,,
253.83,2.0,,
253.86,2.0,,
253.9,2.0,,
253.93,2.0,,
253.96,2.0,,
254.0,2.0,,
254.03,2.0,,
254.06,2.0,,
254.1,2.0,,
254.13,2.0,,
254.17,2.0,,
254.2,2.0,,
254.23,2.0,,
254.26,2.0,,
254.3,2.0,,
254.33,2.0,,
254.36,2.0,,
254.4,2.0,,
254.43,2.0,,
254.46,2.0,,
254.5,2.0,,
254.53,2.0,,
254.56,2.0,,
254.6,2.0,,
254.63,2.0,,
254.67,2.0,,
254.7,2.0,,
254.73,2.0,,
254.76,2.0,,
254.8,2.0,,
254.83,2.0,,
254.86,2.0,,
254.9,2.0,,
254.93,2.0,,
254.96,2.0,,
255.0,2.0,,
255.03,2.0,,
255.06,2.0,,
255.1,2.0,,
255.13,2.0,,
255.17,2.0,,
255.2,2.0,,
255.23,2.0,,
255.26,2.0,,
255.3,2.0,,
255.33,2.0,,
255.36,2.0,,
255.4,2.0,,
255.43,2.0,,
255.46,2.0,,
255.5,2.0,,
255.53,2.0,,
255.56,2.0,,
255.6,2.0,,
255.63,2.0,,
255.67,2.0,,
255.7,2.0,,
255.73,2.0,,
255.76,2.0,,
255.8,2.0,,
255.83,2.0,,
255.86,2.0,,
255.9,2.0,,
255.93,2.0,,
255.96,2.0,,
256.0,2.0,,
256.03,2.0,,
256.06,2.0,,
256.1,2.0,,
256.13,2.0,,
256.17,2.0,,
256.2,2.0,,
256.23,2.0,,
256.26,2.0,,
256.3,2.0,,
256.33,2.0,,
256.36,2.0,,
256.4,2.0,,
256.43,2.0,,
256.46,2.0,,
256.5,2.0,,
256.53,2.0,,
256.56,2.0,,
256.6,2.0,,
256.63,2.0,,
256.67,2.0,,
256.7,2.0,,
256.73,2.0,,
256.76,2.0,,
256.8,2.0,,
256.83,2.0,,
256.86,2.0,,
256.9,2.0,,
256.93,2.0,,
256.96,2.0,,
257.0,2.0,,
257.03,2.0,,
257.06,2.0,,
257.1,2.0,,
257.13,2.0,,
257.17,2.0,,
257.2,2.0,,
257.23,2.0,,
257.26,2.0,,
257.3,2.0,,
257.33,2.0,,
257.36,2.0,,
257.4,2.0,,
257.43,2.0,,
257.46,2.0,,
257.5,2.0,,
257.53,2.0,,
257.56,2.0,,
257.6,2.0,,
257.63,2.0,,
257.67,2.0,,
257.7,2.0,,
257.73,2.0,,
257.76,2.0,,
257.8,2.0,,
257.83,2.0,,
257.87,2.0,,
257.9,2.0,,
257.93,2.0,,
257.97,2.0,,
258.0,2.0,,
258.03,2.0,,
258.07,2.0,,
258.1,2.0,,
258.13,2.0,,
258.17,2.0,,
258.2,2.0,,
258.23,2.0,,
258.27,2.0,,
258.3,2.0,,
258.33,2.0,,
258.5,2.0,,
259.0,2.0,,
259.5,2.0,,
260.0,2.0,,
260.5,2.0,,
261.0,2.0,,
261.5,2.0,,
262.0,2.0,,
262.5,2.0,,
263.0,2.0,,
263.5,2.0,,
264.0,2.0,,
264.5,2.0,,
265.0,1.0,,
265.5,1.0,,
266.0,1.0,,
266.5,1.0,,
267.0,1.0,,
267.5,1.0,,
268.0,1.0,,
268.5,1.0,,
269.0,1.0,,
269.5,1.0,,
270.0,1.0,,
270.5,1.0,,
271.0,1.0,,
271.5,1.0,,
272.03,1.0,,
272.53,1.0,,
273.03,2.0,,
273.53,1.0,,
274.03,1.0,,
274.53,2.0,,
275.03,1.0,,
275.33,,1.0,
275.53,2.0,,
276.03,2.0,,
276.53,2.0,,
277.03,1.0,,
277.53,2.0,,
278.0,2.0,,
278.5,1.0,,
279.0,2.0,,
279.5,2.0,,
280.0,2.0,,
280.5,2.0,,
281.0,2.0,,
281.5,2.0,,
282.0,2.0,,
282.5,2.0,,
283.0,2.0,,
283.5,2.0,,
284.0,2.0,,
284.5,2.0,,
285.0,2.0,,
285.5,2.0,,
286.0,2.0,,
286.5,0.0,,
287.0,0.0,,
287.5,0.0,,
288.0,2.0,,
288.5,2.0,,
289.0,2.0,,
289.5,2.0,,
290.0,2.0,,
290.53,2.0,,
291.03,2.0,,
291.53,1.0,,
292.03,1.0,,
292.53,1.0,,
293.03,1.0,,
293.53,1.0,,
294.03,1.0,,
294.53,1.0,,
295.03,1.0,,
295.53,1.0,,
296.03,1.0,,
296.53,2.0,,
297.03,0.0,,
297.5,0.0,,
298.0,0.0,,
298.5,2.0,,
299.0,2.0,,
299.5,2.0,,
300.0,2.0,,
300.5,1.0,,
301.0,1.0,,
301.5,2.0,,
302.0,2.0,,
302.5,0.0,,
303.0,1.0,,
303.5,2.0,,
304.0,2.0,,
304.5,2.0,,
305.0,1.0,,
305.5,2.0,,
306.0,2.0,,
306.5,2.0,,
307.0,2.0,,
307.5,2.0,,
308.0,2.0,,
308.5,2.0,,
309.0,2.0,,
309.5,2.0,,
310.03,2.0,,
310.53,2.0,,
311.03,2.0,,
311.53,2.0,,
312.03,2.0,,
312.53,2.0,,
313.03,2.0,,
313.53,2.0,,
314.03,1.0,,
314.53,1.0,,
315.03,1.0,,
315.53,1.0,,
316.03,1.0,,
316.53,2.0,,
317.03,2.0,,
317.5,2.0,,
318.0,2.0,,
318.5,2.0,,
319.0,2.0,,
319.5,2.0,,
320.0,2.0,,
320.5,2.0,,
321.0,2.0,,
321.5,2.0,,
322.0,2.0,,
322.5,1.0,,
323.0,1.0,,
323.5,1.0,,
324.0,2.0,,
324.5,1.0,,
325.0,2.0,,
325.5,1.0,,
326.0,2.0,,
326.5,1.0,,
327.0,1.0,,
327.5,1.0,,
328.0,1.0,,
328.5,1.0,,
329.0,1.0,,
329.53,1.0,,
330.03,1.0,,
330.53,1.0,,
331.03,1.0,,
331.5,2.0,,
332.03,2.0,,
332.53,2.0,,
333.03,2.0,,
333.53,2.0,,
334.08,2.0,,
334.53,0.0,,
335.03,0.0,,
335.53,0.0,,
336.03,0.0,,
336.53,0.0,,
337.03,0.0,,
337.5,0.0,,
338.0,0.0,,
338.5,0.0,,
339.0,0.0,,
339.5,0.0,,
340.0,0.0,,
340.5,0.0,,
341.0,0.0,,
341.33,,,1.0
341.5,0.0,,
342.0,0.0,,
342.5,0.0,,
343.0,0.0,,
343.5,0.0,,
344.0,0.0,,
344.5,0.0,,
345.0,0.0,,
345.5,0.0,,
346.0,0.0,,
346.5,0.0,,
347.0,0.0,,
347.5,0.0,,
348.0,0.0,,
348.5,0.0,,
349.0,0.0,,
349.5,0.0,,
350.03,0.0,,
350.53,0.0,,
351.03,0.0,,
351.53,0.0,,
352.03,0.0,,
352.53,0.0,,
353.03,0.0,,
353.53,0.0,,
354.03,0.0,,
354.53,0.0,,
355.03,0.0,,
355.53,0.0,,
356.03,0.0,,
356.53,0.0,,
357.03,0.0,,
357.5,0.0,,
358.0,0.0,,
358.5,0.0,,
359.0,0.0,,
359.5,0.0,,
360.0,0.0,,
360.5,0.0,,
361.0,0.0,,
361.5,0.0,,
362.0,0.0,,
362.5,0.0,,
363.0,0.0,,
363.5,0.0,,
364.0,0.0,,
364.5,0.0,,
365.0,0.0,,
365.5,0.0,,
366.0,0.0,,
366.5,0.0,,
367.0,0.0,,
367.5,0.0,,
368.0,0.0,,
368.5,0.0,,
369.0,0.0,,
369.53,0.0,,
370.03,0.0,,
370.53,0.0,,
371.03,0.0,,
371.53,0.0,,
372.03,0.0,,
372.53,0.0,,
373.03,0.0,,
373.53,0.0,,
374.03,0.0,,
374.53,0.0,,
375.03,0.0,,
375.53,0.0,,
376.03,0.0,,
376.53,0.0,,
377.0,0.0,,
377.5,0.0,,
378.0,0.0,,
378.5,0.0,,
379.0,0.0,,
379.5,0.0,,
380.0,0.0,,
380.5,0.0,,
381.0,0.0,,
381.5,0.0,,
382.0,0.0,,
382.5,0.0,,
383.0,0.0,,
383.5,0.0,,
384.0,0.0,,
384.5,0.0,,
385.0,0.0,,
385.5,0.0,,
386.0,0.0,,
386.5,0.0,,
387.0,0.0,,
387.5,0.0,,
388.03,0.0,,
388.53,0.0,,
389.03,0.0,,
389.53,0.0,,
390.03,0.0,,
390.53,0.0,,
391.03,0.0,,
391.53,0.0,,
392.03,0.0,,
392.53,0.0,,
393.03,0.0,,
393.53,0.0,,
394.03,0.0,,
394.53,0.0,,
395.03,0.0,,
395.53,0.0,,
396.03,0.0,,
396.53,0.0,,
397.0,0.0,,
397.5,0.0,,
398.0,0.0,,
398.5,1.0,,
399.0,1.0,,
399.5,0.0,,
400.0,0.0,,
400.5,0.0,,
401.0,0.0,,
401.5,0.0,,
402.0,0.0,,
402.5,0.0,,
403.0,0.0,,
403.5,0.0,,
404.0,0.0,,
404.5,0.0,,
405.0,0.0,,
405.5,0.0,,
406.0,0.0,,
406.5,0.0,,
407.0,0.0,,
407.5,0.0,,
408.03,0.0,,
408.53,0.0,,
409.03,0.0,,
409.53,0.0,,
410.03,0.0,,
410.53,0.0,,
411.03,0.0,,
411.53,0.0,,
412.03,0.0,,
412.53,0.0,,
413.03,0.0,,
413.53,0.0,,
414.03,0.0,,
414.53,0.0,,
415.03,0.0,,
415.53,0.0,,
416.03,0.0,,
416.53,0.0,,
417.0,0.0,,
417.5,0.0,,
418.0,0.0,,
418.5,0.0,,
419.0,0.0,,
419.5,0.0,,
420.0,0.0,,
420.5,0.0,,
420.93,,1.0,
420.97,,1.0,
421.0,0.0,1.0,
421.03,,1.0,
421.07,,1.0,
421.1,,1.0,
421.13,,1.0,
421.17,,1.0,
421.2,,1.0,
421.23,,1.0,
421.27,,1.0,
421.3,,1.0,
421.33,,1.0,
421.37,,1.0,
421.4,,1.0,
421.43,,1.0,
421.47,,1.0,
421.5,0.0,1.0,
421.53,,1.0,
421.57,,1.0,
421.6,,1.0,
421.63,,1.0,
421.67,,1.0,
421.7,,1.0,
421.73,,1.0,
421.77,,1.0,
421.8,,1.0,
421.83,,1.0,
421.87,,1.0,
421.9,,1.0,
421.93,,1.0,
421.97,,1.0,
422.0,0.0,1.0,
422.03,,1.0,
422.07,,1.0,
422.1,,1.0,
422.13,,1.0,
422.17,,1.0,
422.2,,1.0,
422.23,,1.0,
422.27,,1.0,
422.3,,1.0,
422.33,,1.0,
422.37,,1.0,
422.4,,1.0,
422.43,,1.0,
422.47,,1.0,
422.5,0.0,1.0,
422.53,,1.0,
422.57,,1.0,
422.6,,1.0,
422.63,,1.0,
422.67,,1.0,
422.7,,1.0,
422.73,,1.0,
422.77,,1.0,
422.8,,1.0,
422.83,,1.0,
422.87,,1.0,
422.9,,1.0,
422.93,,1.0,
422.97,,1.0,
423.0,0.0,1.0,
423.03,,2.0,
423.07,,2.0,
423.1,,2.0,
423.13,,2.0,
423.17,,2.0,
423.2,,2.0,
423.23,,2.0,
423.27,,2.0,
423.3,,2.0,
423.33,,2.0,
423.37,,2.0,
423.4,,2.0,
423.43,,2.0,
423.47,,2.0,
423.5,0.0,2.0,
423.54,,2.0,
423.57,,2.0,
423.6,,2.0,
423.64,,2.0,
423.67,,2.0,
423.7,,2.0,
423.74,,2.0,
423.77,,2.0,
423.8,,2.0,
423.84,,2.0,
423.87,,1.0,
423.9,,1.0,
423.93,,1.0,
423.97,,1.0,
424.0,0.0,1.0,
424.04,,1.0,
424.07,,1.0,
424.1,,1.0,
424.14,,1.0,
424.17,,1.0,
424.2,,1.0,
424.24,,1.0,
424.27,,1.0,
424.3,,1.0,
424.34,,1.0,
424.37,,1.0,
424.4,,1.0,
424.43,,1.0,
424.47,,1.0,
424.5,0.0,1.0,
424.54,,1.0,
424.57,,1.0,
424.6,,1.0,
424.64,,1.0,
424.67,,1.0,
424.7,,1.0,
424.74,,1.0,
424.77,,1.0,
424.8,,1.0,
424.84,,1.0,
424.87,,1.0,
424.9,,1.0,
424.93,,1.0,
424.97,,1.0,
425.0,0.0,1.0,
425.04,,1.0,
425.07,,1.0,
425.1,,1.0,
425.14,,1.0,
425.17,,1.0,
425.2,,1.0,
425.24,,1.0,
425.27,,1.0,
425.3,,1.0,
425.34,,1.0,
425.37,,1.0,
425.4,,1.0,
425.43,,1.0,
425.47,,1.0,
425.5,0.0,1.0,
425.54,,1.0,
425.57,,1.0,
425.6,,1.0,
425.64,,1.0,
425.67,,1.0,
425.7,,1.0,
425.74,,1.0,
425.77,,1.0,
425.8,,1.0,
425.84,,1.0,
425.87,,1.0,
425.9,,1.0,
425.93,,1.0,
425.97,,1.0,
426.0,0.0,1.0,
426.04,,1.0,
426.07,,1.0,
426.1,,1.0,
426.14,,1.0,
426.17,,1.0,
426.2,,1.0,
426.24,,1.0,
426.27,,1.0,
426.3,,1.0,
426.34,,1.0,
426.37,,1.0,
426.4,,1.0,
426.43,,1.0,
426.47,,1.0,
426.5,0.0,1.0,
426.54,,1.0,
426.57,,1.0,
426.6,,1.0,
426.64,,1.0,
426.67,,1.0,
426.7,,1.0,
426.74,,1.0,
426.77,,1.0,
426.8,,1.0,
426.84,,1.0,
426.87,,1.0,
426.9,,1.0,
426.93,,1.0,
426.97,,1.0,
427.0,0.0,1.0,
427.04,,1.0,
427.07,,1.0,
427.1,,1.0,
427.14,,1.0,
427.17,,1.0,
427.2,,1.0,
427.24,,1.0,
427.27,,1.0,
427.3,,1.0,
427.34,,1.0,
427.37,,0.0,
427.4,,0.0,
427.43,,0.0,
427.47,,0.0,
427.5,,0.0,
427.53,0.0,,
427.54,,0.0,
427.57,,0.0,
427.6,,0.0,
427.64,,0.0,
427.67,,0.0,
427.7,,0.0,
427.74,,0.0,
427.77,,0.0,
427.8,,0.0,
427.84,,0.0,
427.87,,0.0,
427.9,,0.0,
427.94,,0.0,
427.97,,0.0,
428.0,,0.0,
428.03,0.0,,
428.04,,1.0,
428.07,,1.0,
428.1,,1.0,
428.14,,1.0,
428.17,,1.0,
428.2,,1.0,
428.24,,1.0,
428.27,,1.0,
428.3,,1.0,
428.34,,1.0,
428.37,,1.0,
428.4,,1.0,
428.44,,1.0,
428.47,,1.0,
428.5,,1.0,
428.53,0.0,,
428.54,,1.0,
428.57,,1.0,
428.6,,1.0,
428.64,,1.0,
428.67,,1.0,
428.7,,1.0,
428.74,,1.0,
428.77,,1.0,
428.8,,1.0,
428.84,,1.0,
428.87,,1.0,
428.9,,1.0,
428.94,,1.0,
428.97,,1.0,
429.0,,1.0,
429.03,0.0,,
429.04,,1.0,
429.07,,1.0,
429.1,,1.0,
429.14,,1.0,
429.17,,1.0,
429.2,,1.0,
429.24,,1.0,
429.27,,1.0,
429.3,,1.0,
429.34,,1.0,
429.37,,1.0,
429.4,,1.0,
429.44,,1.0,
429.47,,1.0,
429.5,,1.0,
429.53,0.0,,
429.54,,1.0,
429.57,,1.0,
429.6,,1.0,
429.64,,1.0,
429.67,,1.0,
429.7,,1.0,
429.74,,1.0,
429.77,,1.0,
429.8,,1.0,
429.84,,1.0,
429.87,,1.0,
429.9,,1.0,
429.94,,1.0,
429.97,,1.0,
430.0,,1.0,
430.03,0.0,,
430.04,,1.0,
430.07,,1.0,
430.1,,1.0,
430.14,,1.0,
430.17,,1.0,
430.2,,1.0,
430.24,,1.0,
430.27,,1.0,
430.3,,1.0,
430.34,,1.0,
430.37,,1.0,
430.4,,1.0,
430.44,,1.0,
430.47,,1.0,
430.5,,1.0,
430.53,0.0,,
430.54,,1.0,
430.57,,1.0,
430.6,,1.0,
430.64,,1.0,
430.67,,1.0,
430.7,,1.0,
430.74,,1.0,
430.77,,1.0,
430.8,,1.0,
430.84,,1.0,
430.87,,1.0,
430.9,,1.0,
430.94,,1.0,
430.97,,1.0,
431.0,,1.0,
431.03,0.0,,
431.04,,1.0,
431.07,,1.0,
431.1,,1.0,
431.14,,1.0,
431.17,,1.0,
431.2,,1.0,
431.24,,1.0,
431.27,,1.0,
431.3,,1.0,
431.34,,1.0,
431.37,,1.0,
431.4,,1.0,
431.44,,1.0,
431.47,,1.0,
431.5,,1.0,
431.53,0.0,,
431.54,,1.0,
431.57,,1.0,
431.6,,1.0,
431.64,,1.0,
431.67,,1.0,
431.7,,1.0,
431.74,,1.0,
431.77,,1.0,
431.8,,1.0,
431.84,,1.0,
431.87,,1.0,
431.9,,1.0,
431.94,,1.0,
431.97,,1.0,
432.0,,1.0,
432.03,0.0,,
432.04,,1.0,
432.07,,1.0,
432.1,,1.0,
432.14,,1.0,
432.17,,1.0,
432.21,,1.0,
432.24,,1.0,
432.27,,1.0,
432.3,,1.0,
432.34,,1.0,
432.37,,1.0,
432.4,,1.0,
432.44,,1.0,
432.47,,1.0,
432.5,,1.0,
432.53,0.0,,
432.54,,1.0,
432.57,,1.0,
432.6,,1.0,
432.64,,1.0,
432.67,,1.0,
432.71,,1.0,
432.74,,1.0,
432.77,,1.0,
432.8,,1.0,
432.84,,1.0,
432.87,,1.0,
432.9,,1.0,
432.94,,1.0,
432.97,,1.0,
433.0,,1.0,
433.03,0.0,,
433.04,,1.0,
433.07,,1.0,
433.1,,1.0,
433.14,,1.0,
433.17,,1.0,
433.21,,1.0,
433.24,,1.0,
433.27,,1.0,
433.3,,1.0,
433.34,,1.0,
433.37,,1.0,
433.4,,1.0,
433.44,,1.0,
433.47,,1.0,
433.5,,1.0,
433.53,0.0,,
433.54,,1.0,
433.57,,1.0,
433.6,,1.0,
433.64,,1.0,
433.67,,1.0,
433.71,,1.0,
433.74,,1.0,
433.77,,1.0,
433.8,,1.0,
433.84,,1.0,
433.87,,1.0,
433.9,,1.0,
433.94,,1.0,
433.97,,1.0,
434.0,,1.0,
434.03,0.0,,
434.04,,1.0,
434.07,,1.0,
434.1,,1.0,
434.14,,1.0,
434.17,,1.0,
434.21,,1.0,
434.24,,1.0,
434.27,,1.0,
434.3,,1.0,
434.34,,1.0,
434.37,,1.0,
434.4,,1.0,
434.44,,1.0,
434.47,,1.0,
434.5,,1.0,
434.53,0.0,,
434.54,,1.0,
434.57,,1.0,
434.6,,1.0,
434.64,,1.0,
434.67,,1.0,
434.71,,1.0,
434.74,,1.0,
434.77,,1.0,
434.8,,0.0,
434.84,,0.0,
434.87,,0.0,
434.9,,0.0,
434.94,,0.0,
434.97,,0.0,
435.0,,0.0,
435.03,0.0,,
435.04,,0.0,
435.07,,0.0,
435.1,,0.0,
435.14,,0.0,
435.17,,0.0,
435.21,,0.0,
435.24,,0.0,
435.27,,0.0,
435.3,,0.0,
435.34,,0.0,
435.37,,0.0,
435.4,,1.0,
435.44,,1.0,
435.47,,1.0,
435.5,,1.0,
435.53,0.0,,
435.54,,1.0,
435.57,,1.0,
435.6,,1.0,
435.64,,1.0,
435.67,,1.0,
435.71,,1.0,
435.74,,1.0,
435.77,,1.0,
435.8,,1.0,
435.84,,1.0,
435.87,,1.0,
435.9,,1.0,
435.94,,1.0,
435.97,,1.0,
436.0,,1.0,
436.03,0.0,,
436.04,,1.0,
436.07,,1.0,
436.1,,1.0,
436.14,,1.0,
436.17,,1.0,
436.21,,1.0,
436.24,,1.0,
436.27,,1.0,
436.31,,1.0,
436.34,,1.0,
436.37,,1.0,
436.41,,1.0,
436.44,,1.0,
436.47,,1.0,
436.51,,1.0,
436.53,0.0,,
436.54,,1.0,
436.57,,2.0,
436.61,,2.0,
436.64,,2.0,
436.67,,2.0,
436.71,,2.0,
436.74,,2.0,
436.77,,2.0,
436.81,,2.0,
436.84,,2.0,
436.87,,2.0,
436.91,,2.0,
436.94,,2.0,
436.97,,2.0,
437.0,0.0,,
437.01,,2.0,
437.04,,2.0,
437.07,,2.0,
437.11,,2.0,
437.14,,2.0,
437.17,,2.0,
437.2,,2.0,
437.23,,2.0,
437.26,,2.0,
437.3,,2.0,
437.33,,1.0,
437.36,,1.0,
437.4,,1.0,
437.43,,1.0,
437.46,,1.0,
437.5,0.0,1.0,
437.53,,1.0,
437.57,,1.0,
437.6,,1.0,
437.63,,1.0,
437.66,,1.0,
437.7,,1.0,
437.73,,1.0,
437.76,,1.0,
437.8,,1.0,
437.83,,1.0,
437.86,,1.0,
437.9,,1.0,
437.93,,1.0,
437.96,,1.0,
438.0,0.0,1.0,
438.03,,1.0,
438.07,,1.0,
438.1,,1.0,
438.13,,1.0,
438.16,,1.0,
438.2,,1.0,
438.23,,1.0,
438.26,,1.0,
438.3,,1.0,
438.33,,1.0,
438.36,,1.0,
438.4,,1.0,
438.43,,1.0,
438.46,,1.0,
438.5,0.0,1.0,
438.53,,1.0,
438.57,,1.0,
438.6,,1.0,
438.63,,1.0,
438.66,,1.0,
438.7,,1.0,
438.73,,1.0,
438.76,,1.0,
438.8,,1.0,
438.83,,1.0,
438.86,,1.0,
438.9,,1.0,
438.93,,1.0,
438.96,,1.0,
439.0,0.0,1.0,
439.03,,1.0,
439.07,,1.0,
439.1,,1.0,
439.13,,1.0,
439.16,,1.0,
439.2,,1.0,
439.23,,1.0,
439.26,,1.0,
439.3,,1.0,
439.33,,1.0,
439.36,,1.0,
439.4,,1.0,
439.43,,1.0,
439.46,,1.0,
439.5,0.0,1.0,
439.53,,1.0,
439.57,,1.0,
439.6,,1.0,
439.63,,1.0,
439.66,,1.0,
439.7,,1.0,
439.73,,1.0,
439.76,,1.0,
439.8,,1.0,
439.83,,1.0,
439.86,,1.0,
439.9,,1.0,
439.93,,1.0,
439.96,,1.0,
440.0,0.0,1.0,
440.03,,1.0,
440.07,,1.0,
440.1,,1.0,
440.13,,1.0,
440.16,,1.0,
440.2,,1.0,
440.23,,1.0,
440.26,,1.0,
440.3,,1.0,
440.33,,1.0,
440.36,,1.0,
440.4,,1.0,
440.43,,1.0,
440.46,,1.0,
440.5,0.0,1.0,
440.53,,1.0,
440.57,,1.0,
440.6,,1.0,
440.63,,1.0,
440.67,,1.0,
440.7,,1.0,
440.73,,1.0,
440.77,,1.0,
440.8,,1.0,
440.83,,1.0,
440.87,,1.0,
440.9,,1.0,
440.93,,1.0,
440.97,,1.0,
441.0,0.0,1.0,
441.03,,1.0,
441.07,,1.0,
441.1,,1.0,
441.13,,1.0,
441.17,,1.0,
441.2,,1.0,
441.23,,1.0,
441.27,,1.0,
441.3,,1.0,
441.33,,1.0,
441.37,,1.0,
441.4,,1.0,
441.43,,1.0,
441.47,,1.0,
441.5,0.0,1.0,
441.53,,1.0,
441.57,,1.0,
441.6,,1.0,
441.63,,1.0,
441.67,,1.0,
441.7,,1.0,
441.73,,1.0,
441.77,,1.0,
441.8,,1.0,
441.83,,1.0,
441.87,,1.0,
441.9,,1.0,
441.93,,1.0,
441.97,,1.0,
442.0,0.0,1.0,
442.03,,1.0,
442.07,,1.0,
442.1,,1.0,
442.13,,1.0,
442.17,,1.0,
442.2,,1.0,
442.23,,1.0,
442.27,,1.0,
442.3,,1.0,
442.33,,1.0,
442.37,,1.0,
442.4,,1.0,
442.43,,1.0,
442.47,,1.0,
442.5,0.0,1.0,
442.53,,1.0,
442.57,,1.0,
442.6,,1.0,
442.63,,1.0,
442.67,,1.0,
442.7,,1.0,
442.73,,1.0,
442.77,,1.0,
442.8,,1.0,
442.83,,1.0,
442.87,,1.0,
442.9,,1.0,
442.93,,1.0,
442.97,,1.0,
443.0,0.0,1.0,
443.03,,1.0,
443.07,,1.0,
443.1,,1.0,
443.13,,1.0,
443.17,,1.0,
443.2,,1.0,
443.23,,1.0,
443.27,,1.0,
443.3,,1.0,
443.33,,1.0,
443.37,,1.0,
443.4,,1.0,
443.43,,1.0,
443.47,,1.0,
443.5,0.0,1.0,
443.53,,1.0,
443.57,,1.0,
443.6,,1.0,
443.63,,1.0,
443.67,,1.0,
443.7,,1.0,
443.73,,1.0,
443.77,,1.0,
443.8,,1.0,
443.83,,1.0,
443.87,,1.0,
443.9,,1.0,
443.93,,1.0,
443.97,,1.0,
444.0,0.0,1.0,
444.03,,1.0,
444.07,,1.0,
444.1,,1.0,
444.13,,1.0,
444.17,,1.0,
444.2,,1.0,
444.23,,1.0,
444.27,,1.0,
444.3,,1.0,
444.33,,1.0,
444.37,,1.0,
444.4,,1.0,
444.43,,1.0,
444.47,,1.0,
444.5,0.0,1.0,
444.53,,1.0,
444.57,,1.0,
444.6,,1.0,
444.63,,1.0,
444.67,,1.0,
444.7,,1.0,
444.73,,1.0,
444.77,,1.0,
444.8,,1.0,
444.83,,1.0,
444.87,,1.0,
444.9,,1.0,
444.93,,1.0,
444.97,,1.0,
445.0,0.0,1.0,
445.04,,1.0,
445.07,,1.0,
445.1,,1.0,
445.14,,1.0,
445.17,,1.0,
445.2,,1.0,
445.24,,1.0,
445.27,,1.0,
445.3,,1.0,
445.34,,1.0,
445.37,,1.0,
445.4,,1.0,
445.43,,1.0,
445.47,,1.0,
445.5,0.0,1.0,
445.54,,1.0,
445.57,,1.0,
445.6,,1.0,
445.64,,1.0,
445.67,,1.0,
445.7,,1.0,
445.74,,1.0,
445.77,,1.0,
445.8,,1.0,
445.84,,1.0,
445.87,,1.0,
445.9,,1.0,
445.93,,1.0,
445.97,,1.0,
446.0,0.0,1.0,
446.04,,1.0,
446.07,,1.0,
446.1,,1.0,
446.14,,1.0,
446.17,,1.0,
446.2,,1.0,
446.24,,1.0,
446.27,,1.0,
446.3,,1.0,
446.34,,1.0,
446.37,,1.0,
446.4,,1.0,
446.43,,1.0,
446.47,,1.0,
446.5,0.0,1.0,
446.54,,1.0,
446.57,,1.0,
446.6,,1.0,
446.64,,1.0,
446.67,,1.0,
446.7,,1.0,
446.74,,1.0,
446.77,,1.0,
446.8,,1.0,
446.84,,1.0,
446.87,,1.0,
446.9,,1.0,
446.93,,1.0,
446.97,,1.0,
447.0,,1.0,
447.03,0.0,,
447.04,,1.0,
447.07,,1.0,
447.1,,1.0,
447.14,,1.0,
447.17,,1.0,
447.2,,1.0,
447.24,,1.0,
447.27,,1.0,
447.3,,1.0,
447.34,,1.0,
447.37,,1.0,
447.4,,1.0,
447.43,,1.0,
447.47,,1.0,
447.5,,1.0,
447.53,0.0,,
447.54,,1.0,
447.57,,1.0,
447.6,,1.0,
447.64,,1.0,
447.67,,1.0,
447.7,,1.0,
447.74,,1.0,
447.77,,1.0,
447.8,,1.0,
447.84,,1.0,
447.87,,1.0,
447.9,,1.0,
447.93,,1.0,
447.97,,1.0,
448.0,,1.0,
448.03,0.0,,
448.04,,1.0,
448.07,,1.0,
448.1,,1.0,
448.14,,1.0,
448.17,,1.0,
448.2,,1.0,
448.24,,1.0,
448.27,,1.0,
448.3,,1.0,
448.34,,1.0,
448.37,,1.0,
448.4,,1.0,
448.43,,1.0,
448.47,,1.0,
448.5,,1.0,
448.53,0.0,,
448.54,,1.0,
448.57,,1.0,
448.6,,1.0,
448.64,,1.0,
448.67,,1.0,
448.7,,1.0,
448.74,,1.0,
448.77,,1.0,
448.8,,1.0,
448.84,,1.0,
448.87,,1.0,
448.9,,1.0,
448.93,,1.0,
448.97,,1.0,
449.0,,1.0,
449.03,0.0,,
449.04,,1.0,
449.07,,1.0,
449.1,,1.0,
449.14,,1.0,
449.17,,1.0,
449.2,,1.0,
449.24,,1.0,
449.27,,1.0,
449.3,,1.0,
449.34,,1.0,
449.37,,1.0,
449.4,,1.0,
449.44,,1.0,
449.47,,1.0,
449.5,,1.0,
449.53,0.0,,
449.54,,1.0,
449.57,,1.0,
449.6,,1.0,
449.64,,1.0,
449.67,,1.0,
449.7,,1.0,
449.74,,1.0,
449.77,,1.0,
449.8,,1.0,
449.84,,1.0,
449.87,,1.0,
449.9,,1.0,
449.94,,1.0,
449.97,,1.0,
450.0,,1.0,
450.03,0.0,,
450.04,,1.0,
450.07,,1.0,
450.1,,1.0,
450.14,,1.0,
450.17,,1.0,
450.2,,1.0,
450.24,,1.0,
450.27,,1.0,
450.3,,1.0,
450.34,,1.0,
450.37,,1.0,
450.4,,1.0,
450.44,,1.0,
450.47,,1.0,
450.5,,1.0,
450.53,0.0,,
450.54,,1.0,
450.57,,1.0,
450.6,,1.0,
450.64,,1.0,
450.67,,1.0,
450.7,,1.0,
450.74,,1.0,
450.77,,1.0,
450.8,,1.0,
450.84,,1.0,
450.87,,1.0,
450.9,,1.0,
450.94,,1.0,
451.0,,1.0,
451.03,0.0,,
451.5,,1.0,
451.53,0.0,,
452.0,,1.0,
452.03,0.0,,
452.5,,1.0,
452.53,0.0,,
453.0,,2.0,
453.03,0.0,,
453.5,,2.0,
453.53,0.0,,
454.0,,2.0,
454.03,0.0,,
454.5,,2.0,
454.53,0.0,,
455.0,,2.0,
455.03,0.0,,
455.5,,2.0,
455.53,0.0,,
456.0,,2.0,
456.03,0.0,,
456.5,0.0,2.0,
457.0,0.0,1.0,
457.5,0.0,0.0,
458.0,0.0,,
458.03,,0.0,
458.5,0.0,,
458.53,,1.0,
459.0,0.0,,
459.03,,1.0,
459.5,0.0,,
459.53,,1.0,
460.0,0.0,,
460.03,,1.0,
460.5,0.0,,
460.53,,1.0,
461.0,0.0,,
461.03,,1.0,
461.5,0.0,,
461.53,,1.0,
462.0,0.0,,
462.03,,1.0,
462.5,0.0,1.0,
463.0,0.0,1.0,
463.5,0.0,1.0,
464.0,0.0,1.0,
464.5,0.0,1.0,
465.0,0.0,1.0,
465.5,0.0,1.0,
466.0,0.0,1.0,
466.5,,1.0,
466.53,0.0,,
467.0,,1.0,
467.03,0.0,,
467.5,,1.0,
467.53,0.0,,
468.0,,1.0,
468.03,0.0,,
468.5,,1.0,
468.53,0.0,,
469.0,,1.0,
469.03,0.0,,
469.5,,1.0,
469.53,0.0,,
470.0,,1.0,
470.03,0.0,,
470.5,,1.0,
470.53,0.0,,
471.0,,1.0,
471.03,0.0,,
471.5,,1.0,
471.53,0.0,,
472.0,,1.0,
472.03,0.0,,
472.5,,1.0,
472.53,0.0,,
473.0,,1.0,
473.03,0.0,,
473.5,,1.0,
473.53,0.0,,
474.0,,1.0,
474.03,0.0,,
474.5,,0.0,
474.53,0.0,,
475.0,,0.0,
475.03,0.0,,
475.5,,0.0,
475.53,0.0,,
476.0,,1.0,
476.03,0.0,,
476.5,0.0,1.0,
477.0,0.0,1.0,
477.5,0.0,1.0,
478.0,0.0,1.0,
478.5,0.0,,
478.53,,1.0,
479.0,0.0,,
479.03,,1.0,
479.5,0.0,,
479.53,,1.0,
480.0,0.0,,
480.03,,1.0,
480.5,0.0,,
480.53,,1.0,
481.0,0.0,,
481.03,,1.0,
481.5,0.0,,
481.53,,1.0,
482.0,0.0,,
482.03,,1.0,
482.5,0.0,,
482.53,,0.0,
483.0,0.0,,
483.03,,0.0,
483.5,0.0,0.0,
484.0,0.0,0.0,
484.5,0.0,0.0,
485.0,0.0,0.0,
485.5,0.0,0.0,
486.0,0.0,0.0,
486.5,0.0,1.0,
487.0,,1.0,
487.03,0.0,,
487.5,,2.0,
487.53,0.0,,
488.0,,2.0,
488.03,0.0,,
488.5,,2.0,
488.53,0.0,,
489.0,,1.0,
489.03,0.0,,
489.5,,1.0,
489.53,0.0,,
490.0,,1.0,
490.03,0.0,,
490.5,,1.0,
490.53,0.0,,
491.0,,1.0,
491.03,0.0,,
491.5,,1.0,
491.53,0.0,,
492.0,,1.0,
492.03,0.0,,
492.5,,1.0,
492.53,0.0,,
493.0,,1.0,
493.03,0.0,,
493.5,,0.0,
493.53,1.0,,
494.0,,1.0,
494.03,0.0,,
494.5,,1.0,
494.53,0.0,,
495.0,,1.0,
495.03,0.0,,
495.5,,1.0,
495.53,0.0,,
496.0,,1.0,
496.03,0.0,,
496.5,0.0,1.0,
497.0,0.0,1.0,
497.5,0.0,1.0,
498.0,0.0,1.0,
498.5,0.0,,
498.53,,1.0,
499.0,0.0,,
499.03,,1.0,
499.5,0.0,,
499.53,,1.0,
500.0,0.0,,
500.03,,1.0,
500.5,0.0,,
500.53,,1.0,
501.0,0.0,,
501.03,,1.0,
501.5,0.0,,
501.53,,1.0,
502.0,0.0,,
502.03,,1.0,
502.5,0.0,,
502.53,,1.0,
503.0,0.0,,
503.03,,1.0,
503.5,0.0,,
503.53,,1.0,
504.0,0.0,,
504.03,,1.0,
504.5,0.0,,
504.53,,1.0,
505.0,0.0,1.0,
505.5,0.0,1.0,
506.0,,1.0,
506.03,0.0,,
506.5,,1.0,
506.53,0.0,,
507.0,,1.0,
507.03,0.0,,
507.5,,1.0,
507.53,0.0,,
508.0,,1.0,
508.03,0.0,,
508.5,,1.0,
508.53,0.0,,
509.0,,1.0,
509.03,0.0,,
509.5,,1.0,
509.53,0.0,,
510.0,,1.0,
510.03,0.0,,
510.5,,1.0,
510.53,0.0,,
511.0,,1.0,
511.03,0.0,,
511.5,,1.0,
511.53,0.0,,
512.0,,1.0,
512.03,0.0,,
512.5,,1.0,
512.53,0.0,,
513.0,,1.0,
513.03,0.0,,
513.5,,1.0,
513.53,0.0,,
514.0,,1.0,
514.03,0.0,,
514.5,,1.0,
514.53,0.0,,
515.0,,1.0,
515.03,0.0,,1.0
515.06,,,1.0
515.09,,,1.0
515.13,,,1.0
515.16,,,1.0
515.19,,,1.0
515.23,,,1.0
515.26,,,1.0
515.29,,,1.0
515.33,,,1.0
515.36,,,1.0
515.39,,,1.0
515.43,,,1.0
515.46,,,1.0
515.49,,,1.0
515.5,,1.0,
515.53,0.0,,1.0
515.56,,,1.0
515.59,,,1.0
515.63,,,1.0
515.66,,,1.0
515.69,,,1.0
515.73,,,1.0
515.76,,,1.0
515.79,,,1.0
515.83,,,1.0
515.86,,,1.0
515.89,,,1.0
515.93,,,1.0
515.96,,,1.0
515.99,,,1.0
516.0,,1.0,
516.03,0.0,,1.0
516.06,,,1.0
516.09,,,1.0
516.13,,,1.0
516.16,,,1.0
516.19,,,1.0
516.23,,,1.0
516.26,,,1.0
516.29,,,1.0
516.33,,,1.0
516.36,,,1.0
516.39,,,1.0
516.43,,,1.0
516.46,,,1.0
516.49,,,1.0
516.5,0.0,1.0,
516.53,,,1.0
516.56,,,1.0
516.59,,,1.0
516.63,,,1.0
516.66,,,1.0
516.69,,,1.0
516.73,,,1.0
516.76,,,1.0
516.8,,,1.0
516.83,,,1.0
516.86,,,1.0
516.9,,,1.0
516.93,,,1.0
516.96,,,1.0
516.99,,,1.0
517.0,0.0,1.0,
517.03,,,1.0
517.06,,,1.0
517.1,,,1.0
517.13,,,1.0
517.16,,,1.0
517.19,,,1.0
517.23,,,1.0
517.26,,,1.0
517.3,,,1.0
517.33,,,1.0
517.36,,,1.0
517.4,,,1.0
517.43,,,1.0
517.46,,,1.0
517.49,,,1.0
517.5,0.0,1.0,
517.53,,,1.0
517.56,,,1.0
517.6,,,1.0
517.63,,,1.0
517.66,,,1.0
517.69,,,1.0
517.73,,,1.0
517.76,,,1.0
517.8,,,1.0
517.83,,,1.0
517.86,,,1.0
517.9,,,1.0
517.93,,,1.0
517.96,,,1.0
517.99,,,1.0
518.0,0.0,1.0,
518.03,,,1.0
518.06,,,1.0
518.1,,,1.0
518.13,,,1.0
518.16,,,1.0
518.19,,,1.0
518.23,,,1.0
518.26,,,1.0
518.3,,,1.0
518.33,,,1.0
518.36,,,1.0
518.4,,,1.0
518.43,,,1.0
518.46,,,1.0
518.49,,,1.0
518.5,0.0,,
518.53,,1.0,1.0
518.56,,,1.0
518.6,,,1.0
518.63,,,1.0
518.66,,,1.0
518.69,,,1.0
518.73,,,1.0
518.76,,,1.0
518.8,,,1.0
518.83,,,1.0
518.86,,,1.0
518.9,,,1.0
518.93,,,1.0
518.96,,,1.0
518.99,,,1.0
519.0,0.0,,
519.03,,1.0,1.0
519.06,,,1.0
519.1,,,1.0
519.13,,,1.0
519.16,,,1.0
519.19,,,1.0
519.23,,,1.0
519.26,,,1.0
519.3,,,1.0
519.33,,,1.0
519.36,,,1.0
519.4,,,1.0
519.43,,,1.0
519.46,,,1.0
519.49,,,1.0
519.5,0.0,,
519.53,,1.0,1.0
519.56,,,1.0
519.6,,,1.0
519.63,,,1.0
519.66,,,1.0
519.69,,,1.0
519.73,,,1.0
519.76,,,1.0
519.8,,,1.0
519.83,,,1.0
519.86,,,1.0
519.9,,,1.0
519.93,,,1.0
519.96,,,1.0
519.99,,,1.0
520.0,0.0,,
520.03,,1.0,1.0
520.06,,,1.0
520.1,,,1.0
520.13,,,1.0
520.16,,,1.0
520.19,,,1.0
520.23,,,1.0
520.26,,,1.0
520.3,,,1.0
520.33,,,1.0
520.36,,,1.0
520.4,,,1.0
520.43,,,1.0
520.46,,,1.0
520.49,,,1.0
520.5,0.0,,
520.53,,1.0,1.0
520.56,,,1.0
520.6,,,1.0
520.63,,,1.0
520.66,,,1.0
520.7,,,1.0
520.73,,,1.0
520.76,,,1.0
520.8,,,1.0
520.83,,,1.0
520.86,,,1.0
520.9,,,1.0
520.93,,,1.0
520.96,,,1.0
521.0,0.0,,1.0
521.03,,1.0,1.0
521.06,,,1.0
521.1,,,1.0
521.13,,,1.0
521.16,,,1.0
521.2,,,1.0
521.23,,,1.0
521.26,,,1.0
521.3,,,1.0
521.33,,,1.0
521.36,,,1.0
521.4,,,1.0
521.43,,,1.0
521.46,,,1.0
521.5,0.0,,1.0
521.53,,1.0,1.0
521.56,,,1.0
521.6,,,1.0
521.63,,,1.0
521.66,,,1.0
521.7,,,1.0
521.73,,,1.0
521.76,,,1.0
521.8,,,1.0
521.83,,,1.0
521.86,,,1.0
521.9,,,1.0
521.93,,,1.0
521.96,,,1.0
522.0,0.0,,1.0
522.03,,2.0,1.0
522.06,,,1.0
522.1,,,1.0
522.13,,,1.0
522.16,,,1.0
522.19,,,1.0
522.22,,,1.0
522.26,,,1.0
522.29,,,1.0
522.32,,,1.0
522.36,,,1.0
522.39,,,1.0
522.42,,,1.0
522.45,,,1.0
522.49,,,1.0
522.5,0.0,,
522.52,,,1.0
522.53,,2.0,
522.56,,,1.0
522.59,,,1.0
522.62,,,1.0
522.66,,,1.0
522.69,,,1.0
522.72,,,1.0
522.76,,,1.0
522.79,,,1.0
522.82,,,1.0
522.86,,,1.0
522.89,,,1.0
522.92,,,1.0
522.95,,,1.0
522.99,,,1.0
523.0,0.0,,
523.02,,,1.0
523.03,,2.0,
523.06,,,1.0
523.09,,,1.0
523.12,,,1.0
523.16,,,1.0
523.19,,,1.0
523.22,,,1.0
523.26,,,1.0
523.29,,,1.0
523.32,,,1.0
523.36,,,1.0
523.39,,,1.0
523.42,,,1.0
523.45,,,1.0
523.49,,,1.0
523.5,0.0,,
523.52,,,1.0
523.53,,1.0,
523.56,,,1.0
523.59,,,1.0
523.62,,,1.0
523.66,,,1.0
523.69,,,1.0
523.72,,,1.0
523.76,,,1.0
523.79,,,1.0
523.82,,,1.0
523.86,,,1.0
523.89,,,1.0
523.92,,,1.0
523.95,,,1.0
523.99,,,1.0
524.0,0.0,,
524.02,,,1.0
524.03,,1.0,
524.06,,,1.0
524.09,,,1.0
524.12,,,1.0
524.16,,,1.0
524.19,,,1.0
524.22,,,1.0
524.26,,,1.0
524.29,,,1.0
524.32,,,1.0
524.36,,,1.0
524.39,,,1.0
524.42,,,1.0
524.45,,,1.0
524.49,,,1.0
524.5,0.0,,
524.52,,,1.0
524.53,,1.0,
524.56,,,1.0
524.59,,,1.0
524.62,,,1.0
524.66,,,1.0
524.69,,,1.0
524.72,,,1.0
524.76,,,1.0
524.79,,,1.0
524.82,,,1.0
524.86,,,1.0
524.89,,,1.0
524.92,,,1.0
524.96,,,1.0
524.99,,,1.0
525.0,0.0,,
525.02,,,1.0
525.03,,1.0,
525.06,,,1.0
525.09,,,1.0
525.12,,,1.0
525.16,,,1.0
525.19,,,1.0
525.22,,,1.0
525.26,,,1.0
525.29,,,1.0
525.32,,,1.0
525.36,,,1.0
525.39,,,1.0
525.42,,,1.0
525.46,,,1.0
525.49,,,1.0
525.52,,,1.0
525.53,0.0,1.0,
525.56,,,1.0
525.59,,,1.0
525.62,,,1.0
525.66,,,1.0
525.69,,,1.0
525.72,,,1.0
525.76,,,1.0
525.79,,,1.0
525.82,,,1.0
525.86,,,1.0
525.89,,,1.0
525.92,,,1.0
525.96,,,1.0
525.99,,,1.0
526.02,,,1.0
526.03,0.0,1.0,
526.06,,,1.0
526.09,,,1.0
526.12,,,1.0
526.16,,,1.0
526.21,,,1.0
526.23,,,1.0
526.26,,,1.0
526.29,,,1.0
526.32,,,1.0
526.36,,,1.0
526.39,,,1.0
526.42,,,1.0
526.46,,,1.0
526.49,,,1.0
526.5,,1.0,
526.52,,,1.0
526.53,0.0,,
526.56,,,1.0
526.59,,,1.0
526.62,,,1.0
526.66,,,1.0
526.69,,,1.0
526.72,,,1.0
526.76,,,1.0
526.79,,,1.0
526.82,,,1.0
526.86,,,1.0
526.89,,,1.0
526.92,,,1.0
526.96,,,1.0
526.99,,,1.0
527.0,,1.0,
527.02,,,1.0
527.03,0.0,,
527.06,,,1.0
527.09,,,1.0
527.12,,,1.0
527.16,,,1.0
527.19,,,1.0
527.22,,,1.0
527.26,,,1.0
527.29,,,1.0
527.32,,,1.0
527.36,,,1.0
527.39,,,1.0
527.42,,,1.0
527.46,,,1.0
527.49,,,1.0
527.5,,1.0,
527.52,,,1.0
527.53,0.0,,
527.56,,,1.0
527.59,,,1.0
527.62,,,1.0
527.66,,,1.0
527.69,,,1.0
527.72,,,1.0
527.76,,,1.0
527.79,,,1.0
527.82,,,1.0
527.86,,,1.0
527.89,,,1.0
527.92,,,1.0
527.96,,,1.0
527.99,,,1.0
528.0,,1.0,
528.02,,,1.0
528.03,0.0,,
528.06,,,1.0
528.09,,,1.0
528.12,,,1.0
528.16,,,1.0
528.19,,,1.0
528.22,,,1.0
528.26,,,1.0
528.29,,,1.0
528.32,,,1.0
528.36,,,1.0
528.39,,,1.0
528.42,,,1.0
528.46,,,1.0
528.49,,,1.0
528.5,,1.0,
528.52,,,1.0
528.53,0.0,,
528.56,,,1.0
528.59,,,1.0
528.62,,,1.0
528.66,,,1.0
528.69,,,1.0
528.72,,,1.0
528.76,,,1.0
528.79,,,1.0
528.83,,,1.0
528.86,,,1.0
528.89,,,1.0
528.92,,,1.0
528.96,,,1.0
528.99,,,1.0
529.0,,1.0,
529.03,0.0,,1.0
529.06,,,1.0
529.09,,,1.0
529.12,,,1.0
529.16,,,1.0
529.19,,,1.0
529.22,,,1.0
529.26,,,1.0
529.29,,,1.0
529.33,,,1.0
529.36,,,1.0
529.39,,,1.0
529.42,,,1.0
529.46,,,1.0
529.49,,,1.0
529.5,,1.0,
529.53,0.0,,1.0
529.56,,,1.0
529.59,,,1.0
529.62,,,1.0
529.66,,,1.0
529.69,,,1.0
529.72,,,1.0
529.76,,,1.0
529.79,,,1.0
529.83,,,1.0
529.86,,,1.0
529.89,,,1.0
529.92,,,1.0
529.96,,,1.0
529.99,,,1.0
530.0,,1.0,
530.03,0.0,,1.0
530.06,,,1.0
530.09,,,1.0
530.12,,,1.0
530.16,,,1.0
530.19,,,1.0
530.22,,,1.0
530.26,,,1.0
530.29,,,1.0
530.33,,,1.0
530.36,,,1.0
530.39,,,1.0
530.42,,,1.0
530.46,,,1.0
530.49,,,1.0
530.5,,1.0,
530.53,0.0,,1.0
530.56,,,1.0
530.59,,,1.0
530.62,,,1.0
530.66,,,1.0
530.69,,,1.0
530.72,,,1.0
530.76,,,1.0
530.79,,,1.0
530.83,,,1.0
530.86,,,1.0
530.89,,,1.0
530.92,,,1.0
530.96,,,1.0
530.99,,,1.0
531.0,,1.0,
531.03,0.0,,1.0
531.06,,,1.0
531.09,,,1.0
531.12,,,1.0
531.16,,,1.0
531.19,,,1.0
531.22,,,1.0
531.26,,,1.0
531.29,,,1.0
531.33,,,1.0
531.36,,,1.0
531.39,,,1.0
531.42,,,1.0
531.46,,,1.0
531.49,,,1.0
531.5,,1.0,
531.53,0.0,,1.0
531.56,,,1.0
531.59,,,1.0
531.62,,,1.0
531.66,,,1.0
531.69,,,1.0
531.72,,,1.0
531.76,,,1.0
531.79,,,1.0
531.83,,,1.0
531.86,,,1.0
531.89,,,1.0
531.92,,,1.0
531.96,,,1.0
531.99,,,1.0
532.0,,1.0,
532.03,0.0,,1.0
532.06,,,1.0
532.09,,,1.0
532.12,,,1.0
532.16,,,1.0
532.19,,,1.0
532.22,,,1.0
532.26,,,1.0
532.29,,,1.0
532.33,,,1.0
532.36,,,1.0
532.39,,,1.0
532.42,,,1.0
532.46,,,1.0
532.49,,,1.0
532.5,,1.0,
532.53,0.0,,1.0
532.56,,,1.0
532.59,,,1.0
532.62,,,1.0
532.66,,,1.0
532.69,,,1.0
532.73,,,1.0
532.76,,,1.0
532.8,,,1.0
532.83,,,1.0
532.86,,,1.0
532.89,,,1.0
532.93,,,1.0
532.96,,,1.0
532.99,,,1.0
533.0,,1.0,
533.03,0.0,,1.0
533.06,,,1.0
533.09,,,1.0
533.13,,,1.0
533.16,,,1.0
533.19,,,1.0
533.23,,,1.0
533.26,,,1.0
533.29,,,1.0
533.33,,,1.0
533.36,,,1.0
533.39,,,1.0
533.43,,,1.0
533.46,,,1.0
533.49,,,1.0
533.5,,1.0,
533.53,0.0,,1.0
533.56,,,1.0
533.59,,,1.0
533.63,,,1.0
533.66,,,1.0
533.69,,,1.0
533.73,,,1.0
533.76,,,1.0
533.79,,,1.0
533.83,,,1.0
533.86,,,1.0
533.89,,,1.0
533.93,,,1.0
533.96,,,1.0
533.99,,,1.0
534.0,,1.0,
534.03,0.0,,1.0
534.06,,,1.0
534.09,,,1.0
534.13,,,1.0
534.16,,,1.0
534.19,,,1.0
534.23,,,1.0
534.26,,,1.0
534.29,,,1.0
534.33,,,1.0
534.36,,,1.0
534.39,,,1.0
534.43,,,1.0
534.46,,,1.0
534.49,,,1.0
534.5,,1.0,
534.53,0.0,,1.0
534.56,,,1.0
534.59,,,1.0
534.63,,,1.0
534.66,,,1.0
534.69,,,1.0
534.73,,,1.0
534.76,,,1.0
534.79,,,1.0
534.83,,,1.0
534.86,,,1.0
534.89,,,1.0
534.93,,,1.0
534.96,,,1.0
534.99,,,1.0
535.0,,0.0,
535.03,0.0,,1.0
535.06,,,1.0
535.09,,,1.0
535.13,,,1.0
535.16,,,1.0
535.19,,,1.0
535.23,,,1.0
535.26,,,1.0
535.29,,,1.0
535.33,,,1.0
535.36,,,1.0
535.39,,,1.0
535.43,,,1.0
535.46,,,1.0
535.49,,,1.0
535.5,,2.0,
535.52,0.0,,
535.53,,,1.0
535.56,,,1.0
535.59,,,1.0
535.63,,,1.0
535.66,,,1.0
535.69,,,1.0
535.73,,,1.0
535.76,,,1.0
535.79,,,1.0
535.83,,,1.0
535.86,,,1.0
535.89,,,1.0
535.93,,,1.0
535.96,,,1.0
535.99,,,1.0
536.0,,1.0,
536.03,0.0,,1.0
536.06,,,1.0
536.09,,,1.0
536.13,,,1.0
536.16,,,1.0
536.19,,,1.0
536.23,,,1.0
536.26,,,1.0
536.29,,,1.0
536.33,,,1.0
536.36,,,1.0
536.39,,,1.0
536.43,,,1.0
536.46,,,1.0
536.49,,,1.0
536.5,2.0,1.0,
536.58,,,1.0
536.59,,,1.0
536.63,,,1.0
536.66,,,1.0
536.69,,,1.0
536.72,,,1.0
536.74,,,1.0
536.75,,,1.0
536.77,,,1.0
536.79,,,1.0
536.83,,,1.0
536.86,,,0.0
536.9,,,0.0
536.93,,,0.0
536.96,,,0.0
536.99,,,0.0
537.0,2.0,2.0,
537.03,,,0.0
537.06,,,0.0
537.1,,,0.0
537.13,,,1.0
537.16,,,1.0
537.19,,,1.0
537.23,,,1.0
537.26,,,1.0
537.3,,,1.0
537.33,,,1.0
537.36,,,1.0
537.4,,,1.0
537.43,,,1.0
537.46,,,1.0
537.49,,,1.0
537.5,2.0,,
537.53,,1.0,1.0
537.56,,,1.0
537.6,,,1.0
537.63,,,1.0
537.66,,,1.0
537.69,,,1.0
537.73,,,1.0
537.76,,,1.0
537.8,,,1.0
537.83,,,1.0
537.86,,,1.0
537.9,,,1.0
537.93,,,1.0
537.96,,,1.0
537.99,,,1.0
538.0,1.0,,
538.03,,2.0,1.0
538.06,,,1.0
538.1,,,1.0
538.13,,,1.0
538.16,,,1.0
538.19,,,1.0
538.23,,,1.0
538.26,,,1.0
538.3,,,1.0
538.33,,,1.0
538.36,,,1.0
538.4,,,1.0
538.43,,,1.0
538.46,,,1.0
538.49,,,1.0
538.5,2.0,,
538.53,,1.0,1.0
538.56,,,1.0
538.6,,,1.0
538.63,,,1.0
538.66,,,1.0
538.69,,,1.0
538.73,,,1.0
538.76,,,1.0
538.8,,,1.0
538.83,,,1.0
538.86,,,1.0
538.9,,,1.0
538.93,,,1.0
538.96,,,1.0
538.99,,,1.0
539.0,2.0,,
539.03,,1.0,1.0
539.06,,,1.0
539.1,,,1.0
539.13,,,1.0
539.16,,,1.0
539.19,,,2.0
539.23,,,2.0
539.26,,,2.0
539.3,,,2.0
539.33,,,2.0
539.36,,,2.0
539.4,,,2.0
539.43,,,2.0
539.46,,,2.0
539.49,,,2.0
539.5,2.0,,
539.53,,1.0,2.0
539.56,,,2.0
539.6,,,2.0
539.63,,,2.0
539.66,,,2.0
539.69,,,2.0
539.73,,,2.0
539.76,,,2.0
539.8,,,2.0
539.83,,,2.0
539.86,,,2.0
539.9,,,2.0
539.93,,,2.0
539.96,,,2.0
539.99,,,2.0
540.0,2.0,,
540.03,,1.0,2.0
540.06,,,2.0
540.1,,,2.0
540.13,,,2.0
540.16,,,2.0
540.19,,,2.0
540.23,,,2.0
540.26,,,2.0
540.3,,,2.0
540.33,,,2.0
540.36,,,2.0
540.4,,,2.0
540.43,,,2.0
540.46,,,2.0
540.49,,,2.0
540.5,2.0,,
540.53,,1.0,2.0
540.56,,,2.0
540.6,,,2.0
540.63,,,2.0
540.66,,,2.0
540.7,,,2.0
540.73,,,2.0
540.76,,,2.0
540.8,,,2.0
540.83,,,2.0
540.86,,,2.0
540.9,,,2.0
540.93,,,2.0
540.96,,,2.0
541.0,1.0,,2.0
541.03,,1.0,2.0
541.06,,,2.0
541.1,,,2.0
541.13,,,2.0
541.16,,,2.0
541.2,,,2.0
541.23,,,2.0
541.26,,,2.0
541.29,,,2.0
541.32,,,2.0
541.36,,,2.0
541.39,,,2.0
541.42,,,2.0
541.45,,,2.0
541.49,,,2.0
541.5,1.0,,
541.52,,,2.0
541.53,,1.0,
541.56,,,2.0
541.59,,,2.0
541.62,,,2.0
541.66,,,2.0
541.69,,,2.0
541.72,,,2.0
541.76,,,2.0
541.79,,,2.0
541.82,,,2.0
541.86,,,2.0
541.89,,,2.0
541.92,,,2.0
541.95,,,2.0
541.99,,,2.0
542.0,1.0,,
542.02,,,2.0
542.03,,1.0,
542.06,,,2.0
542.09,,,2.0
542.12,,,2.0
542.16,,,2.0
542.19,,,2.0
542.22,,,2.0
542.26,,,2.0
542.29,,,2.0
542.32,,,2.0
542.36,,,2.0
542.39,,,2.0
542.42,,,2.0
542.45,,,2.0
542.49,,,2.0
542.5,1.0,,
542.52,,,2.0
542.53,,1.0,
542.56,,,2.0
542.59,,,2.0
542.62,,,2.0
542.66,,,2.0
542.69,,,2.0
542.72,,,2.0
542.76,,,2.0
542.79,,,2.0
542.82,,,2.0
542.86,,,2.0
542.89,,,2.0
542.92,,,2.0
542.95,,,2.0
542.99,,,2.0
543.0,1.0,,
543.02,,,2.0
543.03,,1.0,
543.06,,,2.0
543.09,,,2.0
543.12,,,2.0
543.16,,,2.0
543.19,,,2.0
543.22,,,2.0
543.26,,,2.0
543.29,,,2.0
543.32,,,2.0
543.36,,,2.0
543.39,,,2.0
543.42,,,2.0
543.45,,,2.0
543.49,,,2.0
543.5,1.0,,
543.52,,,2.0
543.53,,1.0,
543.56,,,2.0
543.59,,,2.0
543.62,,,2.0
543.66,,,2.0
543.69,,,2.0
543.72,,,2.0
543.76,,,2.0
543.79,,,2.0
543.82,,,2.0
543.86,,,2.0
543.89,,,2.0
543.92,,,2.0
543.95,,,2.0
543.99,,,2.0
544.0,1.0,,
544.02,,,2.0
544.03,,1.0,
544.06,,,2.0
544.09,,,2.0
544.12,,,2.0
544.16,,,2.0
544.19,,,2.0
544.22,,,2.0
544.26,,,2.0
544.29,,,2.0
544.32,,,2.0
544.36,,,2.0
544.39,,,2.0
544.42,,,2.0
544.45,,,2.0
544.49,,,2.0
544.52,,,2.0
544.53,1.0,1.0,
544.56,,,2.0
544.59,,,2.0
544.62,,,2.0
544.66,,,2.0
544.69,,,2.0
544.72,,,2.0
544.76,,,2.0
544.79,,,2.0
544.82,,,2.0
544.86,,,2.0
544.89,,,2.0
544.92,,,2.0
544.96,,,2.0
544.99,,,2.0
545.02,,,2.0
545.03,1.0,1.0,
545.06,,,2.0
545.09,,,2.0
545.12,,,2.0
545.16,,,2.0
545.19,,,2.0
545.22,,,2.0
545.26,,,2.0
545.29,,,2.0
545.32,,,2.0
545.36,,,2.0
545.39,,,2.0
545.42,,,2.0
545.46,,,2.0
545.49,,,2.0
545.52,,,2.0
545.53,1.0,1.0,
545.56,,,2.0
545.59,,,2.0
545.62,,,2.0
545.66,,,2.0
545.69,,,2.0
545.72,,,2.0
545.76,,,2.0
545.79,,,2.0
545.82,,,2.0
545.86,,,2.0
545.89,,,2.0
545.92,,,2.0
545.96,,,2.0
545.99,,,2.0
546.02,,,2.0
546.03,1.0,1.0,
546.06,,,2.0
546.09,,,2.0
546.12,,,2.0
546.16,,,2.0
546.19,,,2.0
546.22,,,2.0
546.26,,,2.0
546.29,,,2.0
546.32,,,2.0
546.36,,,2.0
546.39,,,2.0
546.42,,,2.0
546.46,,,2.0
546.49,,,2.0
546.52,,,2.0
546.53,2.0,1.0,
546.56,,,2.0
546.59,,,2.0
546.62,,,2.0
546.66,,,2.0
546.69,,,2.0
546.72,,,2.0
546.76,,,2.0
546.79,,,2.0
546.82,,,2.0
546.86,,,2.0
546.89,,,2.0
546.92,,,2.0
546.96,,,2.0
546.99,,,2.0
547.02,,,2.0
547.03,1.0,1.0,
547.06,,,2.0
547.09,,,2.0
547.12,,,2.0
547.16,,,2.0
547.19,,,2.0
547.22,,,2.0
547.26,,,1.0
547.29,,,1.0
547.32,,,1.0
547.36,,,1.0
547.39,,,1.0
547.42,,,1.0
547.46,,,1.0
547.49,,,1.0
547.52,,,1.0
547.53,1.0,1.0,
547.56,,,1.0
547.59,,,1.0
547.62,,,1.0
547.66,,,1.0
547.69,,,1.0
547.72,,,1.0
547.76,,,1.0
547.79,,,1.0
547.82,,,1.0
547.86,,,1.0
547.89,,,1.0
547.92,,,1.0
547.96,,,1.0
547.99,,,2.0
548.0,,1.0,
548.02,,,2.0
548.03,2.0,,
548.06,,,2.0
548.09,,,2.0
548.12,,,2.0
548.16,,,2.0
548.19,,,2.0
548.22,,,2.0
548.25,,,2.0
548.27,,,2.0
548.29,,,2.0
548.32,,,2.0
548.36,,,2.0
548.39,,,2.0
548.42,,,2.0
548.46,,,2.0
548.49,,,2.0
548.5,,2.0,
548.52,,,2.0
548.53,2.0,,
548.56,,,2.0
548.59,,,2.0
548.62,,,2.0
548.66,,,2.0
548.69,,,2.0
548.72,,,2.0
548.76,,,2.0
548.79,,,2.0
548.83,,,2.0
548.86,,,2.0
548.89,,,2.0
548.92,,,2.0
548.96,,,2.0
548.99,,,2.0
549.0,,2.0,
549.03,2.0,,2.0
549.06,,,2.0
549.09,,,2.0
549.12,,,2.0
549.16,,,2.0
549.19,,,2.0
549.22,,,2.0
549.26,,,2.0
549.29,,,2.0
549.33,,,2.0
549.36,,,2.0
549.39,,,2.0
549.42,,,2.0
549.46,,,2.0
549.49,,,2.0
549.5,,1.0,
549.53,2.0,,2.0
549.56,,,2.0
549.59,,,2.0
549.62,,,2.0
549.66,,,2.0
549.69,,,2.0
549.72,,,2.0
549.76,,,2.0
549.79,,,2.0
549.83,,,2.0
549.86,,,2.0
549.89,,,2.0
549.92,,,2.0
549.96,,,2.0
549.99,,,2.0
550.0,,1.0,
550.03,1.0,,2.0
550.06,,,2.0
550.09,,,2.0
550.12,,,2.0
550.16,,,2.0
550.19,,,2.0
550.22,,,2.0
550.26,,,2.0
550.29,,,2.0
550.33,,,2.0
550.36,,,2.0
550.39,,,2.0
550.42,,,2.0
550.46,,,2.0
550.49,,,2.0
550.5,,1.0,
550.53,1.0,,2.0
550.56,,,2.0
550.59,,,2.0
550.62,,,2.0
550.66,,,2.0
550.69,,,2.0
550.72,,,2.0
550.76,,,2.0
550.79,,,2.0
550.83,,,2.0
550.86,,,2.0
550.89,,,2.0
550.92,,,2.0
550.96,,,2.0
550.99,,,2.0
551.0,,1.0,
551.03,2.0,,2.0
551.06,,,2.0
551.1,,,2.0
551.12,,,2.0
551.16,,,1.0
551.19,,,1.0
551.22,,,1.0
551.26,,,1.0
551.29,,,1.0
551.33,,,1.0
551.36,,,1.0
551.39,,,1.0
551.42,,,1.0
551.46,,,1.0
551.49,,,1.0
551.5,,1.0,
551.53,1.0,,1.0
551.56,,,1.0
551.59,,,1.0
551.62,,,1.0
551.66,,,1.0
551.69,,,1.0
552.0,,1.0,
552.03,2.0,,1.0
552.5,,1.0,
552.53,1.0,,1.0
553.0,,1.0,
553.03,1.0,,1.0
553.5,,1.0,
553.53,1.0,,1.0
554.0,,1.0,
554.03,1.0,,2.0
554.5,,1.0,
554.53,1.0,,2.0
555.0,,1.0,
555.03,1.0,,2.0
555.5,,1.0,
555.53,1.0,,2.0
556.0,1.0,1.0,
556.03,,,2.0
556.5,1.0,1.0,
556.53,,,2.0
557.0,1.0,1.0,
557.03,,,2.0
557.5,1.0,,
557.53,,1.0,1.0
558.0,1.0,,
558.03,,1.0,1.0
558.5,1.0,,
558.53,,1.0,1.0
559.0,1.0,,
559.03,,1.0,2.0
559.5,1.0,,
559.53,,1.0,2.0
560.0,1.0,,
560.03,,1.0,2.0
560.5,1.0,,
560.53,,1.0,2.0
561.0,1.0,,
561.02,,,2.0
561.03,,1.0,
561.5,1.0,,
561.52,,,2.0
561.53,,1.0,
562.0,1.0,,
562.02,,,2.0
562.03,,1.0,
562.5,1.0,,
562.52,,,2.0
562.53,,1.0,
563.0,2.0,,
563.02,,,2.0
563.03,,1.0,
563.5,2.0,,
563.52,,,2.0
563.53,,1.0,
564.02,,,2.0
564.03,2.0,1.0,
564.52,,,2.0
564.53,2.0,1.0,
565.02,,,2.0
565.03,2.0,1.0,
565.52,,,2.0
565.53,2.0,2.0,
566.02,,,2.0
566.03,2.0,2.0,
566.52,,,2.0
566.53,2.0,1.0,
567.02,,,1.0
567.03,2.0,2.0,
567.52,,,1.0
567.53,2.0,1.0,
568.02,,,1.0
568.03,2.0,1.0,
568.52,,,1.0
568.53,2.0,1.0,
569.0,,1.0,
569.03,1.0,,1.0
569.5,,1.0,
569.53,1.0,,2.0
570.0,,1.0,
570.03,2.0,,2.0
570.5,,1.0,
570.53,2.0,,2.0
571.0,,1.0,
571.03,2.0,,2.0
571.5,,1.0,
571.53,1.0,,2.0
572.0,,1.0,
572.03,1.0,,2.0
572.5,,1.0,
572.53,1.0,,2.0
573.0,,1.0,
573.03,1.0,,2.0
573.5,,1.0,
573.53,1.0,,2.0
574.0,,1.0,
574.03,1.0,,2.0
574.5,,1.0,
574.53,1.0,,2.0
575.0,,1.0,
575.03,1.0,,2.0
575.5,,1.0,
575.53,1.0,,2.0
576.0,1.0,2.0,
576.03,,,2.0
576.5,1.0,2.0,
576.53,,,2.0
577.0,1.0,2.0,
577.03,,,2.0
577.5,2.0,,
577.53,,2.0,1.0
578.0,2.0,,
578.03,,2.0,1.0
578.5,2.0,,
578.53,,2.0,1.0
579.0,1.0,,
579.03,,1.0,2.0
579.5,1.0,,
579.53,,2.0,2.0
580.0,1.0,,
580.03,,1.0,2.0
580.5,1.0,,
580.52,,,2.0
580.53,,1.0,
581.0,1.0,,
581.02,,,2.0
581.03,,1.0,
581.5,1.0,,
581.52,,,2.0
581.53,,1.0,
582.0,1.0,,
582.02,,,1.0
582.03,,1.0,
582.5,1.0,,
582.52,,,1.0
582.53,,1.0,
583.0,1.0,,
583.02,,,1.0
583.03,,1.0,
583.5,2.0,,
583.52,,,1.0
583.53,,1.0,
584.0,1.0,,
584.02,,,1.0
584.03,,1.0,
584.52,,,1.0
584.53,1.0,1.0,
585.02,,,2.0
585.03,1.0,1.0,
585.52,,,2.0
585.53,1.0,1.0,
586.02,,,2.0
586.03,1.0,1.0,
586.52,,,2.0
586.53,1.0,1.0,
587.02,,,2.0
587.03,2.0,2.0,
587.52,,,2.0
587.53,2.0,1.0,
588.02,,,2.0
588.03,2.0,1.0,
588.52,,,2.0
588.53,2.0,1.0,
589.03,2.0,1.0,1.0
589.53,2.0,1.0,1.0
590.03,2.0,1.0,1.0
590.5,,1.0,
590.53,1.0,,1.0
591.0,,1.0,
591.03,1.0,,1.0
591.5,,1.0,
591.53,1.0,,1.0
592.0,,2.0,
592.03,1.0,,2.0
592.5,,1.0,
592.53,1.0,,2.0
593.0,,1.0,
593.03,2.0,,2.0
593.5,,1.0,
593.53,1.0,,2.0
594.0,,1.0,
594.03,1.0,,2.0
594.5,,1.0,
594.53,1.0,,2.0
595.0,,1.0,
595.03,2.0,,2.0
595.5,,1.0,
595.53,2.0,,2.0
596.0,2.0,1.0,
596.03,,,2.0
596.5,2.0,1.0,
596.53,,,2.0
597.0,1.0,1.0,
597.03,,,2.0
597.5,1.0,1.0,
597.53,,,2.0
598.0,1.0,1.0,
598.03,,,1.0
598.5,1.0,,
598.53,,1.0,1.0
599.0,2.0,,
599.03,,1.0,1.0
599.5,2.0,,
599.53,,1.0,1.0
600.0,2.0,,
600.02,,,1.0
600.03,,1.0,
600.5,2.0,,
600.52,,,1.0
600.53,,1.0,
601.0,2.0,,
601.02,,,2.0
601.03,,1.0,
601.5,2.0,,
601.52,,,2.0
601.53,,1.0,
602.0,2.0,,
602.02,,,2.0
602.03,,1.0,
602.5,2.0,,
602.52,,,2.0
602.53,,1.0,
603.0,2.0,,
603.02,,,2.0
603.03,,1.0,
603.5,2.0,,
603.52,,,2.0
603.53,,1.0,
604.02,,,2.0
604.03,2.0,1.0,
604.52,,,1.0
604.53,1.0,2.0,
605.02,,,2.0
605.03,1.0,2.0,
605.52,,,1.0
605.53,2.0,2.0,
606.02,,,1.0
606.03,2.0,2.0,
606.52,,,1.0
606.53,2.0,1.0,
607.02,,,1.0
607.03,2.0,1.0,
607.52,,,1.0
607.53,2.0,2.0,
608.02,,,1.0
608.03,2.0,1.0,
608.52,,,1.0
608.53,2.0,1.0,
609.03,2.0,1.0,1.0
609.53,2.0,1.0,1.0
610.03,2.0,1.0,1.0
610.53,2.0,1.0,1.0
611.03,2.0,1.0,1.0
611.53,1.0,1.0,1.0
612.0,,2.0,
612.03,1.0,,2.0
612.5,,1.0,
612.53,2.0,,2.0
613.0,,1.0,
613.03,1.0,,2.0
613.5,,1.0,
613.53,2.0,,1.0
614.0,,1.0,
614.03,1.0,,1.0
614.5,,1.0,
614.53,2.0,,1.0
615.0,,2.0,
615.03,1.0,,1.0
615.5,,2.0,
615.53,1.0,,1.0
616.0,1.0,1.0,
616.03,,,2.0
616.5,2.0,1.0,
616.53,,,2.0
617.0,2.0,1.0,
617.03,,,2.0
617.5,2.0,1.0,
617.53,,,2.0
618.0,,1.0,
618.01,2.0,,
618.03,,,2.0
618.5,2.0,1.0,
618.53,,,2.0
619.0,1.0,,
619.03,,1.0,2.0
619.5,2.0,,
619.52,,,2.0
619.53,,1.0,
620.0,1.0,,
620.02,,,2.0
620.03,,1.0,
620.5,1.0,,
620.52,,,2.0
620.53,,1.0,
621.0,1.0,,
621.02,,,2.0
621.03,,1.0,
621.5,1.0,,
621.52,,,1.0
621.53,,1.0,
622.0,1.0,,
622.02,,,1.0
622.03,,1.0,
622.5,1.0,,
622.52,,,2.0
622.53,,1.0,
623.0,1.0,,
623.02,,,2.0
623.03,,1.0,
623.52,,,2.0
623.53,1.0,1.0,
624.02,,,2.0
624.03,1.0,1.0,
624.52,,,1.0
624.53,1.0,1.0,
625.02,,,1.0
625.03,1.0,1.0,
625.52,,,1.0
625.53,1.0,1.0,
626.02,,,2.0
626.03,1.0,1.0,
626.52,,,2.0
626.53,1.0,1.0,
627.02,,,2.0
627.03,1.0,1.0,
627.52,,,2.0
627.53,1.0,1.0,
628.02,,,2.0
628.03,1.0,1.0,
628.52,,,1.0
628.53,1.0,1.0,
629.03,1.0,1.0,1.0
629.53,1.0,1.0,1.0
630.03,1.0,1.0,2.0
630.53,2.0,1.0,2.0
631.03,2.0,1.0,2.0
631.53,2.0,1.0,2.0
632.03,2.0,1.0,2.0
632.53,2.0,1.0,2.0
633.03,2.0,1.0,1.0
633.5,,1.0,
633.53,2.0,,1.0
634.0,,1.0,
634.03,2.0,,2.0
634.5,,1.0,
634.53,2.0,,2.0
635.0,,1.0,
635.03,2.0,,1.0
635.5,2.0,1.0,
635.53,,,1.0
636.0,1.0,1.0,
636.03,,,2.0
636.5,1.0,1.0,
636.53,,,2.0
637.0,1.0,2.0,
637.03,,,2.0
637.5,1.0,2.0,
637.53,,,2.0
638.0,1.0,2.0,
638.03,,,2.0
638.5,1.0,2.0,
638.52,,,2.0
639.0,2.0,2.0,
639.02,,,2.0
639.5,2.0,,
639.52,,,2.0
639.53,,2.0,
640.0,2.0,,
640.02,,,2.0
640.03,,2.0,
640.5,2.0,,
640.52,,,2.0
640.53,,2.0,
641.0,2.0,,
641.02,,,2.0
641.03,,2.0,
641.5,2.0,,
641.52,,,2.0
641.53,,2.0,
642.0,2.0,,
642.02,,,2.0
642.03,,2.0,
642.52,,,2.0
642.53,2.0,2.0,
643.02,,,2.0
643.03,2.0,2.0,
643.52,,,2.0
643.53,2.0,2.0,
644.02,,,2.0
644.03,2.0,2.0,
644.52,,,2.0
644.53,2.0,2.0,
645.02,,,2.0
645.03,2.0,2.0,
645.52,,,2.0
645.53,2.0,2.0,
646.02,,,2.0
646.03,2.0,2.0,
646.52,,,1.0
646.53,2.0,2.0,
647.02,,,1.0
647.03,2.0,2.0,
647.52,,,1.0
647.53,2.0,2.0,
648.02,,,1.0
648.03,2.0,2.0,
648.52,,,1.0
648.53,2.0,2.0,
649.03,2.0,2.0,1.0
649.53,2.0,2.0,1.0
650.03,2.0,2.0,1.0
650.53,2.0,2.0,2.0
651.03,2.0,2.0,2.0
651.53,2.0,2.0,2.0
652.03,2.0,2.0,2.0
652.53,2.0,2.0,2.0
653.03,2.0,2.0,2.0
653.53,2.0,2.0,2.0
654.03,2.0,2.0,2.0
654.53,2.0,2.0,2.0
655.0,,2.0,
655.03,2.0,,2.0
655.5,2.0,2.0,
655.53,,,1.0
656.0,2.0,1.0,
656.03,,,1.0
656.5,2.0,1.0,
656.53,,,1.0
657.0,2.0,1.0,
657.03,,,1.0
657.5,2.0,1.0,
657.53,,,1.0
658.0,2.0,1.0,
658.02,,,1.0
658.5,2.0,1.0,
658.52,,,1.0
659.0,2.0,,
659.02,,,1.0
659.03,,1.0,
659.5,2.0,,
659.52,,,1.0
659.53,,2.0,
660.0,2.0,,
660.02,,,1.0
660.03,,2.0,
660.5,2.0,,
660.52,,,1.0
660.53,,1.0,
661.0,2.0,,
661.02,,,1.0
661.03,,1.0,
661.52,,,1.0
661.53,2.0,1.0,
662.02,,,1.0
662.03,2.0,2.0,
662.52,,,2.0
662.53,2.0,2.0,
663.02,,,2.0
663.03,2.0,2.0,
663.52,,,2.0
663.53,1.0,2.0,
664.02,,,2.0
664.03,1.0,2.0,
664.52,,,2.0
664.53,1.0,2.0,
665.02,,,2.0
665.03,2.0,1.0,
665.52,,,2.0
665.53,1.0,1.0,
666.02,,,1.0
666.03,1.0,1.0,
666.52,,,2.0
666.53,1.0,1.0,
667.02,,,2.0
667.03,2.0,1.0,
667.52,,,2.0
667.53,2.0,1.0,
668.02,,,2.0
668.03,2.0,1.0,
668.52,,,2.0
668.53,2.0,1.0,
669.03,2.0,1.0,2.0
669.53,2.0,1.0,2.0
670.03,2.0,2.0,2.0
670.53,2.0,1.0,1.0
671.03,1.0,1.0,1.0
671.53,1.0,1.0,1.0
672.03,1.0,1.0,2.0
672.53,1.0,1.0,2.0
673.03,1.0,1.0,2.0
673.53,1.0,1.0,1.0
674.03,1.0,1.0,1.0
674.53,1.0,1.0,1.0
675.03,1.0,1.0,1.0
675.5,1.0,,
675.53,,1.0,1.0
676.0,1.0,,
676.03,,1.0,1.0
676.5,1.0,1.0,
676.53,,,2.0
677.0,1.0,1.0,
677.03,,,2.0
677.5,1.0,2.0,
677.52,,,2.0
678.0,2.0,1.0,
678.02,,,2.0
678.5,2.0,1.0,
678.52,,,2.0
679.0,2.0,,
679.02,,,2.0
679.03,,1.0,
679.5,2.0,,
679.52,,,2.0
679.53,,1.0,
680.0,2.0,,
680.02,,,2.0
680.03,,1.0,
680.5,2.0,,
680.52,,,1.0
680.53,,1.0,
681.02,,,1.0
681.03,2.0,1.0,
681.52,,,1.0
681.53,2.0,1.0,
682.02,,,1.0
682.03,2.0,2.0,
682.52,,,1.0
682.53,2.0,2.0,
683.02,,,1.0
683.03,2.0,2.0,
683.52,,,1.0
683.53,2.0,2.0,
684.02,,,1.0
684.03,2.0,2.0,
684.52,,,2.0
684.53,2.0,2.0,
685.02,,,2.0
685.03,2.0,2.0,
685.52,,,2.0
685.53,2.0,1.0,
686.02,,,2.0
686.03,2.0,1.0,
686.52,,,2.0
686.53,2.0,1.0,
687.02,,,2.0
687.03,2.0,1.0,
687.52,,,2.0
687.53,2.0,2.0,
688.02,,,2.0
688.03,2.0,2.0,
688.52,,,2.0
688.53,2.0,1.0,
689.02,,,1.0
689.03,1.0,1.0,
689.53,1.0,1.0,1.0
690.03,1.0,2.0,1.0
690.53,1.0,1.0,1.0
691.03,1.0,1.0,1.0
691.53,1.0,1.0,1.0
692.03,1.0,1.0,1.0
692.53,1.0,1.0,1.0
693.03,1.0,1.0,1.0
693.53,2.0,1.0,1.0
694.03,2.0,0.0,1.0
694.53,1.0,0.0,1.0
695.0,1.0,,
695.03,,0.0,1.0
695.5,1.0,,
695.53,,0.0,1.0
696.0,1.0,,
696.03,,0.0,1.0
696.5,1.0,,
696.53,,0.0,1.0
697.0,1.0,,
697.02,,,1.0
697.03,,0.0,
697.5,2.0,1.0,
697.52,,,1.0
698.0,2.0,1.0,
698.02,,,1.0
698.5,1.0,1.0,
698.52,,,1.0
699.0,1.0,,
699.02,,,1.0
699.03,,1.0,
699.5,2.0,,
699.52,,,2.0
699.53,,2.0,
700.0,2.0,,
700.02,,,2.0
700.03,,1.0,
700.5,2.0,,
700.52,,,2.0
700.53,,1.0,
701.03,2.0,1.0,
701.04,,,2.0
701.52,,,2.0
701.53,2.0,1.0,
702.02,,,1.0
702.03,2.0,0.0,
702.52,,,1.0
702.53,2.0,1.0,
703.01,,,1.0
703.03,2.0,2.0,
703.52,,,1.0
703.53,2.0,2.0,
704.02,,,1.0
704.03,1.0,2.0,
704.52,,,1.0
704.53,1.0,2.0,
705.02,,,1.0
705.03,1.0,2.0,
705.52,,,1.0
705.53,1.0,2.0,
706.02,,,2.0
706.03,1.0,2.0,
706.52,,,2.0
706.53,2.0,2.0,
707.02,,,2.0
707.03,1.0,1.0,
707.52,,,2.0
707.53,2.0,1.0,
708.02,,,2.0
708.03,2.0,1.0,
708.52,,,2.0
708.53,2.0,1.0,
709.02,,,1.0
709.03,2.0,1.0,
709.53,2.0,1.0,1.0
710.03,1.0,1.0,1.0
710.53,1.0,1.0,1.0
711.03,1.0,1.0,1.0
711.53,1.0,1.0,1.0
712.03,1.0,1.0,1.0
712.53,1.0,1.0,1.0
713.03,1.0,2.0,1.0
713.53,1.0,2.0,1.0
714.03,1.0,1.0,1.0
714.53,1.0,1.0,1.0
715.0,1.0,,
715.03,,1.0,1.0
715.5,1.0,,
715.53,,1.0,1.0
716.0,2.0,,
716.03,,1.0,1.0
716.5,2.0,,
716.53,,1.0,1.0
717.0,2.0,,
717.02,,,1.0
717.03,,1.0,
717.5,2.0,,
717.52,,,2.0
717.53,,1.0,
718.0,2.0,,
718.02,,,2.0
718.03,,1.0,
718.5,2.0,,
718.52,,,2.0
718.53,,1.0,
719.0,2.0,,
719.02,,,2.0
719.03,,1.0,
719.5,2.0,,
719.52,,,2.0
719.53,,1.0,
720.0,2.0,,
720.02,,,2.0
720.03,,1.0,
720.5,2.0,,
720.52,,,2.0
720.53,,1.0,
721.02,,,2.0
721.03,2.0,1.0,
721.52,,,2.0
721.53,2.0,1.0,
722.02,,,2.0
722.03,2.0,1.0,
722.52,,,2.0
722.53,2.0,1.0,
723.02,,,2.0
723.03,2.0,1.0,
723.52,,,2.0
723.53,2.0,2.0,
724.02,,,2.0
724.03,2.0,1.0,
724.52,,,2.0
724.53,2.0,1.0,
725.02,,,2.0
725.03,2.0,1.0,
725.52,,,2.0
725.53,2.0,1.0,
726.02,,,2.0
726.03,2.0,0.0,
726.52,,,2.0
726.53,2.0,0.0,
727.02,,,1.0
727.03,2.0,1.0,
727.52,,,1.0
727.53,2.0,1.0,
728.02,,,1.0
728.03,2.0,1.0,
728.52,,,1.0
728.53,2.0,1.0,
729.02,,,1.0
729.03,2.0,1.0,
729.53,2.0,1.0,1.0
730.03,2.0,1.0,2.0
730.53,2.0,1.0,2.0
731.03,2.0,1.0,2.0
731.53,2.0,1.0,2.0
732.03,2.0,1.0,2.0
732.53,2.0,1.0,2.0
733.03,2.0,1.0,2.0
733.53,2.0,1.0,1.0
734.03,2.0,1.0,2.0
734.53,2.0,1.0,1.0
735.0,2.0,,
735.03,,1.0,1.0
735.5,2.0,,
735.53,,1.0,2.0
736.0,2.0,,
736.03,,1.0,2.0
736.5,2.0,,
736.52,,,2.0
736.53,,1.0,
737.0,2.0,,
737.02,,,2.0
737.03,,1.0,
737.5,2.0,,
737.52,,,2.0
737.53,,1.0,
738.0,2.0,,
738.02,,,2.0
738.03,,1.0,
738.5,2.0,,
738.52,,,2.0
738.53,,1.0,
739.0,2.0,,
739.02,,,2.0
739.03,,1.0,
739.5,2.0,,
739.52,,,2.0
739.53,,1.0,
740.0,2.0,,
740.02,,1.0,2.0
740.52,,,2.0
740.53,2.0,1.0,
741.02,,,2.0
741.03,2.0,1.0,
741.52,,,2.0
741.53,2.0,1.0,
742.02,,,2.0
742.03,2.0,1.0,
742.52,,,2.0
742.53,1.0,1.0,
743.02,,,2.0
743.03,1.0,1.0,
743.52,,,2.0
743.53,1.0,2.0,
744.02,,,2.0
744.03,2.0,1.0,
744.52,,,2.0
744.53,2.0,1.0,
745.02,,,2.0
745.03,2.0,1.0,
745.52,,,2.0
745.53,2.0,1.0,
746.02,,,2.0
746.03,1.0,1.0,
746.52,,,2.0
746.53,1.0,1.0,
747.02,,,2.0
747.03,2.0,1.0,
747.52,,,2.0
747.53,2.0,1.0,
748.02,,,2.0
748.03,1.0,1.0,
748.52,,,2.0
748.53,1.0,1.0,
749.02,,,2.0
749.03,1.0,1.0,
749.53,2.0,1.0,2.0
750.03,2.0,1.0,2.0
750.53,2.0,1.0,2.0
751.03,2.0,1.0,2.0
751.53,1.0,1.0,2.0
752.03,2.0,1.0,2.0
752.53,1.0,1.0,2.0
753.03,2.0,1.0,2.0
753.53,1.0,2.0,2.0
754.03,2.0,1.0,2.0
754.53,1.0,1.0,2.0
755.0,1.0,,
755.03,,1.0,2.0
755.5,1.0,,
755.53,,0.0,2.0
756.0,1.0,,
756.02,,,1.0
756.03,,0.0,
756.5,2.0,,
756.52,,,1.0
756.53,,0.0,
757.0,2.0,,
757.02,,,1.0
757.03,,0.0,
757.5,2.0,,
757.52,,,1.0
757.53,,0.0,
758.0,2.0,,
758.02,,,1.0
758.03,,1.0,
758.5,1.0,,
758.52,,,1.0
758.53,,1.0,
759.02,,,1.0
759.03,1.0,1.0,
759.52,,,1.0
759.53,1.0,1.0,
760.02,,,1.0
760.03,1.0,1.0,
760.52,,1.0,1.0
760.53,1.0,,
761.02,,1.0,1.0
761.03,1.0,,
761.52,,1.0,1.0
761.53,1.0,,
762.02,,,2.0
762.03,1.0,1.0,
762.52,,,2.0
762.53,2.0,1.0,
763.02,,,2.0
763.03,2.0,1.0,
763.52,,,2.0
763.53,2.0,1.0,
764.02,,,2.0
764.03,2.0,1.0,
764.52,,,2.0
764.53,2.0,1.0,
765.02,,,2.0
765.03,2.0,1.0,
765.52,,,2.0
765.53,2.0,1.0,
766.02,,,1.0
766.03,2.0,1.0,
766.52,,,1.0
766.53,2.0,1.0,
767.02,,,1.0
767.03,2.0,1.0,
767.52,,,1.0
767.53,2.0,1.0,
768.02,,,1.0
768.03,2.0,1.0,
768.52,,,1.0
768.53,2.0,1.0,
769.02,,,2.0
769.03,1.0,1.0,
769.53,1.0,1.0,2.0
770.03,1.0,1.0,2.0
770.53,1.0,1.0,2.0
771.03,1.0,1.0,2.0
771.53,1.0,1.0,2.0
772.03,1.0,1.0,2.0
772.53,1.0,1.0,2.0
773.03,2.0,1.0,2.0
773.53,2.0,1.0,2.0
774.03,2.0,2.0,2.0
774.53,2.0,1.0,2.0
775.0,2.0,,
775.03,,1.0,2.0
775.5,2.0,,
775.53,,1.0,2.0
776.0,2.0,,
776.02,,,2.0
776.03,,1.0,
776.5,2.0,,
776.52,,,2.0
776.53,,1.0,
777.0,2.0,,
777.02,,,2.0
777.03,,1.0,
777.5,2.0,,
777.52,,,2.0
777.53,,1.0,
778.0,2.0,,
778.02,,,2.0
778.03,,1.0,
778.5,2.0,,
778.52,,,2.0
778.53,,1.0,
779.02,,,2.0
779.03,2.0,1.0,
779.52,,,2.0
779.53,2.0,1.0,
780.02,,,2.0
780.03,2.0,1.0,
780.52,,1.0,2.0
780.53,2.0,,
781.02,,1.0,2.0
781.03,2.0,,
781.52,,2.0,2.0
781.53,2.0,,
782.02,,1.0,2.0
782.03,2.0,,
782.52,,1.0,2.0
782.53,2.0,,
783.02,,1.0,2.0
783.03,2.0,,
783.52,,,2.0
783.53,1.0,1.0,
784.02,,,2.0
784.03,1.0,1.0,
784.52,,,2.0
784.53,1.0,1.0,
785.02,,,2.0
785.03,1.0,1.0,
785.52,,,2.0
785.53,2.0,1.0,
786.02,,,2.0
786.03,2.0,1.0,
786.52,,,2.0
786.53,2.0,1.0,
787.02,,,2.0
787.03,2.0,1.0,
787.52,,,2.0
787.53,2.0,1.0,
788.02,,,2.0
788.03,2.0,1.0,
788.52,,,2.0
788.53,2.0,1.0,
789.02,,,2.0
789.03,2.0,1.0,
789.53,1.0,1.0,2.0
790.03,1.0,1.0,1.0
790.53,1.0,1.0,2.0
791.03,1.0,2.0,2.0
791.53,2.0,1.0,2.0
792.03,1.0,1.0,2.0
792.53,2.0,1.0,2.0
793.03,2.0,1.0,2.0
793.53,2.0,1.0,2.0
794.03,2.0,1.0,2.0
794.5,2.0,,
794.53,,2.0,2.0
795.0,2.0,,
795.03,,1.0,2.0
795.5,2.0,,
795.52,,,2.0
795.53,,1.0,
796.0,2.0,,
796.02,,,2.0
796.03,,1.0,
796.5,2.0,,
796.52,,,2.0
796.53,,1.0,
797.0,2.0,,
797.02,,,2.0
797.03,,1.0,
797.5,2.0,,
797.52,,,2.0
797.53,,1.0,
798.02,,,2.0
798.03,2.0,1.0,
798.52,,,1.0
798.53,1.0,1.0,
799.02,,,1.0
799.03,2.0,1.0,
799.52,,,2.0
799.53,1.0,1.0,
800.02,,,2.0
800.03,1.0,1.0,
800.52,,2.0,2.0
800.53,1.0,,
801.02,,1.0,2.0
801.03,1.0,,
801.52,,1.0,2.0
801.53,1.0,,
802.02,,1.0,2.0
802.03,1.0,,
802.52,,1.0,2.0
802.53,1.0,,
803.02,,1.0,2.0
803.03,1.0,,
803.52,,1.0,2.0
803.53,1.0,,
804.02,,1.0,2.0
804.03,1.0,,
804.52,,,2.0
804.53,1.0,1.0,
805.02,,,2.0
805.03,1.0,1.0,
805.52,,,2.0
805.53,1.0,1.0,
806.02,,,2.0
806.03,1.0,2.0,
806.52,,,2.0
806.53,1.0,1.0,
807.02,,,2.0
807.03,1.0,2.0,
807.52,,,2.0
807.53,1.0,1.0,
808.02,,,2.0
808.03,1.0,1.0,
808.52,,,2.0
808.53,1.0,1.0,
809.02,,,2.0
809.03,1.0,1.0,
809.53,2.0,1.0,2.0
810.03,1.0,1.0,2.0
810.53,2.0,1.0,2.0
811.03,2.0,1.0,2.0
811.53,2.0,1.0,2.0
812.03,2.0,1.0,2.0
812.53,2.0,1.0,2.0
813.03,1.0,1.0,1.0
813.53,1.0,1.0,1.0
814.03,1.0,1.0,1.0
814.5,1.0,,
814.53,,1.0,1.0
815.0,1.0,,
815.02,,,1.0
815.03,,2.0,
815.5,1.0,,
815.52,,,1.0
815.53,,1.0,
816.0,1.0,,
816.02,,,1.0
816.03,,1.0,
816.5,2.0,,
816.52,,,1.0
816.53,,1.0,
817.0,2.0,,
817.02,,,1.0
817.03,,1.0,
817.52,,,1.0
817.53,1.0,2.0,
818.02,,,1.0
818.03,1.0,1.0,
818.52,,,1.0
818.53,1.0,1.0,
819.02,,,1.0
819.03,1.0,1.0,
819.52,,,1.0
819.53,2.0,1.0,
820.02,,,1.0
820.03,2.0,1.0,
820.52,,,1.0
820.53,1.0,1.0,
821.02,,1.0,1.0
821.03,1.0,,
821.52,,1.0,1.0
821.53,1.0,,
822.02,,1.0,1.0
822.03,1.0,,
822.52,,1.0,1.0
822.53,1.0,,
823.02,,1.0,1.0
823.03,1.0,,
823.52,,1.0,1.0
823.53,1.0,,
824.02,,1.0,1.0
824.03,1.0,,
824.52,,1.0,1.0
824.53,1.0,,
825.02,,1.0,1.0
825.03,1.0,,
825.52,,1.0,1.0
825.53,1.0,,
826.02,,,2.0
826.03,1.0,1.0,
826.52,,,2.0
826.53,1.0,1.0,
827.02,,,2.0
827.03,1.0,1.0,
827.52,,,2.0
827.53,2.0,1.0,
828.02,,,2.0
828.03,2.0,1.0,
828.52,,,2.0
828.53,2.0,1.0,
829.02,,,2.0
829.03,1.0,1.0,
829.53,1.0,1.0,2.0
830.03,1.0,1.0,2.0
830.53,1.0,1.0,1.0
831.03,1.0,1.0,1.0
831.53,1.0,1.0,1.0
832.03,1.0,1.0,1.0
832.53,1.0,1.0,1.0
833.03,1.0,1.0,1.0
833.53,1.0,1.0,1.0
834.03,1.0,1.0,1.0
834.5,1.0,,
834.52,,,1.0
834.53,,1.0,
835.0,1.0,,
835.02,,,1.0
835.03,,1.0,
835.5,1.0,,
835.52,,,1.0
835.53,,1.0,
836.0,1.0,,
836.02,,,1.0
836.03,,1.0,
836.5,1.0,,
836.52,,,1.0
836.53,,1.0,
837.0,1.0,,
837.02,,,1.0
837.03,,1.0,
837.5,1.0,,
837.52,,,1.0
837.53,,1.0,
838.0,1.0,,
838.02,,,1.0
838.03,,1.0,
838.52,,,1.0
838.53,1.0,1.0,
839.02,,,1.0
839.03,1.0,1.0,
839.52,,,1.0
839.53,2.0,1.0,
840.02,,,1.0
840.03,2.0,1.0,
840.52,,1.0,1.0
840.53,2.0,,
841.02,,1.0,2.0
841.03,2.0,,
841.52,,2.0,2.0
841.53,1.0,,
842.02,,2.0,2.0
842.03,1.0,,
842.52,,1.0,2.0
842.53,1.0,,
843.02,,1.0,2.0
843.03,1.0,,
843.52,,1.0,2.0
843.53,2.0,,
844.02,,1.0,2.0
844.03,2.0,,
844.52,,1.0,2.0
844.53,2.0,,
845.02,,1.0,2.0
845.03,2.0,,
845.52,,1.0,2.0
845.53,1.0,,
846.02,,1.0,2.0
846.03,1.0,,
846.52,,1.0,2.0
846.53,1.0,,
847.02,,1.0,2.0
847.03,1.0,,
847.52,,,2.0
847.53,1.0,1.0,
848.02,,,2.0
848.03,2.0,1.0,
848.52,,,2.0
848.53,2.0,1.0,
849.02,,,2.0
849.03,2.0,0.0,
849.53,2.0,0.0,2.0
850.03,2.0,0.0,2.0
850.53,2.0,1.0,2.0
851.03,2.0,1.0,2.0
851.53,2.0,1.0,2.0
852.03,2.0,1.0,2.0
852.53,2.0,1.0,2.0
853.03,2.0,2.0,2.0
853.52,,,2.0
853.53,2.0,1.0,
854.02,,,2.0
854.03,2.0,1.0,
854.5,2.0,,
854.52,,,2.0
854.53,,1.0,
855.0,2.0,,
855.02,,,2.0
855.03,,1.0,
855.5,2.0,,
855.52,,,2.0
855.53,,1.0,
856.02,,,1.0
856.03,1.0,1.0,
856.5,1.0,,
856.52,,,1.0
856.53,,0.0,
857.0,1.0,,
857.02,,,1.0
857.03,,0.0,
857.5,1.0,,
857.52,,,1.0
857.53,,1.0,
858.0,1.0,,
858.02,,,1.0
858.03,,1.0,
858.5,2.0,,
858.52,,,1.0
858.53,,1.0,
859.02,,,1.0
859.03,2.0,1.0,
859.52,,,1.0
859.53,2.0,1.0,
860.02,,,2.0
860.03,2.0,1.0,
860.52,,1.0,1.0
860.53,2.0,,
861.02,,1.0,1.0
861.03,2.0,,
861.52,,2.0,1.0
861.53,2.0,,
862.02,,1.0,1.0
862.03,2.0,,
862.52,,1.0,1.0
862.53,2.0,,
863.02,,1.0,1.0
863.03,2.0,,
863.52,,1.0,1.0
863.53,2.0,,
864.02,,1.0,1.0
864.03,2.0,,
864.52,,2.0,1.0
864.53,2.0,,
865.02,,2.0,1.0
865.03,2.0,,
865.52,,2.0,2.0
865.53,2.0,,
866.02,,2.0,2.0
866.03,2.0,,
866.52,,1.0,2.0
866.53,1.0,,
867.02,,1.0,1.0
867.03,1.0,,
867.52,,1.0,1.0
867.53,2.0,,
868.02,,1.0,1.0
868.03,1.0,,
868.52,,1.0,1.0
868.53,1.0,,
869.02,,,1.0
869.03,1.0,1.0,
869.53,1.0,1.0,1.0
870.03,2.0,1.0,1.0
870.53,1.0,1.0,1.0
871.03,1.0,2.0,2.0
871.53,1.0,1.0,1.0
872.03,1.0,1.0,1.0
872.53,1.0,1.0,1.0
873.02,,,1.0
873.03,1.0,1.0,
873.52,,,1.0
873.53,1.0,1.0,
874.02,,,1.0
874.03,2.0,1.0,
874.5,2.0,,
874.52,,,1.0
874.53,,1.0,
875.0,2.0,,
875.02,,,1.0
875.03,,1.0,
875.5,2.0,,
875.52,,,2.0
875.53,,1.0,
876.0,2.0,,
876.02,,,2.0
876.03,,1.0,
876.5,1.0,,
876.52,,,2.0
876.53,,1.0,
877.02,,,2.0
877.03,1.0,2.0,
877.52,,,1.0
877.53,1.0,1.0,
878.02,,,1.0
878.03,1.0,1.0,
878.52,,,1.0
878.53,1.0,1.0,
879.02,,,1.0
879.03,1.0,1.0,
879.52,,,1.0
879.53,1.0,1.0,
880.02,,,1.0
880.03,1.0,1.0,
880.52,,1.0,1.0
880.53,1.0,,
881.02,,1.0,1.0
881.03,1.0,,
881.52,,1.0,1.0
881.53,1.0,,
882.02,,1.0,1.0
882.03,1.0,,
882.52,,1.0,1.0
882.53,1.0,,
883.02,,1.0,1.0
883.03,1.0,,
883.52,,2.0,1.0
883.53,1.0,,
884.02,,1.0,1.0
884.03,1.0,,
884.52,,1.0,2.0
884.53,1.0,,
885.02,,1.0,2.0
885.03,2.0,,
885.52,,2.0,2.0
885.53,2.0,,
886.02,,2.0,2.0
886.03,2.0,,
886.52,,2.0,2.0
886.53,2.0,,
887.02,,2.0,2.0
887.03,2.0,,
887.52,,1.0,2.0
887.53,2.0,,
888.02,,1.0,2.0
888.03,2.0,,
888.52,,1.0,2.0
888.53,2.0,,
889.02,,1.0,2.0
889.03,2.0,,
889.52,,1.0,
889.53,2.0,,2.0
890.02,,1.0,
890.03,2.0,,2.0
890.53,2.0,1.0,2.0
891.03,2.0,1.0,2.0
891.53,2.0,1.0,2.0
892.03,2.0,1.0,2.0
892.52,,,2.0
892.53,2.0,1.0,
893.02,,,2.0
893.03,2.0,1.0,
893.5,,,2.0
893.53,2.0,1.0,
894.0,2.0,,
894.02,,,2.0
894.03,,1.0,
894.5,2.0,,
894.52,,,2.0
894.53,,1.0,
895.0,2.0,,
895.02,,,2.0
895.03,,1.0,
895.5,2.0,,
895.52,,,2.0
895.53,,1.0,
896.0,2.0,,
896.02,,,2.0
896.03,,2.0,
896.52,,,2.0
896.53,2.0,1.0,
897.02,,,2.0
897.03,2.0,1.0,
897.52,,,2.0
897.53,1.0,1.0,
898.02,,,2.0
898.03,1.0,1.0,
898.52,,,2.0
898.53,1.0,1.0,
899.02,,,2.0
899.03,1.0,1.0,
899.52,,,2.0
899.53,1.0,1.0,
900.02,,,2.0
900.03,1.0,1.0,
900.52,,,2.0
900.53,1.0,1.0,
901.02,,1.0,1.0
901.03,1.0,,
901.52,,1.0,1.0
901.53,1.0,,
902.02,,1.0,1.0
902.03,1.0,,
902.52,,1.0,1.0
902.53,1.0,,
903.02,,1.0,1.0
903.03,1.0,,
903.52,,1.0,2.0
903.53,1.0,,
904.02,,1.0,2.0
904.03,1.0,,
904.52,,1.0,2.0
904.53,1.0,,
905.02,,1.0,2.0
905.03,1.0,,
905.52,,1.0,2.0
905.53,2.0,,
906.02,,1.0,2.0
906.03,2.0,,
906.52,,1.0,2.0
906.53,2.0,,
907.02,,1.0,2.0
907.03,2.0,,
907.52,,1.0,2.0
907.53,2.0,,
908.02,,1.0,2.0
908.03,2.0,,
908.52,,1.0,2.0
908.53,2.0,,
909.02,,1.0,2.0
909.03,2.0,,
909.52,,1.0,2.0
909.53,2.0,,
910.02,,1.0,
910.03,2.0,,1.0
910.52,,1.0,
910.53,2.0,,1.0
911.02,,1.0,
911.03,2.0,,1.0
911.53,2.0,1.0,1.0
912.02,,,1.0
912.03,2.0,1.0,
912.52,,,1.0
912.53,2.0,1.0,
913.02,,,1.0
913.03,2.0,1.0,
913.52,,,1.0
913.53,2.0,1.0,
914.0,2.0,,
914.02,,,1.0
914.03,,1.0,
914.5,2.0,,
914.52,,,1.0
914.53,,1.0,
915.0,2.0,,
915.02,,,1.0
915.03,,1.0,
915.5,2.0,,
915.52,,,1.0
915.53,,1.0,
916.02,,,1.0
916.03,2.0,1.0,
916.52,,,1.0
916.53,2.0,1.0,
917.02,,,2.0
917.03,2.0,1.0,
917.52,,,2.0
917.53,2.0,1.0,
918.02,,,2.0
918.03,2.0,1.0,
918.52,,,2.0
918.53,2.0,1.0,
919.02,,,2.0
919.03,2.0,1.0,
919.52,,,2.0
919.53,2.0,2.0,
920.02,,,2.0
920.03,2.0,2.0,
920.52,,,2.0
920.53,2.0,1.0,
921.02,,,2.0
921.03,2.0,1.0,
921.52,,,2.0
921.53,2.0,1.0,
922.02,,2.0,2.0
922.03,2.0,,
922.52,,2.0,2.0
922.53,2.0,,
923.02,,2.0,2.0
923.03,2.0,,
923.52,,1.0,2.0
923.53,2.0,,
924.02,,1.0,1.0
924.03,2.0,,
924.52,,1.0,2.0
924.53,2.0,,
925.02,,1.0,2.0
925.03,2.0,,
925.52,,1.0,1.0
925.53,2.0,,
926.02,,1.0,1.0
926.03,2.0,,
926.52,,1.0,1.0
926.53,2.0,,
927.02,,1.0,2.0
927.03,2.0,,
927.52,,1.0,1.0
927.53,2.0,,
928.02,,1.0,2.0
928.03,2.0,,
928.52,,1.0,2.0
928.53,2.0,,
929.02,,1.0,2.0
929.03,2.0,,
929.52,,1.0,2.0
929.53,2.0,,
930.02,,1.0,
930.03,2.0,,2.0
930.52,,1.0,
930.53,2.0,,2.0
931.02,,1.0,
931.03,2.0,,1.0
931.52,,1.0,1.0
931.53,2.0,,
932.02,,1.0,2.0
932.03,2.0,,
932.52,,1.0,2.0
932.53,2.0,,
933.02,,,2.0
933.03,2.0,1.0,
933.52,,,2.0
933.53,1.0,1.0,
934.0,1.0,,
934.02,,,2.0
934.03,,1.0,
934.5,1.0,,
934.52,,,2.0
934.53,,1.0,
935.0,2.0,,
935.02,,,2.0
935.03,,1.0,
935.52,,,1.0
935.53,2.0,1.0,
936.02,,,2.0
936.03,1.0,1.0,
936.52,,,1.0
936.53,2.0,1.0,
937.02,,,1.0
937.03,2.0,1.0,
937.52,,,1.0
937.53,1.0,1.0,
938.02,,,1.0
938.03,1.0,1.0,
938.52,,,1.0
938.53,1.0,1.0,
939.02,,,1.0
939.03,1.0,1.0,
939.52,,,1.0
939.53,1.0,1.0,
940.02,,,1.0
940.03,2.0,1.0,
940.52,,,1.0
940.53,2.0,1.0,
941.02,,,1.0
941.03,1.0,1.0,
941.52,,,1.0
941.53,1.0,1.0,
942.02,,,1.0
942.03,2.0,1.0,
942.52,,1.0,1.0
942.53,2.0,,
943.02,,1.0,1.0
943.03,2.0,,
943.52,,1.0,1.0
943.53,2.0,,
944.02,,1.0,1.0
944.03,2.0,,
944.52,,1.0,1.0
944.53,2.0,,
945.02,,1.0,1.0
945.03,2.0,,
945.52,,1.0,2.0
945.53,2.0,,
946.02,,1.0,1.0
946.03,2.0,,
946.52,,1.0,1.0
946.53,2.0,,
947.02,,1.0,1.0
947.03,2.0,,
947.52,,1.0,1.0
947.53,2.0,,
948.02,,1.0,1.0
948.03,2.0,,
948.52,,1.0,1.0
948.53,2.0,,
949.02,,1.0,1.0
949.03,2.0,,
949.52,,1.0,1.0
949.53,2.0,,
950.02,,1.0,
950.03,2.0,,1.0
950.52,,1.0,
950.53,1.0,,1.0
951.02,,1.0,1.0
951.03,2.0,,
951.52,,1.0,1.0
951.53,2.0,,
952.02,,1.0,1.0
952.03,1.0,,
952.52,,1.0,1.0
952.53,1.0,,
953.02,,1.0,1.0
953.03,1.0,,
953.5,2.0,,
953.52,,1.0,1.0
954.0,2.0,,
954.02,,1.0,1.0
954.5,2.0,,
954.52,,,1.0
954.53,,1.0,
955.02,,,1.0
955.03,2.0,1.0,
955.52,,,1.0
955.53,2.0,1.0,
956.02,,,1.0
956.03,2.0,1.0,
956.52,,,1.0
956.53,2.0,2.0,
957.02,,1.0,1.0
957.03,2.0,,
957.52,,,1.0
957.53,2.0,1.0,
958.02,,,1.0
958.03,2.0,1.0,
958.52,,,1.0
958.53,2.0,1.0,
959.02,,,1.0
959.03,2.0,2.0,
959.52,,,1.0
959.53,2.0,1.0,
960.02,,,1.0
960.03,2.0,1.0,
960.52,,,1.0
960.53,2.0,1.0,
961.02,,,1.0
961.03,1.0,1.0,
961.52,,,1.0
961.53,2.0,1.0,
962.02,,,1.0
962.03,2.0,1.0,
962.52,,1.0,1.0
962.53,1.0,,
963.02,,2.0,1.0
963.03,2.0,,
963.52,,2.0,2.0
963.53,1.0,,
964.02,,1.0,2.0
964.03,1.0,,
964.52,,1.0,2.0
964.53,1.0,,
965.02,,1.0,1.0
965.03,2.0,,
965.52,,2.0,1.0
965.53,2.0,,
966.02,,1.0,1.0
966.03,2.0,,
966.52,,1.0,1.0
966.53,2.0,,
967.02,,1.0,1.0
967.03,2.0,,
967.52,,2.0,1.0
967.53,2.0,,
968.02,,2.0,1.0
968.03,2.0,,
968.52,,0.0,1.0
968.53,2.0,,
969.02,,0.0,1.0
969.03,2.0,,
969.52,,0.0,1.0
969.53,2.0,,
970.02,,1.0,
970.03,2.0,,1.0
970.52,,2.0,2.0
970.53,2.0,,
971.02,,1.0,2.0
971.03,2.0,,
971.52,,2.0,1.0
971.53,2.0,,
972.02,,2.0,1.0
972.03,2.0,,
972.52,,1.0,1.0
972.53,2.0,,
973.02,,1.0,2.0
973.03,2.0,,
973.5,2.0,,
973.52,,1.0,1.0
974.0,2.0,,
974.02,,1.0,1.0
974.5,1.0,,
974.52,,1.0,1.0
975.02,,1.0,1.0
975.03,1.0,,
975.52,,1.0,1.0
975.53,1.0,,
976.02,,,1.0
976.03,2.0,1.0,
976.52,,,2.0
976.53,2.0,2.0,
977.02,,,2.0
977.03,1.0,2.0,
977.52,,,2.0
977.53,1.0,2.0,
978.02,,,2.0
978.03,1.0,1.0,
978.52,,,2.0
978.53,1.0,2.0,
979.02,,,2.0
979.03,1.0,1.0,
979.52,,,2.0
979.53,1.0,1.0,
980.02,,,2.0
980.03,1.0,1.0,
980.52,,,2.0
980.53,1.0,1.0,
981.02,,,2.0
981.03,1.0,1.0,
981.52,,,2.0
981.53,1.0,1.0,
982.02,,,2.0
982.03,1.0,1.0,
982.52,,1.0,2.0
982.53,1.0,,
983.02,,1.0,2.0
983.03,1.0,,
983.52,,1.0,2.0
983.53,1.0,,
984.02,,1.0,2.0
984.03,1.0,,
984.52,,1.0,2.0
984.53,1.0,,
985.02,,1.0,2.0
985.03,1.0,,
985.52,,1.0,1.0
985.53,1.0,,
986.02,,1.0,1.0
986.03,1.0,,
986.52,,1.0,1.0
986.53,1.0,,
987.02,,1.0,1.0
987.03,1.0,,
987.52,,1.0,1.0
987.53,1.0,,
988.02,,1.0,1.0
988.03,1.0,,
988.52,,1.0,2.0
988.53,1.0,,
989.02,,2.0,2.0
989.03,1.0,,
989.52,,2.0,2.0
989.53,1.0,,
990.02,,1.0,2.0
990.03,1.0,,
990.52,,1.0,2.0
990.53,1.0,,
991.02,,1.0,2.0
991.03,1.0,,
991.52,,1.0,2.0
991.53,1.0,,
992.02,,1.0,1.0
992.03,1.0,,
992.52,,1.0,1.0
992.53,1.0,,
993.02,,1.0,1.0
993.03,1.0,,
993.5,2.0,,
993.52,,1.0,1.0
994.0,2.0,,
994.02,,1.0,1.0
994.52,,1.0,1.0
994.53,2.0,,
995.02,,1.0,1.0
995.03,1.0,,
995.52,,1.0,1.0
995.53,1.0,,
996.02,,2.0,1.0
996.03,1.0,,
996.52,,2.0,1.0
996.53,1.0,,
997.02,,1.0,1.0
997.03,2.0,,
997.52,,,1.0
997.53,2.0,1.0,
998.02,,,1.0
998.03,2.0,1.0,
998.52,,,1.0
998.53,2.0,1.0,
999.02,,,1.0
999.03,2.0,1.0,
999.52,,,1.0
999.53,1.0,1.0,
1000.02,,,1.0
1000.03,1.0,1.0,
1000.52,,,1.0
1000.53,2.0,1.0,
1001.02,,,1.0
1001.03,1.0,1.0,
1001.52,,,1.0
1001.53,0.0,1.0,
1002.02,,,1.0
1002.03,0.0,1.0,
1002.52,,2.0,1.0
1002.53,1.0,,
1003.02,,2.0,1.0
1003.03,1.0,,
1003.52,,1.0,1.0
1003.53,0.0,,
1004.02,,1.0,1.0
1004.03,0.0,,
1004.52,,1.0,1.0
1004.53,0.0,,
1005.02,,1.0,2.0
1005.03,0.0,,
1005.52,,1.0,2.0
1005.53,2.0,,
1006.02,,1.0,2.0
1006.03,1.0,,
1006.52,,1.0,2.0
1006.53,2.0,,
1007.02,,1.0,2.0
1007.03,1.0,,
1007.52,,1.0,2.0
1007.53,2.0,,
1008.02,,1.0,2.0
1008.03,1.0,,
1008.52,,2.0,2.0
1008.53,1.0,,
1009.02,,2.0,2.0
1009.03,1.0,,
1009.52,,2.0,2.0
1009.53,1.0,,
1010.02,,2.0,1.0
1010.03,1.0,,
1010.52,,1.0,1.0
1010.53,1.0,,
1011.02,,1.0,1.0
1011.03,1.0,,
1011.52,,1.0,1.0
1011.53,1.0,,
1012.02,,1.0,1.0
1012.03,1.0,,
1012.52,,1.0,1.0
1012.53,1.0,,
1013.02,,1.0,1.0
1013.03,1.0,,
1013.52,,1.0,1.0
1013.53,1.0,,
1014.02,,1.0,1.0
1014.03,1.0,,
1014.52,,1.0,1.0
1014.53,1.0,,
1015.02,,1.0,1.0
1015.03,1.0,,
1015.52,,1.0,1.0
1015.53,1.0,,
1016.02,,1.0,2.0
1016.03,1.0,,
1016.52,,1.0,2.0
1016.53,1.0,,
1017.02,,1.0,2.0
1017.03,1.0,,
1017.52,,1.0,2.0
1017.53,1.0,,
1018.02,,1.0,2.0
1018.03,1.0,,
1018.52,,,2.0
1018.53,1.0,1.0,
1019.02,,,2.0
1019.03,2.0,2.0,
1019.52,,,2.0
1019.53,2.0,1.0,
1020.02,,,2.0
1020.03,2.0,1.0,
1020.52,,,2.0
1020.53,2.0,1.0,
1021.02,,,2.0
1021.03,2.0,1.0,
1021.52,,,2.0
1021.53,2.0,1.0,
1022.02,,,2.0
1022.03,2.0,1.0,
1022.52,,2.0,2.0
1022.53,2.0,,
1023.02,,2.0,2.0
1023.03,2.0,,
1023.52,,2.0,2.0
1023.53,2.0,,
1024.02,,2.0,2.0
1024.03,2.0,,
1024.52,,2.0,2.0
1024.53,2.0,,
1025.02,,2.0,2.0
1025.03,2.0,,
1025.52,,2.0,2.0
1025.53,2.0,,
1026.02,,2.0,2.0
1026.03,2.0,,
1026.52,,2.0,2.0
1026.53,2.0,,
1027.02,,1.0,2.0
1027.03,2.0,,
1027.52,,2.0,2.0
1027.53,2.0,,
1028.02,,1.0,2.0
1028.03,1.0,,
1028.52,,1.0,2.0
1028.53,1.0,,
1029.02,,2.0,2.0
1029.03,1.0,,
1029.52,,1.0,2.0
1029.53,1.0,,
1030.02,,1.0,2.0
1030.03,1.0,,
1030.52,,1.0,2.0
1030.53,1.0,,
1031.02,,1.0,2.0
1031.03,1.0,,
1031.52,,1.0,2.0
1031.53,1.0,,
1032.02,,0.0,2.0
1032.03,1.0,,
1032.52,1.0,0.0,2.0
1033.02,1.0,0.0,2.0
1033.52,,0.0,2.0
1033.53,1.0,,
1034.02,,1.0,2.0
1034.03,1.0,,
1034.52,,1.0,2.0
1034.53,1.0,,
1035.02,,1.0,2.0
1035.03,1.0,,
1035.52,,1.0,2.0
1035.53,1.0,,
1036.0,,,2.0
1036.02,,1.0,
1036.03,1.0,,
1036.52,,1.0,2.0
1036.53,1.0,,
1037.02,,1.0,2.0
1037.03,1.0,,
1037.52,,1.0,2.0
1037.53,1.0,,
1038.02,,1.0,2.0
1038.03,1.0,,
1038.52,,1.0,2.0
1038.53,1.0,,
1039.02,,1.0,2.0
1039.03,1.0,,
1039.52,,1.0,2.0
1039.53,1.0,,
1040.02,,,2.0
1040.03,1.0,1.0,
1040.52,,,2.0
1040.53,1.0,1.0,
1041.02,,,2.0
1041.03,1.0,2.0,
1041.52,,,2.0
1041.53,1.0,2.0,
1042.02,,,2.0
1042.03,1.0,1.0,
1042.52,,,2.0
1042.53,1.0,1.0,
1043.02,,1.0,2.0
1043.03,1.0,,
1043.52,,1.0,2.0
1043.53,2.0,,
1044.02,,1.0,2.0
1044.03,2.0,,
1044.52,,1.0,2.0
1044.53,2.0,,
1045.02,,1.0,2.0
1045.03,2.0,,
1045.52,,1.0,2.0
1045.53,2.0,,
1046.02,,1.0,1.0
1046.03,2.0,,
1046.52,,2.0,2.0
1046.53,2.0,,
1047.02,,1.0,2.0
1047.03,2.0,,
1047.52,,1.0,1.0
1047.53,2.0,,
1048.02,,1.0,1.0
1048.03,2.0,,
1048.52,,1.0,1.0
1048.53,2.0,,
1049.02,,1.0,1.0
1049.03,2.0,,
1049.52,,1.0,1.0
1049.53,2.0,,
1050.02,,1.0,1.0
1050.03,2.0,,
1050.52,,1.0,2.0
1050.53,2.0,,
1051.02,,1.0,2.0
1051.03,2.0,,
1051.52,,1.0,2.0
1051.53,2.0,,
1052.02,2.0,2.0,1.0
1052.52,2.0,2.0,1.0
1053.02,,2.0,2.0
1053.03,2.0,,
1053.52,,2.0,2.0
1053.53,2.0,,
1054.02,,1.0,2.0
1054.03,2.0,,
1054.52,,1.0,1.0
1054.53,2.0,,
1055.02,,1.0,1.0
1055.03,2.0,,
1055.52,,2.0,1.0
1055.53,2.0,,
1056.02,,1.0,2.0
1056.03,2.0,,
1056.52,,1.0,2.0
1056.53,1.0,,
1057.02,,1.0,1.0
1057.03,1.0,,
1057.52,,1.0,1.0
1057.53,2.0,,
1058.02,,1.0,1.0
1058.03,1.0,,
1058.52,,1.0,1.0
1058.53,1.0,,
1059.02,,1.0,1.0
1059.03,2.0,,
1059.52,,1.0,1.0
1059.53,2.0,,
1060.02,,1.0,1.0
1060.03,2.0,,
1060.52,,1.0,1.0
1060.53,1.0,,
1061.02,,1.0,1.0
1061.03,1.0,,
1061.52,,,1.0
1061.53,1.0,1.0,
1062.02,,1.0,1.0
1062.03,1.0,,
1062.52,,1.0,1.0
1062.53,1.0,,
1063.02,,1.0,1.0
1063.03,1.0,,
1063.52,,1.0,1.0
1063.53,1.0,,
1064.02,,1.0,1.0
1064.03,1.0,,
1064.52,,1.0,1.0
1064.53,1.0,,
1065.02,,1.0,1.0
1065.03,1.0,,
1065.52,,1.0,1.0
1065.53,1.0,,
1066.02,,1.0,1.0
1066.03,1.0,,
1066.52,,1.0,1.0
1066.53,1.0,,
1067.02,,1.0,1.0
1067.03,1.0,,
1067.52,,1.0,1.0
1067.53,1.0,,
1068.02,,1.0,1.0
1068.03,1.0,,
1068.52,,1.0,1.0
1068.53,1.0,,
1069.02,,1.0,1.0
1069.03,1.0,,
1069.52,,1.0,1.0
1069.53,1.0,,
1070.02,,1.0,1.0
1070.03,1.0,,
1070.52,,1.0,1.0
1070.53,1.0,,
1071.02,,1.0,1.0
1071.03,1.0,,
1071.52,1.0,1.0,1.0
1072.02,1.0,1.0,1.0
1072.52,1.0,1.0,1.0
1073.02,,1.0,1.0
1073.03,1.0,,
1073.52,,1.0,1.0
1073.53,1.0,,
1074.02,,1.0,2.0
1074.03,2.0,,
1074.52,,1.0,2.0
1074.53,2.0,,
1075.02,,1.0,2.0
1075.03,2.0,,
1075.52,,1.0,2.0
1075.53,2.0,,
1076.02,,1.0,2.0
1076.03,2.0,,
1076.52,,1.0,2.0
1076.53,2.0,,
1077.02,,1.0,2.0
1077.03,2.0,,
1077.52,,1.0,2.0
1077.53,2.0,,
1078.02,,1.0,1.0
1078.03,2.0,,
1078.52,,1.0,1.0
1078.53,2.0,,
1079.02,,1.0,1.0
1079.03,2.0,,
1079.52,,1.0,1.0
1079.53,2.0,,
1080.02,,1.0,1.0
1080.03,2.0,,
1080.52,,1.0,1.0
1080.53,1.0,,
1081.02,,1.0,1.0
1081.03,1.0,,
1081.52,,1.0,1.0
1081.53,1.0,,
1082.02,,1.0,1.0
1082.03,1.0,,
1082.52,,1.0,1.0
1082.53,1.0,,
1083.02,,1.0,1.0
1083.03,1.0,,
1083.52,,1.0,1.0
1083.53,1.0,,
1084.02,,1.0,1.0
1084.03,1.0,,
1084.52,,1.0,1.0
1084.53,1.0,,
1085.02,,1.0,1.0
1085.03,1.0,,
1085.52,,1.0,1.0
1085.53,1.0,,
1086.02,,2.0,1.0
1086.03,1.0,,
1086.52,,1.0,1.0
1086.53,1.0,,
1087.02,,1.0,1.0
1087.03,1.0,,
1087.52,,1.0,1.0
1087.53,1.0,,
1088.02,,2.0,1.0
1088.03,1.0,,
1088.52,,2.0,1.0
1088.53,1.0,,
1089.02,,1.0,1.0
1089.03,2.0,,
1089.52,,1.0,2.0
1089.53,2.0,,
1090.02,,1.0,2.0
1090.03,2.0,,
1090.52,,1.0,2.0
1090.53,2.0,,
1091.02,,1.0,2.0
1091.03,2.0,,
1091.52,2.0,1.0,2.0
1092.02,2.0,2.0,2.0
1092.52,2.0,2.0,2.0
1093.02,,2.0,1.0
1093.03,2.0,,
1093.52,,2.0,1.0
1093.53,2.0,,
1094.02,,2.0,1.0
1094.03,2.0,,
1094.52,,2.0,2.0
1094.53,0.0,,
1095.02,,2.0,2.0
1095.03,0.0,,
1095.52,,1.0,2.0
1095.53,1.0,,
1096.02,,1.0,1.0
1096.03,2.0,,
1096.52,,1.0,2.0
1096.53,2.0,,
1097.02,,1.0,2.0
1097.03,2.0,,
1097.52,,1.0,2.0
1097.53,2.0,,
1098.02,,1.0,1.0
1098.03,2.0,,
1098.52,,1.0,1.0
1098.53,2.0,,
1099.02,,1.0,1.0
1099.03,2.0,,
1099.52,,1.0,1.0
1099.53,2.0,,
1100.02,,1.0,1.0
1100.03,2.0,,
1100.52,,1.0,1.0
1100.53,2.0,,
1101.02,,1.0,1.0
1101.03,2.0,,
1101.52,,1.0,1.0
1101.53,2.0,,
1102.02,,1.0,1.0
1102.03,2.0,,
1102.52,,1.0,1.0
1102.53,2.0,,
1103.02,,1.0,1.0
1103.03,2.0,,
1103.52,,1.0,1.0
1103.53,2.0,,
1104.02,,1.0,1.0
1104.03,1.0,,
1104.52,,1.0,1.0
1104.53,1.0,,
1105.02,,1.0,1.0
1105.03,1.0,,
1105.52,,2.0,1.0
1105.53,2.0,,
1106.02,,2.0,1.0
1106.03,2.0,,
1106.52,,2.0,1.0
1106.53,2.0,,
1107.02,,2.0,2.0
1107.03,2.0,,
1107.52,,2.0,1.0
1107.53,2.0,,
1108.02,,2.0,1.0
1108.03,2.0,,
1108.52,,2.0,1.0
1108.53,2.0,,
1109.02,,2.0,1.0
1109.03,2.0,,
1109.52,,2.0,1.0
1109.53,2.0,,
1110.02,,2.0,1.0
1110.03,2.0,,
1110.52,,2.0,1.0
1110.53,2.0,,
1111.02,2.0,2.0,1.0
1111.52,2.0,2.0,1.0
1112.02,2.0,2.0,1.0
1112.52,,2.0,1.0
1112.53,2.0,,
1113.02,,2.0,1.0
1113.03,2.0,,
1113.52,,1.0,1.0
1113.53,1.0,,
1114.02,,1.0,2.0
1114.03,1.0,,
1114.52,,1.0,2.0
1114.53,1.0,,
1115.02,,1.0,2.0
1115.03,2.0,,
1115.52,,1.0,2.0
1115.53,2.0,,
1116.02,,1.0,2.0
1116.03,2.0,,
1116.52,,1.0,2.0
1116.53,2.0,,
1117.02,,1.0,2.0
1117.03,1.0,,
1117.52,,1.0,2.0
1117.53,2.0,,
1118.02,,1.0,2.0
1118.03,2.0,,
1118.52,,1.0,2.0
1118.53,2.0,,
1119.02,,1.0,2.0
1119.03,2.0,,
1119.52,,1.0,2.0
1119.53,2.0,,
1120.02,,1.0,2.0
1120.03,1.0,,
1120.52,,1.0,2.0
1120.53,1.0,,
1121.02,,1.0,2.0
1121.03,1.0,,
1121.52,,1.0,2.0
1121.53,1.0,,
1122.02,,1.0,2.0
1122.03,2.0,,
1122.52,,1.0,1.0
1122.53,1.0,,
1123.02,,1.0,1.0
1123.03,2.0,,
1123.52,,2.0,1.0
1123.53,2.0,,
1124.02,,2.0,1.0
1124.03,2.0,,
1124.52,,1.0,1.0
1124.53,2.0,,
1125.02,,1.0,1.0
1125.03,2.0,,
1125.52,,1.0,1.0
1125.53,2.0,,
1126.02,,1.0,1.0
1126.03,1.0,,
1126.52,,1.0,1.0
1126.53,1.0,,
1127.02,,1.0,1.0
1127.03,1.0,,
1127.52,,1.0,1.0
1127.53,1.0,,
1128.02,,1.0,1.0
1128.03,1.0,,
1128.52,,2.0,1.0
1128.53,1.0,,
1129.02,,1.0,1.0
1129.03,2.0,,
1129.52,,2.0,1.0
1129.53,2.0,,
1130.02,,2.0,2.0
1130.03,2.0,,
1130.52,2.0,2.0,2.0
1131.02,2.0,0.0,2.0
1131.52,2.0,2.0,2.0
1132.02,2.0,2.0,2.0
1132.52,,2.0,2.0
1132.53,2.0,,
1133.02,,2.0,2.0
1133.03,2.0,,
1133.52,,2.0,2.0
1133.53,2.0,,
1134.02,,1.0,2.0
1134.03,2.0,,
1134.52,,2.0,2.0
1134.53,2.0,,
1135.02,,2.0,1.0
1135.03,2.0,,
1135.52,,1.0,1.0
1135.53,2.0,,
1136.02,,2.0,1.0
1136.03,1.0,,
1136.52,,1.0,1.0
1136.53,2.0,,
1137.02,,2.0,1.0
1137.03,2.0,,
1137.52,,2.0,1.0
1137.53,2.0,,
1138.02,,1.0,1.0
1138.03,2.0,,
1138.52,,1.0,1.0
1138.53,2.0,,
1139.02,,1.0,1.0
1139.03,2.0,,
1139.52,,1.0,1.0
1139.53,2.0,,
1140.02,,1.0,1.0
1140.03,1.0,,
1140.52,,1.0,1.0
1140.53,2.0,,
1141.02,,1.0,1.0
1141.03,2.0,,
1141.52,,1.0,2.0
1141.53,0.0,,
1142.02,,1.0,2.0
1142.03,0.0,,
1142.52,,2.0,2.0
1142.53,0.0,,
1143.02,,2.0,2.0
1143.03,1.0,,
1143.52,,2.0,1.0
1143.53,2.0,,
1144.02,,2.0,2.0
1144.03,2.0,,
1144.52,,1.0,1.0
1144.53,2.0,,
1145.02,,2.0,1.0
1145.03,2.0,,
1145.52,,2.0,1.0
1145.53,2.0,,
1146.01,,,1.0
1146.02,,2.0,
1146.03,2.0,,
1146.52,,1.0,1.0
1146.53,2.0,,
1147.02,,2.0,1.0
1147.03,2.0,,
1147.52,,2.0,1.0
1147.53,2.0,,
1148.02,,2.0,1.0
1148.03,2.0,,
1148.52,,2.0,1.0
1148.53,2.0,,
1149.02,,2.0,1.0
1149.03,2.0,,
1149.52,,2.0,1.0
1149.53,2.0,,
1150.02,1.0,2.0,1.0
1150.52,1.0,2.0,1.0
1151.02,1.0,2.0,1.0
1151.52,1.0,2.0,1.0
1152.02,1.0,2.0,1.0
1152.52,,1.0,1.0
1152.53,1.0,,
1153.02,,0.0,2.0
1153.03,1.0,,
1153.52,,0.0,1.0
1153.53,1.0,,
1154.02,,1.0,2.0
1154.03,1.0,,
1154.52,,1.0,1.0
1154.53,1.0,,
1155.02,,1.0,1.0
1155.03,1.0,,
1155.52,,1.0,1.0
1155.53,1.0,,
1156.02,,1.0,1.0
1156.03,1.0,,
1156.52,,2.0,1.0
1156.53,1.0,,
1157.02,,2.0,1.0
1157.03,1.0,,
1157.52,,2.0,1.0
1157.53,1.0,,
1158.02,,2.0,1.0
1158.03,2.0,,
1158.52,,2.0,1.0
1158.53,2.0,,
1159.02,,2.0,1.0
1159.03,2.0,,
1159.52,,2.0,1.0
1159.53,2.0,,
1160.02,,2.0,1.0
1160.03,2.0,,
1160.52,,2.0,1.0
1160.53,2.0,,
1161.02,,2.0,1.0
1161.03,2.0,,
1161.52,,2.0,1.0
1161.53,2.0,,
1162.02,,2.0,1.0
1162.03,1.0,,
1162.52,,2.0,1.0
1162.53,1.0,,
1163.01,,2.0,
1163.02,,,1.0
1163.03,1.0,,
1163.51,,2.0,
1163.52,,,1.0
1163.53,1.0,,
1164.01,,2.0,
1164.02,,,1.0
1164.03,1.0,,
1164.52,,1.0,1.0
1164.53,1.0,,
1165.02,,1.0,1.0
1165.03,1.0,,
1165.51,,,1.0
1165.52,,1.0,
1165.53,2.0,,
1166.01,,,1.0
1166.02,,1.0,
1166.03,2.0,,
1166.52,,2.0,1.0
1166.53,2.0,,
1167.02,,1.0,1.0
1167.03,2.0,,
1167.52,,1.0,1.0
1167.53,2.0,,
1168.02,,1.0,1.0
1168.03,2.0,,
1168.52,,1.0,0.0
1168.53,2.0,,
1169.02,2.0,1.0,1.0
1169.52,2.0,1.0,1.0
1170.02,2.0,1.0,1.0
1170.52,2.0,1.0,2.0
1171.02,2.0,1.0,2.0
1171.52,2.0,1.0,2.0
1172.02,2.0,0.0,2.0
1172.52,,0.0,1.0
1172.53,2.0,,
1173.02,,0.0,1.0
1173.03,2.0,,
1173.52,,0.0,0.0
1173.53,2.0,,
1174.02,,0.0,0.0
1174.03,2.0,,
1174.52,,0.0,0.0
1174.53,1.0,,
1175.02,,0.0,1.0
1175.03,1.0,,
1175.52,,0.0,1.0
1175.53,1.0,,
1176.02,,0.0,1.0
1176.03,1.0,,
1176.52,,1.0,0.0
1176.53,1.0,,
1177.02,,2.0,1.0
1177.03,1.0,,
1177.52,,1.0,1.0
1177.53,1.0,,
1178.02,,0.0,1.0
1178.03,2.0,,
1178.52,,0.0,1.0
1178.53,2.0,,
1179.02,,0.0,1.0
1179.03,2.0,,
1179.52,,0.0,1.0
1179.53,2.0,,
1180.02,,1.0,1.0
1180.03,2.0,,
1180.52,,1.0,0.0
1180.53,2.0,,
1181.02,,1.0,0.0
1181.03,2.0,,
1181.52,,1.0,1.0
1181.53,2.0,,
1182.02,,1.0,1.0
1182.03,2.0,,
1182.51,,1.0,
1182.52,,,1.0
1182.53,2.0,,
1183.01,,1.0,
1183.02,,,1.0
1183.03,2.0,,
1183.51,,1.0,
1183.52,,,1.0
1183.53,2.0,,
1184.01,,1.0,
1184.02,,,0.0
1184.03,2.0,,
1184.51,,1.0,
1184.52,,,0.0
1184.53,2.0,,
1185.01,,0.0,0.0
1185.03,2.0,,
1185.51,,,0.0
1185.52,,0.0,
1185.53,2.0,,
1186.01,,,1.0
1186.02,,0.0,
1186.03,2.0,,
1186.52,,0.0,1.0
1186.53,2.0,,
1187.02,,0.0,1.0
1187.03,2.0,,
1187.52,,0.0,0.0
1187.53,2.0,,
1188.02,,0.0,1.0
1188.03,2.0,,
1188.52,1.0,0.0,1.0
1189.02,1.0,0.0,1.0
1189.52,1.0,0.0,1.0
1190.02,1.0,0.0,2.0
1190.52,1.0,0.0,1.0
1191.02,1.0,0.0,1.0
1191.52,1.0,0.0,1.0
1192.02,1.0,0.0,1.0
1192.52,,1.0,1.0
1192.53,1.0,,
1193.02,,2.0,1.0
1193.03,1.0,,
1193.52,,1.0,2.0
1193.53,1.0,,
1194.02,,1.0,1.0
1194.03,1.0,,
1194.52,,1.0,1.0
1194.53,1.0,,
1195.02,,1.0,1.0
1195.03,2.0,,
1195.52,,1.0,1.0
1195.53,2.0,,
1196.02,,0.0,1.0
1196.03,1.0,,
1196.52,,0.0,1.0
1196.53,1.0,,
1197.02,,1.0,1.0
1197.03,1.0,,
1197.52,,1.0,1.0
1197.53,1.0,,
1198.02,,2.0,1.0
1198.03,1.0,,
1198.52,,1.0,1.0
1198.53,1.0,,
1199.02,,1.0,0.0
1199.03,1.0,,
1199.52,,2.0,0.0
1199.53,1.0,,
1200.02,,2.0,0.0
1200.03,1.0,,
1200.52,,2.0,1.0
1200.53,0.0,,
1201.02,,1.0,1.0
1201.03,0.0,,
1201.52,,1.0,1.0
1201.53,1.0,,
1202.02,,1.0,1.0
1202.03,0.0,,
1202.52,,1.0,2.0
1202.53,1.0,,
1203.01,,1.0,
1203.02,,,1.0
1203.03,2.0,,
1203.51,,2.0,
1203.52,,,1.0
1203.53,2.0,,
1204.01,,2.0,1.0
1204.03,1.0,,
1204.51,,2.0,1.0
1204.53,1.0,,
1205.01,,2.0,2.0
1205.03,1.0,,
1205.51,,2.0,2.0
1205.53,1.0,,
1206.01,,2.0,2.0
1206.03,1.0,,
1206.51,,1.0,
1206.52,,,1.0
1206.53,1.0,,
1207.02,,1.0,1.0
1207.03,2.0,,
1207.52,,2.0,0.0
1207.53,1.0,,
1208.02,0.0,2.0,0.0
1208.52,0.0,1.0,0.0
1209.02,0.0,1.0,0.0
1209.52,1.0,1.0,0.0
1210.02,1.0,0.0,0.0
1210.52,1.0,0.0,0.0
1211.02,1.0,1.0,1.0
1211.52,1.0,1.0,1.0
1212.02,,1.0,1.0
1212.03,1.0,,
1212.52,,1.0,1.0
1212.53,1.0,,
1213.02,,2.0,1.0
1213.03,1.0,,
1213.52,,2.0,2.0
1213.53,2.0,,
1214.02,,2.0,2.0
1214.03,2.0,,
1214.52,,2.0,1.0
1214.53,2.0,,
1215.02,,2.0,1.0
1215.03,2.0,,
1215.52,,1.0,1.0
1215.53,2.0,,
1216.02,,1.0,1.0
1216.03,2.0,,
1216.52,,1.0,1.0
1216.53,2.0,,
1217.02,,2.0,1.0
1217.03,1.0,,
1217.52,,2.0,1.0
1217.53,1.0,,
1218.02,,2.0,1.0
1218.03,1.0,,
1218.52,,2.0,1.0
1218.53,1.0,,
1219.02,,2.0,1.0
1219.03,1.0,,
1219.52,,2.0,2.0
1219.53,1.0,,
1220.02,,2.0,2.0
1220.03,1.0,,
1220.52,,2.0,1.0
1220.53,2.0,,
1221.02,,2.0,1.0
1221.03,1.0,,
1221.52,,2.0,1.0
1221.53,2.0,,
1222.02,,2.0,2.0
1222.03,2.0,,
1222.52,,2.0,2.0
1222.53,2.0,,
1223.02,,2.0,2.0
1223.03,2.0,,
1223.51,,2.0,2.0
1223.53,1.0,,
1224.01,,2.0,2.0
1224.03,1.0,,
1224.51,,2.0,1.0
1224.53,1.0,,
1225.01,,2.0,1.0
1225.03,1.0,,
1225.51,,2.0,1.0
1225.53,1.0,,
1226.01,,2.0,1.0
1226.03,1.0,,
1226.51,,2.0,
1226.52,,,1.0
1226.53,1.0,,
1227.01,,2.0,
1227.02,,,2.0
1227.03,1.0,,
1227.51,,2.0,
1227.52,,,2.0
1227.53,2.0,,
1228.01,,2.0,
1228.02,2.0,,2.0
1228.52,2.0,2.0,1.0
1229.02,2.0,1.0,1.0
1229.52,2.0,2.0,2.0
1230.02,1.0,2.0,2.0
1230.52,1.0,2.0,2.0
1231.02,1.0,2.0,2.0
1231.52,1.0,2.0,2.0
1232.02,,2.0,2.0
1232.03,1.0,,
1232.52,,2.0,2.0
1232.53,1.0,,
1233.02,,1.0,2.0
1233.03,1.0,,
1233.52,,2.0,2.0
1233.53,1.0,,
1234.02,,2.0,2.0
1234.03,1.0,,
1234.52,,1.0,2.0
1234.53,2.0,,
1235.02,,1.0,1.0
1235.03,2.0,,
1235.52,,2.0,1.0
1235.53,2.0,,
1236.02,,1.0,1.0
1236.03,2.0,,
1236.52,,1.0,1.0
1236.53,2.0,,
1237.02,,1.0,1.0
1237.03,2.0,,
1237.52,,1.0,2.0
1237.53,2.0,,
1238.02,,1.0,1.0
1238.03,2.0,,
1238.52,,1.0,1.0
1238.53,2.0,,
1239.02,,2.0,1.0
1239.03,2.0,,
1239.52,,2.0,1.0
1239.53,2.0,,
1240.02,,2.0,1.0
1240.03,2.0,,
1240.52,,1.0,1.0
1240.53,2.0,,
1241.02,,1.0,1.0
1241.03,2.0,,
1241.52,,2.0,1.0
1241.53,2.0,,
1242.02,,1.0,1.0
1242.03,2.0,,
1242.52,,2.0,1.0
1242.53,2.0,,
1243.01,,,1.0
1243.02,,1.0,
1243.03,2.0,,
1243.51,,,1.0
1243.52,,2.0,
1243.53,2.0,,
1244.01,,2.0,1.0
1244.03,2.0,,
1244.51,,2.0,1.0
1244.53,2.0,,
1245.01,,2.0,1.0
1245.03,2.0,,
1245.51,,1.0,1.0
1245.53,2.0,,
1246.01,,1.0,1.0
1246.03,2.0,,
1246.51,,1.0,
1246.52,,,1.0
1246.53,2.0,,
1247.01,,1.0,
1247.02,,,2.0
1247.03,2.0,,
1247.51,,1.0,
1247.52,2.0,,1.0
1248.01,,1.0,
1248.02,2.0,,1.0
1248.51,,1.0,
1248.52,2.0,,1.0
1249.01,,1.0,
1249.02,1.0,,1.0
1249.51,,1.0,
1249.52,2.0,,1.0
1250.02,2.0,0.0,1.0
1250.52,1.0,0.0,1.0
1251.02,1.0,0.0,1.0
1251.52,2.0,0.0,1.0
1252.02,,0.0,1.0
1252.03,2.0,,
1252.52,,0.0,2.0
1252.53,1.0,,
1253.02,,1.0,2.0
1253.03,1.0,,
1253.52,,2.0,1.0
1253.53,2.0,,
1254.02,,0.0,0.0
1254.03,2.0,,
1254.52,,1.0,0.0
1254.53,1.0,,
1255.02,,1.0,0.0
1255.03,1.0,,
1255.52,,1.0,0.0
1255.53,1.0,,
1256.02,,1.0,0.0
1256.03,1.0,,
1256.52,,1.0,0.0
1256.53,1.0,,
1257.02,,0.0,0.0
1257.03,1.0,,
1257.52,,0.0,0.0
1257.53,1.0,,
1258.02,,1.0,0.0
1258.03,2.0,,
1258.52,,1.0,0.0
1258.53,2.0,,
1259.02,,1.0,1.0
1259.03,2.0,,
1259.52,,1.0,1.0
1259.53,1.0,,
1260.02,,1.0,0.0
1260.03,2.0,,
1260.52,,1.0,0.0
1260.53,2.0,,
1261.02,,1.0,1.0
1261.03,2.0,,
1261.52,,0.0,0.0
1261.53,2.0,,
1262.02,,0.0,1.0
1262.03,2.0,,
1262.51,,,1.0
1262.52,,1.0,
1262.53,1.0,,
1263.01,,,0.0
1263.02,,1.0,
1263.03,0.0,,
1263.51,,1.0,1.0
1263.53,0.0,,
1264.01,,1.0,1.0
1264.03,1.0,,
1264.51,,1.0,1.0
1264.53,1.0,,
1265.01,,1.0,1.0
1265.03,1.0,,
1265.51,,1.0,0.0
1265.53,1.0,,
1266.01,,0.0,0.0
1266.03,1.0,,
1266.51,,0.0,0.0
1266.53,0.0,,
1267.01,,0.0,
1267.02,0.0,,1.0
1267.51,,0.0,
1267.52,0.0,,0.0
1268.01,,0.0,
1268.02,0.0,,0.0
1268.51,,0.0,
1268.52,0.0,,0.0
1269.01,,0.0,
1269.02,0.0,,0.0
1269.51,,0.0,
1269.52,0.0,,0.0
1270.01,,0.0,
1270.02,0.0,,0.0
1270.51,,0.0,
1270.52,0.0,,0.0
1271.01,,0.0,
1271.02,0.0,,0.0
1271.52,0.0,0.0,0.0
1272.02,,0.0,0.0
1272.03,0.0,,
1272.52,,0.0,0.0
1272.53,0.0,,
1273.02,,0.0,0.0
1273.03,0.0,,
1273.52,,0.0,0.0
1273.53,0.0,,
1274.02,,0.0,0.0
1274.03,0.0,,
1274.52,,0.0,0.0
1274.53,0.0,,
1275.02,,0.0,0.0
1275.03,0.0,,
1275.52,,0.0,0.0
1275.53,0.0,,
1276.02,,0.0,0.0
1276.03,0.0,,
1276.52,,0.0,0.0
1276.53,0.0,,
1277.02,,0.0,0.0
1277.03,0.0,,
1277.52,,0.0,0.0
1277.53,0.0,,
1278.02,,0.0,0.0
1278.03,0.0,,
1278.52,,0.0,1.0
1278.53,0.0,,
1279.02,,0.0,1.0
1279.03,0.0,,
1279.52,,0.0,0.0
1279.53,0.0,,
1280.02,,0.0,0.0
1280.03,1.0,,
1280.52,,0.0,0.0
1280.53,1.0,,
1281.02,,0.0,0.0
1281.03,0.0,,
1281.52,,0.0,0.0
1281.53,0.0,,
1282.01,,,0.0
1282.02,,0.0,
1282.03,0.0,,
1282.51,,,0.0
1282.52,,0.0,
1282.53,0.0,,
1283.01,,,0.0
1283.02,,0.0,
1283.03,0.0,,
1283.51,,0.0,0.0
1283.53,0.0,,
1284.01,,0.0,0.0
1284.03,0.0,,
1284.51,,0.0,0.0
1284.53,0.0,,
1285.01,,0.0,0.0
1285.03,0.0,,
1285.51,,1.0,0.0
1285.53,0.0,,
1286.01,,1.0,0.0
1286.03,0.0,,
1286.51,,2.0,0.0
1286.52,0.0,,
1287.01,,2.0,
1287.02,1.0,,1.0
1287.51,,1.0,
1287.52,1.0,,1.0
1288.01,,1.0,
1288.02,0.0,,0.0
1288.51,,1.0,
1288.52,0.0,,0.0
1289.01,,0.0,
1289.02,0.0,,0.0
1289.51,,0.0,
1289.52,1.0,,0.0
1290.01,,1.0,
1290.02,0.0,,0.0
1290.51,,1.0,
1290.52,0.0,,0.0
1291.01,,1.0,
1291.02,0.0,,1.0
1291.51,,0.0,
1291.52,0.0,,1.0
1292.01,,0.0,
1292.02,,,1.0
1292.03,0.0,,
1292.51,,0.0,
1292.52,,,0.0
1292.53,0.0,,
1293.02,,1.0,1.0
1293.03,0.0,,
1293.52,,0.0,1.0
1293.53,0.0,,
1294.02,,0.0,0.0
1294.03,0.0,,
1294.52,,0.0,0.0
1294.53,0.0,,
1295.02,,0.0,0.0
1295.03,0.0,,
1295.52,,0.0,0.0
1295.53,0.0,,
1296.02,,0.0,0.0
1296.03,0.0,,
1296.52,,0.0,0.0
1296.53,0.0,,
1297.02,,0.0,0.0
1297.03,1.0,,
1297.52,,0.0,0.0
1297.53,0.0,,
1298.02,,0.0,0.0
1298.52,,0.0,0.0
1298.57,0.0,,
1298.58,0.0,,
1299.02,,0.0,0.0
1299.03,1.0,,
1299.52,,0.0,0.0
1299.53,1.0,,
1300.02,,0.0,0.0
1300.03,1.0,,
1300.52,,0.0,0.0
1300.53,1.0,,
1301.02,,1.0,1.0
1301.03,1.0,,
1301.51,,,1.0
1301.52,,0.0,
1301.53,0.0,,
1302.01,,,1.0
1302.02,,1.0,
1302.03,0.0,,
1302.51,,,1.0
1302.52,,1.0,
1302.53,0.0,,
1303.01,,,1.0
1303.02,,1.0,
1303.03,0.0,,
1303.51,,,0.0
1303.52,,1.0,
1303.53,0.0,,
1304.01,,2.0,1.0
1304.03,0.0,,
1304.51,,2.0,1.0
1304.53,0.0,,
1305.01,,2.0,2.0
1305.03,1.0,,
1305.51,,1.0,1.0
1305.53,1.0,,
1306.01,,0.0,1.0
1306.02,0.0,,
1306.51,,0.0,0.0
1306.52,1.0,,
1307.01,,0.0,
1307.02,1.0,,0.0
1307.51,,0.0,
1307.52,1.0,,0.0
1308.01,,0.0,
1308.02,2.0,,0.0
1308.51,,0.0,
1308.52,1.0,,0.0
1309.01,,0.0,
1309.02,2.0,,1.0
1309.51,,0.0,
1309.52,0.0,,1.0
1310.01,,0.0,
1310.02,1.0,,1.0
1310.51,,0.0,
1310.52,1.0,,1.0
1311.01,,0.0,
1311.02,1.0,,0.0
1311.51,,0.0,
1311.52,0.0,,0.0
1312.01,,0.0,
1312.02,0.0,,0.0
1312.51,,0.0,
1312.52,0.0,,0.0
1313.01,,0.0,
1313.02,0.0,,0.0
1313.51,,1.0,
1313.52,1.0,,0.0
1314.02,1.0,1.0,0.0
1314.52,1.0,1.0,0.0
1315.02,1.0,1.0,0.0
1315.52,,1.0,0.0
1315.53,0.0,,
1316.02,,0.0,0.0
1316.03,0.0,,
1316.52,,0.0,0.0
1316.53,0.0,,
1317.02,,0.0,0.0
1317.03,0.0,,
1317.52,,0.0,0.0
1317.53,0.0,,
1318.02,,0.0,0.0
1318.03,0.0,,
1318.52,,0.0,0.0
1318.53,0.0,,
1319.02,,0.0,0.0
1319.03,0.0,,
1319.52,,0.0,0.0
1319.53,0.0,,
1320.02,,0.0,0.0
1320.03,0.0,,
1320.52,,0.0,0.0
1320.53,0.0,,
1321.01,,,0.0
1321.02,,0.0,
1321.03,0.0,,
1321.51,,,0.0
1321.52,,0.0,
1321.53,1.0,,
1322.01,,,0.0
1322.02,,0.0,
1322.03,1.0,,
1322.51,,,0.0
1322.52,,0.0,
1322.53,1.0,,
1323.01,,,0.0
1323.02,,0.0,
1323.03,1.0,,
1323.51,,,0.0
1323.52,,0.0,
1323.53,1.0,,
1324.01,,,0.0
1324.02,,0.0,
1324.03,1.0,,
1324.51,,0.0,0.0
1324.53,1.0,,
1325.01,,0.0,0.0
1325.03,1.0,,
1325.51,,0.0,0.0
1325.53,1.0,,
1326.01,,0.0,0.0
1326.02,1.0,,
1326.51,,0.0,0.0
1326.52,1.0,,
1327.01,,0.0,
1327.02,1.0,,0.0
1327.51,,0.0,
1327.52,1.0,,0.0
1328.01,,0.0,
1328.02,1.0,,0.0
1328.51,,0.0,
1328.52,1.0,,0.0
1329.01,,0.0,
1329.02,1.0,,0.0
1329.51,,0.0,
1329.52,1.0,,0.0
1330.01,,1.0,
1330.02,1.0,,0.0
1330.51,,1.0,
1330.52,1.0,,0.0
1331.01,,2.0,
1331.02,1.0,,0.0
1331.51,,2.0,
1331.52,1.0,,0.0
1332.01,,0.0,
1332.02,1.0,,0.0
1332.51,,0.0,
1332.52,1.0,,0.0
1333.01,,0.0,
1333.02,1.0,,0.0
1333.51,,0.0,
1333.52,1.0,,0.0
1334.01,,0.0,
1334.02,1.0,,0.0
1334.51,,0.0,
1334.52,1.0,,0.0
1335.01,,1.0,
1335.02,1.0,,0.0
1335.52,,1.0,0.0
1335.53,1.0,,
1336.02,,0.0,0.0
1336.03,1.0,,
1336.52,,1.0,0.0
1336.53,0.0,,
1337.02,,1.0,0.0
1337.03,0.0,,
1337.52,,1.0,0.0
1337.53,0.0,,
1338.02,,1.0,0.0
1338.03,0.0,,
1338.52,,1.0,0.0
1338.53,0.0,,
1339.02,,1.0,0.0
1339.03,0.0,,
1339.52,,1.0,0.0
1339.53,0.0,,
1340.02,,1.0,0.0
1340.03,0.0,,
1340.51,,,0.0
1340.52,,0.0,
1340.53,0.0,,
1341.01,,,0.0
1341.02,,0.0,
1341.03,0.0,,
1341.51,,,0.0
1341.52,,0.0,
1341.53,0.0,,
1342.01,,,0.0
1342.02,,0.0,
1342.03,0.0,,
1342.51,,,0.0
1342.52,,0.0,
1342.53,0.0,,
1343.01,,,0.0
1343.02,,0.0,
1343.03,0.0,,
1343.51,,,0.0
1343.52,,0.0,
1343.53,0.0,,
1344.01,,,0.0
1344.02,,0.0,
1344.03,1.0,,
1344.51,,1.0,0.0
1344.53,1.0,,
1345.01,,1.0,0.0
1345.03,1.0,,
1345.51,,1.0,0.0
1345.53,1.0,,
1346.01,,1.0,0.0
1346.03,1.0,,
1346.51,,1.0,0.0
1346.52,1.0,,
1347.02,1.0,1.0,0.0
1347.51,,0.0,
1347.52,1.0,,0.0
1348.01,,2.0,
1348.02,1.0,,0.0
1348.51,,2.0,
1348.52,1.0,,0.0
1349.01,,1.0,
1349.02,2.0,,
1349.06,,,0.0
1349.51,,2.0,
1349.52,2.0,,0.0
1350.01,,2.0,
1350.02,2.0,,1.0
1350.51,,1.0,
1350.52,2.0,,2.0
1351.01,,1.0,
1351.02,2.0,,2.0
1351.51,,1.0,
1351.52,2.0,,2.0
1352.01,,1.0,
1352.02,2.0,,2.0
1352.51,,1.0,
1352.52,2.0,,1.0
1353.01,,1.0,
1353.02,2.0,,1.0
1353.51,,1.0,
1353.52,2.0,,1.0
1354.01,,2.0,
1354.02,2.0,,1.0
1354.51,,2.0,
1354.52,1.0,,1.0
1355.01,2.0,2.0,
1355.02,,,1.0
1355.51,,2.0,
1355.52,,,2.0
1355.53,2.0,,
1356.01,,1.0,
1356.02,,,2.0
1356.03,2.0,,
1356.51,,1.0,
1356.52,,,2.0
1356.53,1.0,,
1357.02,,1.0,2.0
1357.03,1.0,,
1357.52,,1.0,2.0
1357.53,1.0,,
1358.02,,2.0,2.0
1358.03,2.0,,
1358.52,,2.0,1.0
1358.53,2.0,,
1359.02,,1.0,1.0
1359.03,2.0,,
1359.52,,2.0,1.0
1359.53,2.0,,
1360.01,,,1.0
1360.02,,1.0,
1360.03,2.0,,
1360.51,,,1.0
1360.52,,1.0,
1360.53,2.0,,
1361.01,,,1.0
1361.02,,1.0,
1361.03,2.0,,
1361.51,2.0,,1.0
1361.52,,1.0,
1362.01,2.0,,1.0
1362.02,,1.0,
1362.51,2.0,,1.0
1362.52,,1.0,
1363.01,2.0,,1.0
1363.02,,2.0,
1363.51,2.0,,1.0
1363.52,,2.0,
1364.01,2.0,,1.0
1364.02,,2.0,
1364.51,2.0,1.0,1.0
1365.01,2.0,1.0,1.0
1365.51,2.0,1.0,1.0
1366.01,2.0,1.0,1.0
1366.51,2.0,1.0,1.0
1367.01,2.0,1.0,
1367.02,,,1.0
1367.51,,1.0,
1367.52,2.0,,1.0
1368.01,,1.0,
1368.02,2.0,,1.0
1368.51,,1.0,
1368.52,2.0,,1.0
1369.01,,1.0,
1369.02,2.0,,1.0
1369.51,,1.0,
1369.52,2.0,,1.0
1370.01,,1.0,
1370.02,2.0,,1.0
1370.51,,1.0,
1370.52,2.0,,1.0
1371.01,,1.0,
1371.02,2.0,,1.0
1371.5,2.0,,
1371.51,,1.0,
1371.52,,,2.0
1372.0,2.0,,
1372.01,,1.0,
1372.02,,,2.0
1372.5,2.0,,
1372.51,,2.0,
1372.52,,,1.0
1373.0,2.0,,
1373.01,,2.0,
1373.02,,,1.0
1373.5,2.0,,
1373.51,,2.0,
1373.52,,,1.0
1374.0,2.0,,
1374.01,,1.0,
1374.02,,,1.0
1374.5,2.0,,
1374.51,,2.0,
1374.52,,,1.0
1375.0,2.0,,
1375.01,,2.0,
1375.02,,,1.0
1375.5,2.0,,
1375.51,,2.0,
1375.52,,,1.0
1376.0,2.0,,
1376.01,,2.0,
1376.02,,,1.0
1376.5,2.0,,
1376.51,,2.0,
1376.52,,,2.0
1377.0,2.0,,
1377.01,,2.0,
1377.02,,,2.0
1377.5,2.0,,
1377.51,,2.0,
1377.52,,,2.0
1378.0,2.0,,
1378.01,,2.0,
1378.02,,,1.0
1378.5,1.0,,
1378.52,,2.0,1.0
1379.02,,1.0,2.0
1379.52,,0.0,2.0
1380.01,,,2.0
1380.51,,,2.0
1381.01,,,1.0
1381.51,,,0.0
1382.01,,,0.0
1382.5,,,0.0
1383.2,,,0.0
1383.5,,,0.0
1384.0,,,0.0
1384.5,,,0.0
1385.0,,,0.0
1385.5,,,0.0
1386.0,,,0.0
1386.5,,,0.0
1387.01,,,0.0
1387.51,,,0.0
