frame,time,actual_video_time,faces_detected_count,face_0_tl_x,face_0_tl_y,face_0_br_x,face_0_br_y,face_1_tl_x,face_1_tl_y,face_1_br_x,face_1_br_y
11660,06:15.000,06:15.032,1,1473.0,562.0,1628.0,785.0,,,,
11674,06:15.500,06:15.500,1,1268.0,617.0,1395.0,804.0,,,,
11689,06:16.000,06:16.000,1,1277.0,699.0,1435.0,925.0,,,,
11704,06:16.500,06:16.500,1,1162.0,699.0,1332.0,955.0,,,,
11719,06:17.000,06:17.000,1,1133.0,713.0,1319.0,996.0,,,,
11734,06:17.500,06:17.500,1,1114.0,797.0,1306.0,1090.0,,,,
11749,06:18.000,06:18.000,1,1134.0,800.0,1329.0,1097.0,,,,
11764,06:18.500,06:18.500,1,1162.0,768.0,1363.0,1071.0,,,,
11779,06:19.000,06:19.000,1,1205.0,677.0,1404.0,973.0,,,,
11794,06:19.500,06:19.502,1,1216.0,671.0,1417.0,971.0,,,,
11809,06:20.000,06:20.002,1,1229.0,694.0,1435.0,993.0,,,,
11824,06:20.500,06:20.502,1,1218.0,664.0,1419.0,965.0,,,,
11839,06:21.000,06:21.002,1,1218.0,658.0,1417.0,958.0,,,,
11854,06:21.500,06:21.502,1,1212.0,650.0,1414.0,953.0,,,,
11869,06:22.000,06:22.002,1,1217.0,563.0,1423.0,868.0,,,,
11885,06:22.500,06:22.502,1,1245.0,570.0,1448.0,875.0,,,,
11900,06:23.000,06:23.002,1,1173.0,496.0,1378.0,806.0,,,,
11915,06:23.500,06:23.503,1,1072.0,691.0,1278.0,990.0,,,,
11930,06:24.000,06:24.003,1,1071.0,574.0,1273.0,876.0,,,,
11945,06:24.500,06:24.503,1,1011.0,501.0,1216.0,812.0,,,,
11960,06:25.000,06:25.003,1,981.0,469.0,1186.0,797.0,,,,
11975,06:25.500,06:25.503,1,1061.0,403.0,1267.0,727.0,,,,
11990,06:26.000,06:26.003,1,1001.0,429.0,1211.0,746.0,,,,
12005,06:26.500,06:26.503,1,963.0,451.0,1173.0,770.0,,,,
12021,06:27.000,06:27.028,1,1057.0,514.0,1260.0,824.0,,,,
12036,06:27.500,06:27.530,1,1120.0,477.0,1324.0,795.0,,,,
12051,06:28.000,06:28.030,1,1069.0,457.0,1272.0,775.0,,,,
12066,06:28.500,06:28.530,1,1084.0,423.0,1284.0,738.0,,,,
12081,06:29.000,06:29.030,1,1100.0,422.0,1303.0,739.0,,,,
12096,06:29.500,06:29.530,1,1121.0,495.0,1322.0,804.0,,,,
12111,06:30.000,06:30.030,1,1099.0,484.0,1295.0,796.0,,,,
12126,06:30.500,06:30.530,1,1096.0,505.0,1298.0,816.0,,,,
12141,06:31.000,06:31.030,1,1109.0,527.0,1309.0,837.0,,,,
12156,06:31.500,06:31.532,1,1011.0,541.0,1213.0,850.0,,,,
12171,06:32.000,06:32.032,1,1091.0,534.0,1289.0,842.0,,,,
12186,06:32.500,06:32.532,1,1065.0,531.0,1265.0,843.0,,,,
12201,06:33.000,06:33.032,1,1107.0,520.0,1304.0,828.0,,,,
12216,06:33.500,06:33.532,1,1128.0,514.0,1324.0,822.0,,,,
12231,06:34.000,06:34.032,1,1103.0,506.0,1303.0,815.0,,,,
12246,06:34.500,06:34.532,1,1100.0,504.0,1301.0,809.0,,,,
12261,06:35.000,06:35.032,1,1101.0,489.0,1299.0,805.0,,,,
12275,06:35.500,06:35.500,1,1092.0,485.0,1290.0,801.0,,,,
12290,06:36.000,06:36.000,1,1088.0,478.0,1287.0,785.0,,,,
12305,06:36.500,06:36.500,1,1093.0,474.0,1294.0,783.0,,,,
12320,06:37.000,06:37.000,1,1091.0,480.0,1291.0,790.0,,,,
12335,06:37.500,06:37.500,1,1071.0,488.0,1271.0,800.0,,,,
12350,06:38.000,06:38.000,1,1089.0,482.0,1289.0,795.0,,,,
12365,06:38.500,06:38.500,1,1086.0,480.0,1286.0,791.0,,,,
12380,06:39.000,06:39.000,1,1089.0,477.0,1288.0,789.0,,,,
12395,06:39.500,06:39.502,1,1090.0,470.0,1292.0,781.0,,,,
12410,06:40.000,06:40.002,1,1084.0,463.0,1287.0,780.0,,,,
12425,06:40.500,06:40.502,1,1081.0,456.0,1286.0,766.0,,,,
12440,06:41.000,06:41.002,1,1071.0,441.0,1274.0,755.0,,,,
12455,06:41.500,06:41.502,1,1079.0,578.0,1283.0,893.0,,,,
12470,06:42.000,06:42.002,1,1099.0,597.0,1302.0,909.0,,,,
12485,06:42.500,06:42.502,1,1107.0,524.0,1312.0,848.0,,,,
12500,06:43.000,06:43.002,1,1101.0,520.0,1308.0,833.0,,,,
12515,06:43.500,06:43.503,1,1098.0,503.0,1307.0,813.0,,,,
12530,06:44.000,06:44.003,1,1098.0,504.0,1305.0,817.0,,,,
12545,06:44.500,06:44.503,1,1090.0,496.0,1298.0,809.0,,,,
12560,06:45.000,06:45.003,1,1090.0,490.0,1298.0,803.0,,,,
12575,06:45.500,06:45.503,1,1093.0,473.0,1299.0,789.0,,,,
12590,06:46.000,06:46.003,1,1093.0,469.0,1300.0,783.0,,,,
12605,06:46.500,06:46.503,1,1092.0,462.0,1302.0,779.0,,,,
12621,06:47.000,06:47.028,1,1091.0,456.0,1300.0,776.0,,,,
12636,06:47.500,06:47.530,1,1060.0,529.0,1265.0,846.0,,,,
12651,06:48.000,06:48.030,1,1074.0,484.0,1277.0,801.0,,,,
12666,06:48.500,06:48.530,1,1073.0,488.0,1277.0,798.0,,,,
12681,06:49.000,06:49.030,1,1077.0,480.0,1279.0,787.0,,,,
12696,06:49.500,06:49.530,1,1075.0,490.0,1282.0,798.0,,,,
12711,06:50.000,06:50.030,1,1060.0,483.0,1263.0,798.0,,,,
12726,06:50.500,06:50.530,1,1059.0,481.0,1264.0,799.0,,,,
12741,06:51.000,06:51.030,1,1053.0,490.0,1259.0,795.0,,,,
12756,06:51.500,06:51.532,1,1061.0,533.0,1267.0,847.0,,,,
12771,06:52.000,06:52.032,1,1070.0,523.0,1277.0,838.0,,,,
12786,06:52.500,06:52.532,1,1070.0,521.0,1276.0,831.0,,,,
12801,06:53.000,06:53.032,1,1067.0,514.0,1275.0,823.0,,,,
12816,06:53.500,06:53.532,1,1061.0,517.0,1265.0,825.0,,,,
12831,06:54.000,06:54.032,1,1051.0,514.0,1258.0,818.0,,,,
12846,06:54.500,06:54.532,1,1050.0,515.0,1259.0,819.0,,,,
12861,06:55.000,06:55.032,1,1050.0,510.0,1257.0,811.0,,,,
12875,06:55.500,06:55.500,1,1044.0,500.0,1253.0,807.0,,,,
12890,06:56.000,06:56.000,1,1041.0,494.0,1252.0,809.0,,,,
12905,06:56.500,06:56.500,1,1040.0,490.0,1252.0,804.0,,,,
12920,06:57.000,06:57.000,1,1041.0,488.0,1250.0,802.0,,,,
12935,06:57.500,06:57.500,1,1040.0,485.0,1250.0,797.0,,,,
12950,06:58.000,06:58.000,1,1041.0,485.0,1252.0,799.0,,,,
12965,06:58.500,06:58.500,1,1040.0,480.0,1252.0,796.0,,,,
12980,06:59.000,06:59.000,1,1043.0,479.0,1253.0,787.0,,,,
12995,06:59.500,06:59.502,1,1041.0,477.0,1251.0,789.0,,,,
13010,07:00.000,07:00.002,1,1039.0,473.0,1251.0,786.0,,,,
13025,07:00.500,07:00.502,1,1039.0,463.0,1251.0,779.0,,,,
13040,07:01.000,07:01.002,1,1040.0,506.0,1255.0,820.0,,,,
13055,07:01.500,07:01.502,1,1007.0,576.0,1221.0,891.0,,,,
13070,07:02.000,07:02.002,1,1020.0,566.0,1232.0,869.0,,,,
13085,07:02.500,07:02.502,1,1020.0,532.0,1234.0,847.0,,,,
13100,07:03.000,07:03.002,1,1020.0,529.0,1232.0,837.0,,,,
13115,07:03.500,07:03.503,1,1023.0,522.0,1234.0,829.0,,,,
13130,07:04.000,07:04.003,1,1035.0,536.0,1246.0,844.0,,,,
13145,07:04.500,07:04.503,1,1025.0,540.0,1235.0,851.0,,,,
13160,07:05.000,07:05.003,1,1032.0,536.0,1241.0,847.0,,,,
13175,07:05.500,07:05.503,1,1032.0,520.0,1241.0,841.0,,,,
13190,07:06.000,07:06.003,1,1021.0,515.0,1231.0,844.0,,,,
13206,07:06.500,07:06.528,1,1010.0,514.0,1222.0,829.0,,,,
13221,07:07.000,07:07.028,1,1014.0,512.0,1228.0,828.0,,,,
13236,07:07.500,07:07.530,1,1018.0,513.0,1232.0,826.0,,,,
13251,07:08.000,07:08.030,1,1015.0,511.0,1230.0,828.0,,,,
13266,07:08.500,07:08.530,1,1017.0,509.0,1232.0,820.0,,,,
13281,07:09.000,07:09.030,1,1012.0,503.0,1227.0,813.0,,,,
13296,07:09.500,07:09.530,1,1024.0,529.0,1231.0,842.0,,,,
13311,07:10.000,07:10.030,1,1023.0,541.0,1233.0,858.0,,,,
13326,07:10.500,07:10.530,1,1017.0,523.0,1229.0,842.0,,,,
13341,07:11.000,07:11.030,1,1022.0,525.0,1230.0,836.0,,,,
13356,07:11.500,07:11.532,1,1014.0,511.0,1228.0,829.0,,,,
13371,07:12.000,07:12.032,1,1020.0,512.0,1232.0,823.0,,,,
13386,07:12.500,07:12.532,1,1025.0,507.0,1236.0,816.0,,,,
13401,07:13.000,07:13.032,1,1020.0,500.0,1233.0,806.0,,,,
13416,07:13.500,07:13.532,1,1019.0,488.0,1233.0,800.0,,,,
13431,07:14.000,07:14.032,1,1014.0,486.0,1232.0,803.0,,,,
13446,07:14.500,07:14.532,1,1014.0,485.0,1233.0,798.0,,,,
13461,07:15.000,07:15.033,1,1012.0,479.0,1229.0,796.0,,,,
13476,07:15.500,07:15.508,1,1010.0,478.0,1228.0,794.0,,,,
13491,07:16.000,07:16.000,1,1022.0,510.0,1236.0,823.0,,,,
13506,07:16.500,07:16.500,1,1012.0,542.0,1227.0,854.0,,,,
13521,07:17.000,07:17.000,1,1006.0,506.0,1220.0,820.0,,,,
13536,07:17.500,07:17.500,1,1011.0,511.0,1224.0,824.0,,,,
13551,07:18.000,07:18.000,1,1011.0,502.0,1231.0,814.0,,,,
13566,07:18.500,07:18.500,1,1037.0,480.0,1250.0,791.0,,,,
13581,07:19.000,07:19.002,1,1027.0,453.0,1242.0,773.0,,,,
13596,07:19.500,07:19.502,1,1044.0,492.0,1257.0,803.0,,,,
13611,07:20.000,07:20.002,1,1028.0,510.0,1237.0,822.0,,,,
13626,07:20.500,07:20.502,1,1044.0,530.0,1249.0,834.0,,,,
13641,07:21.000,07:21.002,1,1037.0,512.0,1246.0,828.0,,,,
13656,07:21.500,07:21.502,1,995.0,515.0,1211.0,831.0,,,,
13671,07:22.000,07:22.002,1,1003.0,507.0,1217.0,819.0,,,,
13686,07:22.500,07:22.502,1,1002.0,501.0,1215.0,825.0,,,,
13701,07:23.000,07:23.003,1,999.0,502.0,1212.0,815.0,,,,
13717,07:23.500,07:23.503,1,1015.0,483.0,1231.0,798.0,,,,
13732,07:24.000,07:24.003,1,1030.0,488.0,1241.0,799.0,,,,
13747,07:24.500,07:24.503,1,1035.0,479.0,1247.0,787.0,,,,
13762,07:25.000,07:25.003,1,1026.0,481.0,1237.0,794.0,,,,
13777,07:25.500,07:25.503,1,1030.0,476.0,1242.0,786.0,,,,
13793,07:26.000,07:26.028,1,1029.0,471.0,1241.0,785.0,,,,
13808,07:26.500,07:26.528,1,1027.0,470.0,1239.0,786.0,,,,
13823,07:27.000,07:27.030,1,1037.0,473.0,1249.0,787.0,,,,
13838,07:27.500,07:27.530,1,1027.0,462.0,1240.0,776.0,,,,
13853,07:28.000,07:28.030,1,1021.0,458.0,1233.0,776.0,,,,
13868,07:28.500,07:28.530,1,1021.0,458.0,1234.0,775.0,,,,
13883,07:29.000,07:29.030,1,1011.0,449.0,1230.0,770.0,,,,
13898,07:29.500,07:29.530,1,1003.0,449.0,1220.0,771.0,,,,
13913,07:30.000,07:30.030,1,1011.0,458.0,1226.0,777.0,,,,
13928,07:30.500,07:30.530,1,1031.0,479.0,1243.0,793.0,,,,
13943,07:31.000,07:31.032,1,1051.0,506.0,1262.0,812.0,,,,
13958,07:31.500,07:31.532,1,1040.0,511.0,1255.0,814.0,,,,
13973,07:32.000,07:32.032,1,1041.0,505.0,1253.0,810.0,,,,
13988,07:32.500,07:32.532,1,1039.0,516.0,1255.0,821.0,,,,
14003,07:33.000,07:33.032,1,1040.0,514.0,1255.0,816.0,,,,
14018,07:33.500,07:33.532,1,1047.0,593.0,1259.0,891.0,,,,
14033,07:34.000,07:34.032,1,1049.0,561.0,1260.0,862.0,,,,
14048,07:34.500,07:34.532,1,1042.0,535.0,1258.0,842.0,,,,
14062,07:35.000,07:35.000,1,1036.0,532.0,1249.0,843.0,,,,
14077,07:35.500,07:35.500,1,1041.0,517.0,1256.0,827.0,,,,
14092,07:36.000,07:36.000,1,1039.0,521.0,1253.0,834.0,,,,
14107,07:36.500,07:36.500,1,1036.0,528.0,1248.0,845.0,,,,
14122,07:37.000,07:37.000,1,1040.0,535.0,1255.0,850.0,,,,
14137,07:37.500,07:37.500,1,1040.0,630.0,1248.0,929.0,,,,
14152,07:38.000,07:38.000,1,1062.0,628.0,1269.0,926.0,,,,
14167,07:38.500,07:38.500,1,1096.0,635.0,1307.0,942.0,,,,
14182,07:39.000,07:39.002,1,1132.0,643.0,1337.0,943.0,,,,
14197,07:39.500,07:39.502,1,1090.0,544.0,1295.0,857.0,,,,
14212,07:40.000,07:40.002,1,1071.0,509.0,1281.0,818.0,,,,
14227,07:40.500,07:40.502,1,1050.0,453.0,1260.0,761.0,,,,
14242,07:41.000,07:41.002,1,1063.0,513.0,1270.0,818.0,,,,
14257,07:41.500,07:41.502,1,1048.0,540.0,1260.0,845.0,,,,
14272,07:42.000,07:42.002,1,1023.0,525.0,1233.0,838.0,,,,
14287,07:42.500,07:42.502,1,1016.0,556.0,1226.0,860.0,,,,
14302,07:43.000,07:43.003,1,1006.0,556.0,1215.0,864.0,,,,
14317,07:43.500,07:43.503,1,1034.0,528.0,1240.0,843.0,,,,
14332,07:44.000,07:44.003,1,1019.0,509.0,1233.0,818.0,,,,
14347,07:44.500,07:44.503,1,1013.0,537.0,1222.0,850.0,,,,
14362,07:45.000,07:45.003,1,1107.0,616.0,1314.0,920.0,,,,
14377,07:45.500,07:45.503,1,1086.0,591.0,1294.0,900.0,,,,
14393,07:46.000,07:46.028,1,1051.0,641.0,1262.0,938.0,,,,
14408,07:46.500,07:46.528,1,1053.0,621.0,1260.0,918.0,,,,
14423,07:47.000,07:47.030,1,1058.0,612.0,1265.0,909.0,,,,
14438,07:47.500,07:47.530,1,1055.0,613.0,1262.0,910.0,,,,
14453,07:48.000,07:48.030,1,1052.0,598.0,1262.0,901.0,,,,
14468,07:48.500,07:48.530,1,1050.0,587.0,1261.0,886.0,,,,
14483,07:49.000,07:49.030,1,1053.0,631.0,1261.0,926.0,,,,
14498,07:49.500,07:49.530,1,1060.0,622.0,1267.0,920.0,,,,
14513,07:50.000,07:50.030,1,1074.0,606.0,1288.0,911.0,,,,
14528,07:50.500,07:50.530,1,1064.0,600.0,1275.0,907.0,,,,
14543,07:51.000,07:51.032,1,1069.0,609.0,1281.0,912.0,,,,
14558,07:51.500,07:51.532,1,1068.0,601.0,1278.0,903.0,,,,
14573,07:52.000,07:52.032,1,1026.0,567.0,1238.0,871.0,,,,
14588,07:52.500,07:52.532,1,1020.0,519.0,1231.0,831.0,,,,
14603,07:53.000,07:53.032,1,1021.0,603.0,1233.0,906.0,,,,
14618,07:53.500,07:53.532,1,1033.0,548.0,1243.0,854.0,,,,
14633,07:54.000,07:54.032,1,1018.0,565.0,1231.0,868.0,,,,
14648,07:54.500,07:54.532,1,1014.0,541.0,1229.0,854.0,,,,
14662,07:55.000,07:55.000,1,1003.0,547.0,1218.0,857.0,,,,
14677,07:55.500,07:55.500,1,991.0,539.0,1206.0,850.0,,,,
14692,07:56.000,07:56.000,1,955.0,531.0,1170.0,846.0,,,,
14707,07:56.500,07:56.500,1,955.0,527.0,1170.0,843.0,,,,
14722,07:57.000,07:57.000,1,964.0,539.0,1175.0,850.0,,,,
14737,07:57.500,07:57.500,1,974.0,552.0,1192.0,859.0,,,,
14752,07:58.000,07:58.000,1,950.0,624.0,1162.0,920.0,,,,
14767,07:58.500,07:58.500,1,979.0,582.0,1193.0,883.0,,,,
14782,07:59.000,07:59.002,1,979.0,554.0,1195.0,860.0,,,,
14797,07:59.500,07:59.502,1,974.0,542.0,1188.0,847.0,,,,
14812,08:00.000,08:00.002,1,954.0,539.0,1169.0,847.0,,,,
14827,08:00.500,08:00.502,1,965.0,520.0,1178.0,835.0,,,,
14842,08:01.000,08:01.002,1,967.0,514.0,1184.0,836.0,,,,
14857,08:01.500,08:01.502,1,967.0,509.0,1184.0,829.0,,,,
14872,08:02.000,08:02.002,1,960.0,513.0,1183.0,834.0,,,,
14887,08:02.500,08:02.502,1,977.0,502.0,1194.0,811.0,,,,
14902,08:03.000,08:03.003,1,965.0,494.0,1182.0,801.0,,,,
14917,08:03.500,08:03.503,1,963.0,566.0,1181.0,871.0,,,,
14932,08:04.000,08:04.003,1,1058.0,551.0,1267.0,851.0,,,,
14947,08:04.500,08:04.503,1,1038.0,552.0,1246.0,851.0,,,,
14963,08:05.000,08:05.028,1,1017.0,556.0,1224.0,857.0,,,,
14978,08:05.500,08:05.528,1,997.0,548.0,1205.0,855.0,,,,
14993,08:06.000,08:06.028,1,1000.0,532.0,1212.0,844.0,,,,
15008,08:06.500,08:06.528,1,1000.0,532.0,1213.0,843.0,,,,
15023,08:07.000,08:07.030,1,1002.0,571.0,1208.0,875.0,,,,
15038,08:07.500,08:07.530,1,1080.0,690.0,1291.0,982.0,,,,
15053,08:08.000,08:08.030,1,1107.0,684.0,1320.0,979.0,,,,
15068,08:08.500,08:08.530,1,1124.0,652.0,1341.0,950.0,,,,
15083,08:09.000,08:09.030,1,1128.0,601.0,1342.0,908.0,,,,
15098,08:09.500,08:09.530,1,1118.0,587.0,1328.0,887.0,,,,
15113,08:10.000,08:10.030,1,1104.0,566.0,1322.0,866.0,,,,
15128,08:10.500,08:10.530,1,1102.0,545.0,1321.0,853.0,,,,
15143,08:11.000,08:11.032,1,1122.0,559.0,1338.0,861.0,,,,
15158,08:11.500,08:11.532,1,1103.0,544.0,1321.0,852.0,,,,
15173,08:12.000,08:12.032,1,1121.0,512.0,1333.0,817.0,,,,
15188,08:12.500,08:12.532,1,1117.0,467.0,1332.0,789.0,,,,
15203,08:13.000,08:13.032,1,1119.0,456.0,1332.0,770.0,,,,
15218,08:13.500,08:13.532,1,1122.0,452.0,1337.0,766.0,,,,
15233,08:14.000,08:14.032,1,1110.0,493.0,1319.0,801.0,,,,
15248,08:14.500,08:14.532,1,1093.0,527.0,1303.0,840.0,,,,
15262,08:15.000,08:15.000,1,1118.0,564.0,1325.0,865.0,,,,
15277,08:15.500,08:15.500,1,1105.0,528.0,1315.0,833.0,,,,
15292,08:16.000,08:16.000,1,1097.0,505.0,1312.0,818.0,,,,
15307,08:16.500,08:16.500,1,1105.0,497.0,1318.0,806.0,,,,
15322,08:17.000,08:17.000,1,1108.0,486.0,1319.0,796.0,,,,
15337,08:17.500,08:17.500,1,1095.0,475.0,1307.0,786.0,,,,
15352,08:18.000,08:18.000,1,1093.0,464.0,1306.0,781.0,,,,
15367,08:18.500,08:18.500,1,1096.0,456.0,1308.0,781.0,,,,
15382,08:19.000,08:19.002,1,1113.0,448.0,1325.0,760.0,,,,
15397,08:19.500,08:19.502,1,1135.0,451.0,1352.0,766.0,,,,
15412,08:20.000,08:20.002,1,1103.0,556.0,1316.0,866.0,,,,
15427,08:20.500,08:20.502,1,1326.0,702.0,1531.0,1008.0,,,,
15442,08:21.000,08:21.002,1,1289.0,691.0,1494.0,989.0,,,,
15457,08:21.500,08:21.502,1,1209.0,624.0,1411.0,927.0,,,,
15472,08:22.000,08:22.002,1,1180.0,588.0,1377.0,895.0,,,,
15487,08:22.500,08:22.502,1,1192.0,555.0,1389.0,861.0,,,,
15502,08:23.000,08:23.003,1,1227.0,597.0,1434.0,904.0,,,,
15517,08:23.500,08:23.503,1,1253.0,522.0,1458.0,832.0,,,,
15532,08:24.000,08:24.003,1,1260.0,514.0,1466.0,830.0,,,,
15547,08:24.500,08:24.503,1,1258.0,514.0,1465.0,826.0,,,,
15563,08:25.000,08:25.028,1,1254.0,493.0,1461.0,804.0,,,,
15578,08:25.500,08:25.528,1,1261.0,497.0,1466.0,812.0,,,,
15593,08:26.000,08:26.028,1,1242.0,543.0,1451.0,859.0,,,,
15608,08:26.500,08:26.528,1,1220.0,523.0,1431.0,840.0,,,,
15623,08:27.000,08:27.030,1,1225.0,516.0,1436.0,840.0,,,,
15638,08:27.500,08:27.530,1,1233.0,519.0,1441.0,831.0,,,,
15653,08:28.000,08:28.030,1,1250.0,559.0,1459.0,870.0,,,,
15668,08:28.500,08:28.530,1,1348.0,582.0,1560.0,906.0,,,,
15683,08:29.000,08:29.030,1,1280.0,526.0,1495.0,845.0,,,,
15698,08:29.500,08:29.530,1,1268.0,514.0,1485.0,830.0,,,,
15713,08:30.000,08:30.030,1,1268.0,475.0,1486.0,792.0,,,,
15728,08:30.500,08:30.530,1,1251.0,453.0,1473.0,775.0,,,,
15743,08:31.000,08:31.032,1,1251.0,464.0,1472.0,785.0,,,,
15758,08:31.500,08:31.532,1,1300.0,727.0,1504.0,1035.0,,,,
15773,08:32.000,08:32.032,1,1327.0,682.0,1545.0,989.0,,,,
15788,08:32.500,08:32.532,1,1279.0,600.0,1499.0,907.0,,,,
15803,08:33.000,08:33.032,1,1357.0,627.0,1578.0,935.0,,,,
15818,08:33.500,08:33.532,1,1332.0,601.0,1555.0,915.0,,,,
15833,08:34.000,08:34.032,1,1318.0,574.0,1542.0,888.0,,,,
15848,08:34.500,08:34.533,1,1275.0,636.0,1500.0,937.0,,,,
15862,08:35.000,08:35.000,1,1288.0,581.0,1504.0,883.0,,,,
15877,08:35.500,08:35.500,1,1308.0,548.0,1519.0,855.0,,,,
15892,08:36.000,08:36.000,1,1205.0,500.0,1416.0,807.0,,,,
15907,08:36.500,08:36.500,1,1094.0,513.0,1306.0,815.0,,,,
15922,08:37.000,08:37.000,1,1134.0,569.0,1342.0,866.0,,,,
15937,08:37.500,08:37.500,1,1184.0,590.0,1388.0,887.0,,,,
15952,08:38.000,08:38.000,1,1131.0,562.0,1345.0,862.0,,,,
15967,08:38.500,08:38.502,1,1116.0,560.0,1327.0,863.0,,,,
15982,08:39.000,08:39.002,1,1114.0,548.0,1326.0,861.0,,,,
15997,08:39.500,08:39.502,1,1098.0,532.0,1313.0,845.0,,,,
16012,08:40.000,08:40.002,1,1091.0,527.0,1306.0,842.0,,,,
16027,08:40.500,08:40.502,1,1096.0,529.0,1312.0,843.0,,,,
16042,08:41.000,08:41.002,1,1106.0,528.0,1321.0,842.0,,,,
16057,08:41.500,08:41.502,1,1122.0,514.0,1335.0,824.0,,,,
16072,08:42.000,08:42.002,1,1115.0,533.0,1330.0,846.0,,,,
16087,08:42.500,08:42.503,1,1070.0,549.0,1284.0,855.0,,,,
16102,08:43.000,08:43.003,1,1064.0,511.0,1278.0,821.0,,,,
16117,08:43.500,08:43.503,1,1013.0,532.0,1232.0,843.0,,,,
16132,08:44.000,08:44.003,1,1028.0,536.0,1245.0,845.0,,,,
16148,08:44.500,08:44.528,1,1075.0,528.0,1290.0,839.0,,,,
16163,08:45.000,08:45.028,1,1093.0,534.0,1307.0,847.0,,,,
16178,08:45.500,08:45.528,1,1362.0,539.0,1585.0,852.0,,,,
16193,08:46.000,08:46.028,1,1480.0,434.0,1736.0,756.0,,,,
16208,08:46.500,08:46.530,1,1406.0,607.0,1649.0,916.0,,,,
16223,08:47.000,08:47.030,1,1329.0,542.0,1565.0,849.0,,,,
16238,08:47.500,08:47.530,1,1305.0,501.0,1545.0,821.0,,,,
16253,08:48.000,08:48.030,1,1226.0,419.0,1458.0,729.0,,,,
16268,08:48.500,08:48.530,1,1263.0,431.0,1497.0,744.0,,,,
16283,08:49.000,08:49.030,1,1238.0,445.0,1470.0,760.0,,,,
16298,08:49.500,08:49.530,1,1314.0,485.0,1546.0,804.0,,,,
16313,08:50.000,08:50.030,1,1294.0,468.0,1530.0,786.0,,,,
16328,08:50.500,08:50.532,1,1272.0,467.0,1495.0,781.0,,,,
16343,08:51.000,08:51.032,1,1286.0,409.0,1509.0,723.0,,,,
16358,08:51.500,08:51.532,1,1335.0,413.0,1573.0,731.0,,,,
16373,08:52.000,08:52.032,1,1361.0,403.0,1595.0,721.0,,,,
16388,08:52.500,08:52.532,1,1412.0,372.0,1650.0,690.0,,,,
16403,08:53.000,08:53.032,1,1435.0,337.0,1685.0,665.0,,,,
16418,08:53.500,08:53.532,1,1395.0,341.0,1639.0,665.0,,,,
16433,08:54.000,08:54.032,1,1369.0,492.0,1599.0,807.0,,,,
16447,08:54.500,08:54.500,1,1378.0,442.0,1612.0,763.0,,,,
16462,08:55.000,08:55.000,1,1450.0,416.0,1698.0,733.0,,,,
16477,08:55.500,08:55.500,1,1397.0,422.0,1638.0,738.0,,,,
16492,08:56.000,08:56.000,1,1311.0,504.0,1549.0,821.0,,,,
16507,08:56.500,08:56.500,1,1179.0,384.0,1428.0,699.0,,,,
16522,08:57.000,08:57.000,1,1076.0,350.0,1332.0,667.0,,,,
16537,08:57.500,08:57.500,1,991.0,433.0,1241.0,741.0,,,,
16552,08:58.000,08:58.000,1,1034.0,418.0,1278.0,731.0,,,,
16567,08:58.500,08:58.502,1,1087.0,452.0,1322.0,768.0,,,,
16582,08:59.000,08:59.002,1,1088.0,522.0,1321.0,832.0,,,,
16597,08:59.500,08:59.502,1,1058.0,527.0,1289.0,837.0,,,,
16612,09:00.000,09:00.002,1,1059.0,494.0,1298.0,815.0,,,,
16627,09:00.500,09:00.502,1,1091.0,544.0,1316.0,860.0,,,,
16642,09:01.000,09:01.002,1,1120.0,501.0,1340.0,811.0,,,,
16657,09:01.500,09:01.502,1,1107.0,481.0,1332.0,802.0,,,,
16672,09:02.000,09:02.002,1,1099.0,529.0,1323.0,844.0,,,,
16687,09:02.500,09:02.503,1,1064.0,485.0,1283.0,802.0,,,,
16702,09:03.000,09:03.003,1,1068.0,600.0,1289.0,917.0,,,,
16717,09:03.500,09:03.503,1,1012.0,550.0,1238.0,864.0,,,,
16733,09:04.000,09:04.028,1,1088.0,524.0,1307.0,842.0,,,,
16748,09:04.500,09:04.528,1,1128.0,524.0,1342.0,833.0,,,,
16763,09:05.000,09:05.028,1,1088.0,493.0,1309.0,809.0,,,,
16778,09:05.500,09:05.528,1,1038.0,496.0,1260.0,805.0,,,,
16793,09:06.000,09:06.028,1,1038.0,502.0,1262.0,811.0,,,,
16808,09:06.500,09:06.530,1,1036.0,457.0,1262.0,770.0,,,,
16823,09:07.000,09:07.030,1,1038.0,455.0,1263.0,766.0,,,,
16838,09:07.500,09:07.530,1,1021.0,454.0,1245.0,772.0,,,,
16853,09:08.000,09:08.030,1,1024.0,452.0,1246.0,771.0,,,,
16868,09:08.500,09:08.530,1,1021.0,444.0,1246.0,761.0,,,,
16883,09:09.000,09:09.030,1,1058.0,512.0,1277.0,822.0,,,,
16898,09:09.500,09:09.530,1,1064.0,509.0,1284.0,822.0,,,,
16913,09:10.000,09:10.030,1,1067.0,476.0,1290.0,794.0,,,,
16928,09:10.500,09:10.532,1,1060.0,503.0,1276.0,810.0,,,,
16943,09:11.000,09:11.032,1,1044.0,501.0,1262.0,813.0,,,,
16958,09:11.500,09:11.532,1,1090.0,488.0,1307.0,804.0,,,,
16973,09:12.000,09:12.032,1,1115.0,475.0,1328.0,788.0,,,,
16988,09:12.500,09:12.532,1,1224.0,506.0,1436.0,817.0,,,,
17003,09:13.000,09:13.032,1,1198.0,462.0,1413.0,782.0,,,,
17018,09:13.500,09:13.532,1,1249.0,490.0,1463.0,805.0,,,,
17033,09:14.000,09:14.032,1,1227.0,422.0,1444.0,742.0,,,,
17047,09:14.500,09:14.500,1,1227.0,460.0,1446.0,780.0,,,,
17062,09:15.000,09:15.000,1,1211.0,515.0,1430.0,831.0,,,,
17077,09:15.500,09:15.500,1,1215.0,477.0,1435.0,798.0,,,,
17092,09:16.000,09:16.000,1,1184.0,496.0,1402.0,808.0,,,,
17107,09:16.500,09:16.500,1,1207.0,482.0,1423.0,799.0,,,,
17122,09:17.000,09:17.000,1,1203.0,493.0,1420.0,805.0,,,,
17137,09:17.500,09:17.500,1,1191.0,467.0,1408.0,784.0,,,,
17152,09:18.000,09:18.000,1,1180.0,469.0,1397.0,784.0,,,,
17167,09:18.500,09:18.502,1,1110.0,467.0,1330.0,782.0,,,,
17182,09:19.000,09:19.002,1,1064.0,507.0,1284.0,820.0,,,,
17197,09:19.500,09:19.502,1,1114.0,504.0,1327.0,813.0,,,,
17212,09:20.000,09:20.002,1,1094.0,482.0,1308.0,793.0,,,,
17227,09:20.500,09:20.502,1,1059.0,454.0,1275.0,768.0,,,,
17242,09:21.000,09:21.002,1,1040.0,393.0,1259.0,709.0,,,,
17257,09:21.500,09:21.502,1,1086.0,485.0,1296.0,799.0,,,,
17272,09:22.000,09:22.002,1,1159.0,511.0,1369.0,824.0,,,,
17287,09:22.500,09:22.503,1,1219.0,508.0,1436.0,826.0,,,,
17302,09:23.000,09:23.003,1,1198.0,529.0,1409.0,850.0,,,,
17318,09:23.500,09:23.528,1,1212.0,545.0,1431.0,861.0,,,,
17333,09:24.000,09:24.028,1,1183.0,558.0,1401.0,869.0,,,,
17348,09:24.500,09:24.528,1,1073.0,618.0,1286.0,924.0,,,,
17363,09:25.000,09:25.028,1,1012.0,631.0,1223.0,933.0,,,,
17378,09:25.500,09:25.528,1,987.0,601.0,1200.0,907.0,,,,
17393,09:26.000,09:26.028,1,994.0,596.0,1204.0,908.0,,,,
17408,09:26.500,09:26.530,1,1013.0,616.0,1228.0,922.0,,,,
17423,09:27.000,09:27.030,1,1026.0,634.0,1239.0,941.0,,,,
17438,09:27.500,09:27.530,1,1026.0,636.0,1238.0,946.0,,,,
17453,09:28.000,09:28.030,1,1034.0,637.0,1242.0,945.0,,,,
17468,09:28.500,09:28.530,1,1043.0,619.0,1250.0,926.0,,,,
17483,09:29.000,09:29.030,1,1025.0,600.0,1234.0,908.0,,,,
17498,09:29.500,09:29.530,1,1054.0,592.0,1260.0,902.0,,,,
17513,09:30.000,09:30.030,1,1085.0,594.0,1292.0,897.0,,,,
17528,09:30.500,09:30.532,1,1078.0,577.0,1281.0,883.0,,,,
17543,09:31.000,09:31.032,1,1068.0,567.0,1276.0,872.0,,,,
17558,09:31.500,09:31.532,1,1061.0,526.0,1268.0,832.0,,,,
17573,09:32.000,09:32.032,1,1072.0,522.0,1280.0,831.0,,,,
17588,09:32.500,09:32.532,1,1069.0,516.0,1275.0,827.0,,,,
17603,09:33.000,09:33.032,1,1059.0,524.0,1262.0,832.0,,,,
17618,09:33.500,09:33.532,1,1057.0,531.0,1260.0,845.0,,,,
17633,09:34.000,09:34.032,1,1055.0,520.0,1262.0,827.0,,,,
17647,09:34.500,09:34.500,1,1062.0,505.0,1270.0,815.0,,,,
17662,09:35.000,09:35.000,1,1063.0,496.0,1272.0,811.0,,,,
17677,09:35.500,09:35.500,1,1064.0,497.0,1272.0,811.0,,,,
17692,09:36.000,09:36.000,1,1069.0,484.0,1278.0,800.0,,,,
17707,09:36.500,09:36.500,1,1091.0,510.0,1305.0,832.0,,,,
17722,09:37.000,09:37.000,1,1117.0,520.0,1331.0,843.0,,,,
17737,09:37.500,09:37.500,1,1090.0,495.0,1310.0,808.0,,,,
17752,09:38.000,09:38.000,1,1103.0,501.0,1320.0,811.0,,,,
17767,09:38.500,09:38.502,1,1080.0,499.0,1295.0,813.0,,,,
17782,09:39.000,09:39.002,1,1090.0,500.0,1304.0,811.0,,,,
17797,09:39.500,09:39.502,1,1095.0,479.0,1307.0,792.0,,,,
17812,09:40.000,09:40.002,1,1099.0,480.0,1311.0,792.0,,,,
17827,09:40.500,09:40.502,1,1095.0,466.0,1307.0,784.0,,,,
17842,09:41.000,09:41.002,1,1097.0,456.0,1314.0,781.0,,,,
17857,09:41.500,09:41.502,1,1117.0,458.0,1328.0,782.0,,,,
17873,09:42.000,09:42.027,1,1117.0,460.0,1325.0,772.0,,,,
17888,09:42.500,09:42.528,1,1107.0,451.0,1323.0,764.0,,,,
17903,09:43.000,09:43.028,1,1115.0,462.0,1323.0,773.0,,,,
17918,09:43.500,09:43.528,1,1118.0,450.0,1327.0,767.0,,,,
17933,09:44.000,09:44.028,1,1137.0,525.0,1349.0,845.0,,,,
17948,09:44.500,09:44.528,1,1129.0,483.0,1341.0,800.0,,,,
17963,09:45.000,09:45.028,1,1147.0,513.0,1359.0,826.0,,,,
17978,09:45.500,09:45.528,1,1181.0,516.0,1392.0,833.0,,,,
17993,09:46.000,09:46.028,1,1187.0,511.0,1400.0,829.0,,,,
18008,09:46.500,09:46.530,1,1191.0,507.0,1406.0,826.0,,,,
18023,09:47.000,09:47.030,1,1221.0,512.0,1439.0,830.0,,,,
18038,09:47.500,09:47.530,1,1219.0,485.0,1435.0,801.0,,,,
18053,09:48.000,09:48.030,1,1222.0,480.0,1436.0,797.0,,,,
18068,09:48.500,09:48.530,1,1256.0,460.0,1468.0,778.0,,,,
18083,09:49.000,09:49.030,1,1271.0,462.0,1481.0,778.0,,,,
18098,09:49.500,09:49.530,1,1278.0,455.0,1491.0,771.0,,,,
18113,09:50.000,09:50.032,1,1294.0,455.0,1502.0,768.0,,,,
18128,09:50.500,09:50.532,1,1298.0,454.0,1505.0,768.0,,,,
18143,09:51.000,09:51.032,1,1346.0,433.0,1564.0,755.0,,,,
18158,09:51.500,09:51.532,1,1320.0,455.0,1534.0,776.0,,,,
18173,09:52.000,09:52.032,1,1319.0,466.0,1532.0,787.0,,,,
18188,09:52.500,09:52.532,1,1423.0,657.0,1665.0,968.0,,,,
18203,09:53.000,09:53.032,1,1372.0,668.0,1611.0,973.0,,,,
18218,09:53.500,09:53.532,1,1317.0,615.0,1547.0,924.0,,,,
18232,09:54.000,09:54.000,1,1306.0,548.0,1541.0,858.0,,,,
18247,09:54.500,09:54.500,1,1328.0,506.0,1561.0,821.0,,,,
18262,09:55.000,09:55.000,1,1088.0,718.0,1308.0,1025.0,,,,
18277,09:55.500,09:55.500,1,968.0,753.0,1178.0,1064.0,,,,
18292,09:56.000,09:56.000,1,943.0,742.0,1155.0,1050.0,,,,
18307,09:56.500,09:56.500,1,916.0,716.0,1133.0,1022.0,,,,
18322,09:57.000,09:57.000,1,1001.0,688.0,1236.0,996.0,,,,
18337,09:57.500,09:57.500,1,1195.0,657.0,1426.0,958.0,,,,
18352,09:58.000,09:58.002,1,1241.0,629.0,1476.0,935.0,,,,
18367,09:58.500,09:58.502,1,1212.0,690.0,1447.0,991.0,,,,
18382,09:59.000,09:59.002,1,1218.0,655.0,1453.0,951.0,,,,
18397,09:59.500,09:59.502,1,1214.0,665.0,1449.0,968.0,,,,
18412,10:00.000,10:00.002,1,1186.0,581.0,1416.0,885.0,,,,
18427,10:00.500,10:00.502,1,1184.0,567.0,1418.0,869.0,,,,
18442,10:01.000,10:01.002,1,1182.0,565.0,1409.0,867.0,,,,
18458,10:01.500,10:01.527,1,1179.0,541.0,1409.0,853.0,,,,
18473,10:02.000,10:02.028,1,1132.0,571.0,1364.0,877.0,,,,
18488,10:02.500,10:02.528,1,1130.0,557.0,1362.0,861.0,,,,
18503,10:03.000,10:03.028,1,1132.0,565.0,1361.0,869.0,,,,
18518,10:03.500,10:03.528,1,1095.0,615.0,1320.0,922.0,,,,
18533,10:04.000,10:04.028,1,1120.0,546.0,1336.0,857.0,,,,
18548,10:04.500,10:04.528,1,1119.0,516.0,1339.0,825.0,,,,
18563,10:05.000,10:05.028,1,1124.0,501.0,1343.0,810.0,,,,
18578,10:05.500,10:05.528,1,1219.0,563.0,1445.0,873.0,,,,
18593,10:06.000,10:06.030,1,1185.0,519.0,1407.0,831.0,,,,
18608,10:06.500,10:06.530,1,1184.0,511.0,1403.0,818.0,,,,
18623,10:07.000,10:07.030,1,1181.0,489.0,1398.0,799.0,,,,
18638,10:07.500,10:07.530,1,1183.0,499.0,1401.0,814.0,,,,
18653,10:08.000,10:08.030,1,1191.0,499.0,1411.0,808.0,,,,
18668,10:08.500,10:08.530,1,1221.0,496.0,1443.0,805.0,,,,
18683,10:09.000,10:09.030,1,1236.0,465.0,1456.0,777.0,,,,
18698,10:09.500,10:09.530,1,1246.0,443.0,1479.0,760.0,,,,
18713,10:10.000,10:10.032,1,1262.0,463.0,1489.0,776.0,,,,
18728,10:10.500,10:10.532,1,1243.0,465.0,1471.0,781.0,,,,
18743,10:11.000,10:11.032,1,1262.0,479.0,1488.0,790.0,,,,
18758,10:11.500,10:11.532,1,1269.0,544.0,1497.0,848.0,,,,
18773,10:12.000,10:12.032,1,1244.0,618.0,1480.0,918.0,,,,
18788,10:12.500,10:12.532,1,1239.0,602.0,1479.0,904.0,,,,
18803,10:13.000,10:13.032,1,1240.0,613.0,1477.0,914.0,,,,
18818,10:13.500,10:13.532,1,1240.0,581.0,1479.0,888.0,,,,
18832,10:14.000,10:14.000,1,1226.0,606.0,1458.0,905.0,,,,
18847,10:14.500,10:14.500,1,1245.0,567.0,1482.0,875.0,,,,
18862,10:15.000,10:15.000,1,1242.0,544.0,1480.0,852.0,,,,
18877,10:15.500,10:15.500,1,1241.0,571.0,1475.0,879.0,,,,
18892,10:16.000,10:16.000,1,1251.0,573.0,1488.0,884.0,,,,
18907,10:16.500,10:16.500,1,1251.0,555.0,1485.0,862.0,,,,
18922,10:17.000,10:17.000,1,1248.0,520.0,1487.0,837.0,,,,
18937,10:17.500,10:17.500,1,1186.0,642.0,1408.0,952.0,,,,
18952,10:18.000,10:18.002,1,1290.0,662.0,1516.0,971.0,,,,
18968,10:18.500,10:18.502,1,1266.0,655.0,1484.0,964.0,,,,
18983,10:19.000,10:19.002,1,1305.0,747.0,1531.0,1054.0,,,,
18998,10:19.500,10:19.502,1,1325.0,696.0,1551.0,1001.0,,,,
19013,10:20.000,10:20.002,1,1285.0,640.0,1507.0,940.0,,,,
19028,10:20.500,10:20.502,1,1213.0,602.0,1433.0,920.0,,,,
19043,10:21.000,10:21.002,1,1089.0,536.0,1316.0,853.0,,,,
19058,10:21.500,10:21.502,1,1023.0,481.0,1249.0,798.0,,,,
19074,10:22.000,10:22.028,1,1057.0,517.0,1280.0,833.0,,,,
19089,10:22.500,10:22.528,1,1080.0,486.0,1307.0,801.0,,,,
19104,10:23.000,10:23.028,1,1113.0,453.0,1339.0,780.0,,,,
19119,10:23.500,10:23.528,1,1118.0,532.0,1344.0,848.0,,,,
19134,10:24.000,10:24.028,1,1000.0,523.0,1227.0,845.0,,,,
19149,10:24.500,10:24.528,1,971.0,451.0,1204.0,780.0,,,,
19164,10:25.000,10:25.028,1,979.0,444.0,1211.0,763.0,,,,
19179,10:25.500,10:25.528,1,984.0,444.0,1216.0,762.0,,,,
19194,10:26.000,10:26.030,1,979.0,444.0,1212.0,764.0,,,,
19209,10:26.500,10:26.530,1,1005.0,473.0,1235.0,795.0,,,,
19224,10:27.000,10:27.030,1,1059.0,496.0,1280.0,813.0,,,,
19239,10:27.500,10:27.530,1,1020.0,478.0,1247.0,797.0,,,,
19254,10:28.000,10:28.030,1,1028.0,472.0,1252.0,784.0,,,,
19269,10:28.500,10:28.530,1,1017.0,468.0,1248.0,785.0,,,,
19284,10:29.000,10:29.030,1,998.0,470.0,1227.0,790.0,,,,
19299,10:29.500,10:29.530,1,999.0,467.0,1229.0,789.0,,,,
19314,10:30.000,10:30.032,1,998.0,472.0,1217.0,791.0,,,,
19329,10:30.500,10:30.532,1,1020.0,470.0,1245.0,786.0,,,,
19344,10:31.000,10:31.032,1,1021.0,464.0,1247.0,784.0,,,,
19359,10:31.500,10:31.532,1,1030.0,457.0,1257.0,777.0,,,,
19374,10:32.000,10:32.032,1,1030.0,451.0,1255.0,769.0,,,,
19389,10:32.500,10:32.532,1,1031.0,445.0,1258.0,764.0,,,,
19404,10:33.000,10:33.032,1,1031.0,445.0,1258.0,761.0,,,,
19419,10:33.500,10:33.532,1,1114.0,548.0,1338.0,861.0,,,,
19433,10:34.000,10:34.000,1,1070.0,519.0,1302.0,838.0,,,,
19448,10:34.500,10:34.500,1,1119.0,513.0,1346.0,828.0,,,,
19463,10:35.000,10:35.000,1,1117.0,500.0,1340.0,814.0,,,,
19478,10:35.500,10:35.500,1,1153.0,508.0,1386.0,824.0,,,,
19493,10:36.000,10:36.000,1,1122.0,496.0,1351.0,812.0,,,,
19508,10:36.500,10:36.500,1,1115.0,480.0,1338.0,797.0,,,,
19523,10:37.000,10:37.000,1,1117.0,485.0,1347.0,799.0,,,,
19538,10:37.500,10:37.500,1,1120.0,475.0,1355.0,791.0,,,,
19553,10:38.000,10:38.002,1,1131.0,565.0,1361.0,876.0,,,,
19568,10:38.500,10:38.502,1,1197.0,615.0,1423.0,923.0,,,,
19583,10:39.000,10:39.002,1,1236.0,567.0,1459.0,873.0,,,,
19598,10:39.500,10:39.502,1,1248.0,508.0,1476.0,823.0,,,,
19613,10:40.000,10:40.002,1,1233.0,500.0,1455.0,813.0,,,,
19628,10:40.500,10:40.502,1,1180.0,509.0,1401.0,822.0,,,,
19643,10:41.000,10:41.002,1,1152.0,517.0,1376.0,835.0,,,,
19658,10:41.500,10:41.502,1,1163.0,527.0,1394.0,842.0,,,,
19673,10:42.000,10:42.003,1,1117.0,530.0,1340.0,845.0,,,,
19689,10:42.500,10:42.528,1,1034.0,562.0,1259.0,867.0,,,,
19704,10:43.000,10:43.028,1,1023.0,555.0,1249.0,870.0,,,,
19719,10:43.500,10:43.528,1,1021.0,537.0,1249.0,849.0,,,,
19734,10:44.000,10:44.028,1,1028.0,532.0,1255.0,846.0,,,,
19749,10:44.500,10:44.528,1,953.0,567.0,1180.0,877.0,,,,
19764,10:45.000,10:45.028,1,979.0,571.0,1210.0,882.0,,,,
19779,10:45.500,10:45.528,1,1018.0,564.0,1246.0,869.0,,,,
19794,10:46.000,10:46.030,1,1008.0,553.0,1234.0,866.0,,,,
19809,10:46.500,10:46.530,1,987.0,546.0,1212.0,855.0,,,,
19824,10:47.000,10:47.030,1,1035.0,577.0,1255.0,881.0,,,,
19839,10:47.500,10:47.530,1,1058.0,573.0,1271.0,873.0,,,,
19854,10:48.000,10:48.030,1,1035.0,556.0,1254.0,865.0,,,,
19869,10:48.500,10:48.530,1,1029.0,548.0,1248.0,860.0,,,,
19884,10:49.000,10:49.030,1,1040.0,555.0,1262.0,867.0,,,,
19899,10:49.500,10:49.530,1,1032.0,544.0,1252.0,860.0,,,,
19914,10:50.000,10:50.032,1,1018.0,539.0,1240.0,849.0,,,,
19929,10:50.500,10:50.532,1,997.0,518.0,1216.0,838.0,,,,
19944,10:51.000,10:51.032,1,998.0,520.0,1220.0,833.0,,,,
19959,10:51.500,10:51.532,1,1007.0,509.0,1236.0,828.0,,,,
19974,10:52.000,10:52.032,1,1024.0,539.0,1251.0,853.0,,,,
19989,10:52.500,10:52.532,1,1019.0,555.0,1239.0,861.0,,,,
20004,10:53.000,10:53.032,1,1068.0,539.0,1292.0,858.0,,,,
20019,10:53.500,10:53.532,1,1079.0,563.0,1306.0,875.0,,,,
20033,10:54.000,10:54.000,1,1056.0,627.0,1278.0,925.0,,,,
20048,10:54.500,10:54.500,1,1018.0,616.0,1243.0,919.0,,,,
20063,10:55.000,10:55.000,1,1039.0,552.0,1262.0,862.0,,,,
20078,10:55.500,10:55.500,1,1012.0,500.0,1239.0,808.0,,,,
20093,10:56.000,10:56.000,1,1031.0,479.0,1252.0,791.0,,,,
20108,10:56.500,10:56.500,1,1035.0,428.0,1260.0,746.0,,,,
20123,10:57.000,10:57.000,1,1035.0,444.0,1260.0,757.0,,,,
20138,10:57.500,10:57.500,1,1050.0,423.0,1272.0,743.0,,,,
20153,10:58.000,10:58.002,1,1026.0,416.0,1249.0,730.0,,,,
20168,10:58.500,10:58.502,1,1039.0,393.0,1268.0,710.0,,,,
20183,10:59.000,10:59.002,1,1028.0,395.0,1252.0,712.0,,,,
20198,10:59.500,10:59.502,1,1033.0,374.0,1260.0,699.0,,,,
20213,11:00.000,11:00.002,1,1083.0,387.0,1303.0,705.0,,,,
20228,11:00.500,11:00.502,1,1042.0,358.0,1268.0,682.0,,,,
20243,11:01.000,11:01.002,1,1030.0,352.0,1254.0,675.0,,,,
20259,11:01.500,11:01.527,1,1053.0,361.0,1274.0,682.0,,,,
20274,11:02.000,11:02.028,1,1061.0,371.0,1284.0,688.0,,,,
20289,11:02.500,11:02.528,1,1036.0,369.0,1263.0,692.0,,,,
20304,11:03.000,11:03.028,1,1035.0,362.0,1261.0,683.0,,,,
20319,11:03.500,11:03.528,1,1035.0,373.0,1263.0,692.0,,,,
20334,11:04.000,11:04.028,1,1082.0,425.0,1302.0,746.0,,,,
20349,11:04.500,11:04.528,1,1096.0,439.0,1322.0,756.0,,,,
20364,11:05.000,11:05.028,1,1126.0,453.0,1352.0,773.0,,,,
20379,11:05.500,11:05.530,1,1094.0,428.0,1323.0,749.0,,,,
20394,11:06.000,11:06.030,1,1099.0,449.0,1326.0,765.0,,,,
20409,11:06.500,11:06.530,1,1091.0,448.0,1314.0,767.0,,,,
20424,11:07.000,11:07.030,1,1070.0,442.0,1300.0,764.0,,,,
20439,11:07.500,11:07.530,1,1092.0,442.0,1314.0,757.0,,,,
20454,11:08.000,11:08.030,1,1085.0,431.0,1308.0,750.0,,,,
20469,11:08.500,11:08.530,1,1076.0,420.0,1299.0,739.0,,,,
20484,11:09.000,11:09.030,1,1071.0,407.0,1286.0,727.0,,,,
20499,11:09.500,11:09.532,1,1081.0,429.0,1302.0,749.0,,,,
20514,11:10.000,11:10.032,1,1090.0,408.0,1313.0,732.0,,,,
20529,11:10.500,11:10.532,1,1086.0,394.0,1311.0,720.0,,,,
20544,11:11.000,11:11.032,1,1074.0,407.0,1303.0,730.0,,,,
20559,11:11.500,11:11.532,1,1089.0,425.0,1309.0,743.0,,,,
20574,11:12.000,11:12.032,1,1084.0,415.0,1301.0,733.0,,,,
20589,11:12.500,11:12.532,1,1082.0,413.0,1299.0,729.0,,,,
20604,11:13.000,11:13.032,1,1076.0,403.0,1295.0,724.0,,,,
20618,11:13.500,11:13.500,1,1089.0,406.0,1310.0,730.0,,,,
20633,11:14.000,11:14.000,1,1131.0,471.0,1350.0,789.0,,,,
20648,11:14.500,11:14.500,1,1148.0,449.0,1366.0,767.0,,,,
20663,11:15.000,11:15.000,1,1152.0,473.0,1372.0,789.0,,,,
20678,11:15.500,11:15.500,1,1103.0,438.0,1329.0,755.0,,,,
20693,11:16.000,11:16.000,1,1091.0,421.0,1314.0,742.0,,,,
20708,11:16.500,11:16.500,1,1122.0,450.0,1348.0,771.0,,,,
20723,11:17.000,11:17.000,1,1169.0,464.0,1387.0,771.0,,,,
20738,11:17.500,11:17.502,1,1152.0,453.0,1372.0,767.0,,,,
20753,11:18.000,11:18.002,1,1130.0,521.0,1348.0,831.0,,,,
20768,11:18.500,11:18.502,1,998.0,536.0,1214.0,847.0,,,,
20783,11:19.000,11:19.002,1,1015.0,562.0,1235.0,865.0,,,,
20798,11:19.500,11:19.502,1,1066.0,509.0,1283.0,821.0,,,,
20813,11:20.000,11:20.002,1,1080.0,504.0,1298.0,811.0,,,,
20829,11:20.500,11:20.527,1,1061.0,480.0,1276.0,796.0,,,,
20844,11:21.000,11:21.027,1,1029.0,482.0,1242.0,792.0,,,,
20859,11:21.500,11:21.528,1,1012.0,498.0,1235.0,808.0,,,,
20874,11:22.000,11:22.028,1,1000.0,494.0,1222.0,808.0,,,,
20889,11:22.500,11:22.528,1,1016.0,490.0,1239.0,800.0,,,,
20904,11:23.000,11:23.028,1,1062.0,476.0,1279.0,790.0,,,,
20919,11:23.500,11:23.528,1,1024.0,491.0,1239.0,801.0,,,,
20934,11:24.000,11:24.028,1,1033.0,467.0,1249.0,782.0,,,,
20949,11:24.500,11:24.528,1,1014.0,474.0,1233.0,788.0,,,,
20964,11:25.000,11:25.028,1,1034.0,476.0,1248.0,789.0,,,,
20979,11:25.500,11:25.530,1,1028.0,464.0,1244.0,783.0,,,,
20994,11:26.000,11:26.030,1,1010.0,441.0,1230.0,752.0,,,,
21009,11:26.500,11:26.530,1,1027.0,423.0,1244.0,740.0,,,,
21024,11:27.000,11:27.030,1,1034.0,412.0,1250.0,728.0,,,,
21039,11:27.500,11:27.530,1,1045.0,411.0,1262.0,725.0,,,,
21054,11:28.000,11:28.030,1,1033.0,410.0,1250.0,726.0,,,,
21069,11:28.500,11:28.530,1,1028.0,405.0,1246.0,726.0,,,,
21084,11:29.000,11:29.030,1,1038.0,414.0,1256.0,735.0,,,,
21099,11:29.500,11:29.532,1,1029.0,411.0,1245.0,733.0,,,,
21114,11:30.000,11:30.032,1,1029.0,402.0,1248.0,727.0,,,,
21129,11:30.500,11:30.532,1,1055.0,491.0,1266.0,804.0,,,,
21144,11:31.000,11:31.032,1,1109.0,430.0,1325.0,749.0,,,,
21159,11:31.500,11:31.532,1,1100.0,446.0,1325.0,762.0,,,,
21174,11:32.000,11:32.032,1,1084.0,422.0,1306.0,747.0,,,,
21189,11:32.500,11:32.532,1,1090.0,420.0,1311.0,745.0,,,,
21204,11:33.000,11:33.032,1,1089.0,437.0,1312.0,759.0,,,,
21218,11:33.500,11:33.500,1,1117.0,443.0,1342.0,763.0,,,,
21233,11:34.000,11:34.000,1,1111.0,412.0,1339.0,738.0,,,,
21248,11:34.500,11:34.500,1,1113.0,433.0,1339.0,754.0,,,,
21263,11:35.000,11:35.000,1,1085.0,412.0,1310.0,731.0,,,,
21278,11:35.500,11:35.500,1,1085.0,413.0,1312.0,735.0,,,,
21293,11:36.000,11:36.000,1,1085.0,406.0,1310.0,724.0,,,,
21308,11:36.500,11:36.500,1,1103.0,411.0,1332.0,729.0,,,,
21323,11:37.000,11:37.000,1,1086.0,363.0,1312.0,680.0,,,,
21338,11:37.500,11:37.502,1,1038.0,496.0,1262.0,806.0,,,,
21353,11:38.000,11:38.002,1,1066.0,448.0,1297.0,769.0,,,,
21368,11:38.500,11:38.502,1,1068.0,414.0,1300.0,740.0,,,,
21383,11:39.000,11:39.002,1,1122.0,498.0,1342.0,816.0,,,,
21398,11:39.500,11:39.502,1,1136.0,454.0,1359.0,775.0,,,,
21414,11:40.000,11:40.027,1,1131.0,423.0,1353.0,739.0,,,,
21429,11:40.500,11:40.527,1,1131.0,405.0,1355.0,724.0,,,,
21444,11:41.000,11:41.027,1,1135.0,404.0,1358.0,727.0,,,,
21459,11:41.500,11:41.528,1,1109.0,391.0,1331.0,711.0,,,,
21474,11:42.000,11:42.028,1,1117.0,381.0,1338.0,699.0,,,,
21489,11:42.500,11:42.528,1,1124.0,383.0,1354.0,705.0,,,,
21504,11:43.000,11:43.028,1,1125.0,373.0,1350.0,691.0,,,,
21519,11:43.500,11:43.528,1,1132.0,371.0,1357.0,693.0,,,,
21534,11:44.000,11:44.028,1,1142.0,340.0,1365.0,667.0,,,,
21549,11:44.500,11:44.528,1,1150.0,341.0,1373.0,665.0,,,,
21564,11:45.000,11:45.028,1,1130.0,330.0,1357.0,660.0,,,,
21579,11:45.500,11:45.530,1,1141.0,321.0,1365.0,650.0,,,,
21594,11:46.000,11:46.030,1,1139.0,349.0,1361.0,671.0,,,,
21609,11:46.500,11:46.530,1,1147.0,347.0,1370.0,668.0,,,,
21624,11:47.000,11:47.030,1,1149.0,315.0,1376.0,641.0,,,,
21639,11:47.500,11:47.530,1,1144.0,285.0,1370.0,616.0,,,,
21654,11:48.000,11:48.030,1,1156.0,403.0,1381.0,725.0,,,,
21669,11:48.500,11:48.530,1,1158.0,420.0,1382.0,739.0,,,,
21684,11:49.000,11:49.030,1,1156.0,438.0,1383.0,756.0,,,,
21699,11:49.500,11:49.532,1,1075.0,509.0,1305.0,834.0,,,,
21714,11:50.000,11:50.032,1,1022.0,446.0,1247.0,768.0,,,,
21729,11:50.500,11:50.532,1,1123.0,498.0,1344.0,818.0,,,,
21744,11:51.000,11:51.032,1,1233.0,565.0,1444.0,875.0,,,,
21759,11:51.500,11:51.532,1,1173.0,543.0,1380.0,857.0,,,,
21774,11:52.000,11:52.032,1,1153.0,509.0,1367.0,824.0,,,,
21789,11:52.500,11:52.532,1,1151.0,471.0,1367.0,784.0,,,,
21804,11:53.000,11:53.032,1,1191.0,522.0,1409.0,838.0,,,,
21818,11:53.500,11:53.500,1,1212.0,521.0,1428.0,837.0,,,,
21833,11:54.000,11:54.000,1,1183.0,501.0,1398.0,813.0,,,,
21848,11:54.500,11:54.500,1,1122.0,469.0,1339.0,787.0,,,,
21863,11:55.000,11:55.000,1,1139.0,503.0,1356.0,816.0,,,,
21878,11:55.500,11:55.500,1,1153.0,536.0,1365.0,848.0,,,,
21893,11:56.000,11:56.000,1,1172.0,589.0,1385.0,901.0,,,,
21908,11:56.500,11:56.500,1,1172.0,613.0,1386.0,921.0,,,,
21923,11:57.000,11:57.000,1,1189.0,588.0,1409.0,899.0,,,,
21938,11:57.500,11:57.502,1,1212.0,478.0,1441.0,797.0,,,,
21953,11:58.000,11:58.002,1,1202.0,464.0,1427.0,784.0,,,,
21968,11:58.500,11:58.502,1,1180.0,547.0,1402.0,863.0,,,,
21983,11:59.000,11:59.002,1,1172.0,559.0,1392.0,869.0,,,,
21998,11:59.500,11:59.502,1,1182.0,501.0,1400.0,812.0,,,,
22013,12:00.000,12:00.002,1,1211.0,506.0,1431.0,830.0,,,,
22029,12:00.500,12:00.527,1,1245.0,504.0,1462.0,827.0,,,,
22044,12:01.000,12:01.027,1,1228.0,521.0,1446.0,848.0,,,,
22059,12:01.500,12:01.528,1,1241.0,556.0,1459.0,871.0,,,,
22074,12:02.000,12:02.028,1,1252.0,649.0,1478.0,965.0,,,,
22089,12:02.500,12:02.528,1,1263.0,585.0,1484.0,907.0,,,,
22104,12:03.000,12:03.028,1,1214.0,575.0,1433.0,895.0,,,,
22119,12:03.500,12:03.528,1,1244.0,575.0,1464.0,895.0,,,,
22134,12:04.000,12:04.028,1,1269.0,608.0,1486.0,921.0,,,,
22149,12:04.500,12:04.528,1,1273.0,614.0,1491.0,925.0,,,,
22164,12:05.000,12:05.028,1,1181.0,663.0,1398.0,980.0,,,,
22179,12:05.500,12:05.530,1,549.0,844.0,779.0,1186.0,,,,
22194,12:06.000,12:06.030,1,528.0,827.0,769.0,1174.0,,,,
22209,12:06.500,12:06.530,1,683.0,751.0,906.0,1072.0,,,,
22224,12:07.000,12:07.030,1,759.0,708.0,977.0,1028.0,,,,
22239,12:07.500,12:07.530,1,854.0,681.0,1062.0,991.0,,,,
22254,12:08.000,12:08.030,1,933.0,658.0,1136.0,965.0,,,,
22269,12:08.500,12:08.530,1,934.0,640.0,1140.0,948.0,,,,
22284,12:09.000,12:09.030,1,900.0,612.0,1114.0,928.0,,,,
22299,12:09.500,12:09.532,1,944.0,615.0,1154.0,929.0,,,,
22314,12:10.000,12:10.032,1,952.0,606.0,1160.0,919.0,,,,
22329,12:10.500,12:10.532,1,966.0,585.0,1176.0,902.0,,,,
22344,12:11.000,12:11.032,1,996.0,591.0,1203.0,905.0,,,,
22359,12:11.500,12:11.532,1,1021.0,580.0,1232.0,896.0,,,,
22374,12:12.000,12:12.032,1,999.0,579.0,1211.0,888.0,,,,
22389,12:12.500,12:12.532,1,1014.0,574.0,1229.0,883.0,,,,
22404,12:13.000,12:13.033,1,1007.0,561.0,1218.0,872.0,,,,
22418,12:13.500,12:13.500,1,1026.0,546.0,1236.0,865.0,,,,
22433,12:14.000,12:14.000,1,1014.0,520.0,1230.0,839.0,,,,
22448,12:14.500,12:14.500,1,1010.0,512.0,1226.0,833.0,,,,
22463,12:15.000,12:15.000,1,1002.0,513.0,1219.0,833.0,,,,
22478,12:15.500,12:15.500,1,990.0,508.0,1207.0,824.0,,,,
22493,12:16.000,12:16.000,1,972.0,509.0,1191.0,832.0,,,,
22508,12:16.500,12:16.500,1,982.0,513.0,1201.0,826.0,,,,
22523,12:17.000,12:17.002,1,988.0,496.0,1205.0,814.0,,,,
22538,12:17.500,12:17.502,1,1001.0,485.0,1220.0,802.0,,,,
22553,12:18.000,12:18.002,1,969.0,476.0,1188.0,796.0,,,,
22568,12:18.500,12:18.502,1,973.0,480.0,1190.0,799.0,,,,
22584,12:19.000,12:19.027,1,967.0,481.0,1186.0,801.0,,,,
22599,12:19.500,12:19.527,1,966.0,473.0,1183.0,792.0,,,,
22614,12:20.000,12:20.027,1,967.0,466.0,1186.0,789.0,,,,
22629,12:20.500,12:20.527,1,954.0,457.0,1176.0,787.0,,,,
22644,12:21.000,12:21.028,1,939.0,454.0,1163.0,781.0,,,,
22659,12:21.500,12:21.528,1,937.0,460.0,1157.0,787.0,,,,
22674,12:22.000,12:22.028,1,948.0,458.0,1172.0,784.0,,,,
22689,12:22.500,12:22.528,1,950.0,453.0,1170.0,783.0,,,,
22704,12:23.000,12:23.028,1,958.0,441.0,1182.0,764.0,,,,
22719,12:23.500,12:23.528,1,958.0,443.0,1182.0,766.0,,,,
22734,12:24.000,12:24.028,1,966.0,447.0,1189.0,771.0,,,,
22749,12:24.500,12:24.528,1,949.0,444.0,1174.0,771.0,,,,
22764,12:25.000,12:25.030,1,938.0,454.0,1158.0,781.0,,,,
22779,12:25.500,12:25.530,1,952.0,466.0,1173.0,788.0,,,,
22794,12:26.000,12:26.030,1,959.0,459.0,1180.0,786.0,,,,
22809,12:26.500,12:26.530,1,969.0,482.0,1191.0,806.0,,,,
22824,12:27.000,12:27.030,1,984.0,539.0,1202.0,861.0,,,,
22839,12:27.500,12:27.530,1,980.0,516.0,1201.0,831.0,,,,
22854,12:28.000,12:28.030,1,986.0,512.0,1205.0,825.0,,,,
22869,12:28.500,12:28.530,1,993.0,505.0,1210.0,823.0,,,,
22884,12:29.000,12:29.032,1,979.0,505.0,1202.0,823.0,,,,
22899,12:29.500,12:29.532,1,1012.0,501.0,1234.0,817.0,,,,
22914,12:30.000,12:30.032,1,1002.0,494.0,1219.0,815.0,,,,
22929,12:30.500,12:30.532,1,991.0,481.0,1214.0,803.0,,,,
22944,12:31.000,12:31.032,1,983.0,488.0,1201.0,804.0,,,,
22959,12:31.500,12:31.532,1,987.0,477.0,1204.0,796.0,,,,
22974,12:32.000,12:32.032,1,978.0,455.0,1201.0,774.0,,,,
22989,12:32.500,12:32.532,1,960.0,461.0,1181.0,787.0,,,,
23003,12:33.000,12:33.000,1,978.0,473.0,1198.0,789.0,,,,
23018,12:33.500,12:33.500,1,996.0,465.0,1211.0,791.0,,,,
23033,12:34.000,12:34.000,1,1014.0,473.0,1234.0,791.0,,,,
23048,12:34.500,12:34.500,1,976.0,481.0,1198.0,803.0,,,,
23063,12:35.000,12:35.000,1,987.0,505.0,1205.0,825.0,,,,
23078,12:35.500,12:35.500,1,993.0,503.0,1211.0,825.0,,,,
23093,12:36.000,12:36.000,1,986.0,512.0,1205.0,825.0,,,,
23108,12:36.500,12:36.500,1,920.0,503.0,1146.0,817.0,,,,
23123,12:37.000,12:37.002,1,995.0,526.0,1215.0,847.0,,,,
23138,12:37.500,12:37.502,1,953.0,502.0,1178.0,820.0,,,,
23153,12:38.000,12:38.002,1,937.0,590.0,1159.0,904.0,,,,
23169,12:38.500,12:38.527,1,882.0,536.0,1109.0,858.0,,,,
23184,12:39.000,12:39.027,1,883.0,499.0,1109.0,824.0,,,,
23199,12:39.500,12:39.527,1,922.0,498.0,1145.0,812.0,,,,
23214,12:40.000,12:40.027,1,979.0,497.0,1201.0,814.0,,,,
23229,12:40.500,12:40.527,1,994.0,489.0,1209.0,806.0,,,,
23244,12:41.000,12:41.028,1,990.0,476.0,1205.0,798.0,,,,
23259,12:41.500,12:41.528,1,1005.0,470.0,1229.0,791.0,,,,
23274,12:42.000,12:42.028,1,1032.0,474.0,1249.0,797.0,,,,
23289,12:42.500,12:42.528,1,1005.0,469.0,1228.0,791.0,,,,
23304,12:43.000,12:43.028,1,977.0,468.0,1202.0,787.0,,,,
23319,12:43.500,12:43.528,1,989.0,468.0,1210.0,791.0,,,,
23334,12:44.000,12:44.028,1,1001.0,478.0,1221.0,801.0,,,,
23349,12:44.500,12:44.528,1,988.0,487.0,1205.0,803.0,,,,
23364,12:45.000,12:45.030,1,1002.0,484.0,1219.0,802.0,,,,
23379,12:45.500,12:45.530,1,1006.0,548.0,1221.0,862.0,,,,
23394,12:46.000,12:46.030,1,1009.0,537.0,1223.0,849.0,,,,
23409,12:46.500,12:46.530,1,1009.0,511.0,1230.0,825.0,,,,
23424,12:47.000,12:47.030,1,1016.0,508.0,1236.0,826.0,,,,
23439,12:47.500,12:47.530,1,1058.0,625.0,1278.0,925.0,,,,
23454,12:48.000,12:48.030,1,1005.0,593.0,1241.0,908.0,,,,
23469,12:48.500,12:48.530,1,995.0,550.0,1222.0,865.0,,,,
23484,12:49.000,12:49.032,1,964.0,534.0,1190.0,851.0,,,,
23499,12:49.500,12:49.532,1,982.0,521.0,1211.0,836.0,,,,
23514,12:50.000,12:50.032,1,996.0,528.0,1216.0,845.0,,,,
23529,12:50.500,12:50.532,1,1021.0,487.0,1241.0,804.0,,,,
23544,12:51.000,12:51.032,1,1033.0,488.0,1257.0,804.0,,,,
23559,12:51.500,12:51.532,1,1030.0,470.0,1247.0,787.0,,,,
23574,12:52.000,12:52.032,1,1039.0,488.0,1258.0,809.0,,,,
23589,12:52.500,12:52.532,1,1060.0,483.0,1271.0,800.0,,,,
23603,12:53.000,12:53.000,1,1030.0,469.0,1251.0,784.0,,,,
23618,12:53.500,12:53.500,1,1016.0,458.0,1240.0,780.0,,,,
23633,12:54.000,12:54.000,1,1034.0,473.0,1256.0,785.0,,,,
23648,12:54.500,12:54.500,1,1019.0,483.0,1239.0,793.0,,,,
23663,12:55.000,12:55.000,1,1025.0,464.0,1242.0,784.0,,,,
23678,12:55.500,12:55.500,1,1034.0,464.0,1250.0,781.0,,,,
23693,12:56.000,12:56.000,1,1052.0,463.0,1268.0,781.0,,,,
23708,12:56.500,12:56.500,1,1058.0,459.0,1277.0,771.0,,,,
23723,12:57.000,12:57.002,1,1084.0,535.0,1299.0,840.0,,,,
23738,12:57.500,12:57.502,1,1122.0,590.0,1337.0,893.0,,,,
23754,12:58.000,12:58.027,1,1119.0,575.0,1332.0,877.0,,,,
23769,12:58.500,12:58.527,1,1082.0,535.0,1298.0,841.0,,,,
23784,12:59.000,12:59.027,1,1128.0,546.0,1334.0,861.0,,,,
23799,12:59.500,12:59.527,1,1139.0,527.0,1349.0,838.0,,,,
23814,13:00.000,13:00.027,1,1091.0,508.0,1305.0,819.0,,,,
23829,13:00.500,13:00.527,1,1120.0,497.0,1339.0,810.0,,,,
23844,13:01.000,13:01.028,1,1125.0,596.0,1338.0,905.0,,,,
23859,13:01.500,13:01.528,1,1126.0,571.0,1341.0,879.0,,,,
23874,13:02.000,13:02.028,1,1129.0,566.0,1343.0,872.0,,,,
23889,13:02.500,13:02.528,1,1153.0,594.0,1363.0,901.0,,,,
23904,13:03.000,13:03.028,1,1170.0,559.0,1382.0,869.0,,,,
23919,13:03.500,13:03.528,1,1173.0,577.0,1383.0,882.0,,,,
23934,13:04.000,13:04.028,1,1171.0,575.0,1383.0,877.0,,,,
23949,13:04.500,13:04.528,1,1167.0,572.0,1379.0,877.0,,,,
23964,13:05.000,13:05.030,1,1127.0,566.0,1338.0,872.0,,,,
23979,13:05.500,13:05.530,1,1126.0,550.0,1335.0,859.0,,,,
23994,13:06.000,13:06.030,1,1151.0,536.0,1361.0,849.0,,,,
24009,13:06.500,13:06.530,1,1148.0,548.0,1356.0,857.0,,,,
24024,13:07.000,13:07.030,1,1142.0,559.0,1349.0,864.0,,,,
24039,13:07.500,13:07.530,1,1125.0,545.0,1334.0,854.0,,,,
24054,13:08.000,13:08.030,1,1094.0,594.0,1309.0,906.0,,,,
24069,13:08.500,13:08.530,1,1091.0,534.0,1304.0,848.0,,,,
24084,13:09.000,13:09.032,1,1136.0,508.0,1350.0,819.0,,,,
24099,13:09.500,13:09.532,1,1121.0,491.0,1332.0,804.0,,,,
24114,13:10.000,13:10.032,1,1101.0,491.0,1313.0,805.0,,,,
24129,13:10.500,13:10.532,1,1113.0,488.0,1323.0,801.0,,,,
24144,13:11.000,13:11.032,1,1123.0,466.0,1337.0,785.0,,,,
24159,13:11.500,13:11.532,1,1116.0,462.0,1333.0,783.0,,,,
24174,13:12.000,13:12.032,1,1089.0,479.0,1302.0,794.0,,,,
24189,13:12.500,13:12.532,1,1111.0,492.0,1328.0,806.0,,,,
24203,13:13.000,13:13.000,1,1110.0,481.0,1329.0,797.0,,,,
24218,13:13.500,13:13.500,1,1093.0,476.0,1311.0,787.0,,,,
24233,13:14.000,13:14.000,1,1091.0,479.0,1308.0,790.0,,,,
24248,13:14.500,13:14.500,1,1111.0,456.0,1330.0,765.0,,,,
24263,13:15.000,13:15.000,1,1147.0,518.0,1369.0,827.0,,,,
24278,13:15.500,13:15.500,1,1199.0,560.0,1427.0,866.0,,,,
24293,13:16.000,13:16.000,1,1047.0,616.0,1263.0,921.0,,,,
24308,13:16.500,13:16.500,1,1009.0,634.0,1227.0,939.0,,,,
24323,13:17.000,13:17.002,1,963.0,615.0,1183.0,921.0,,,,
24339,13:17.500,13:17.527,1,1000.0,571.0,1218.0,875.0,,,,
24354,13:18.000,13:18.027,1,1023.0,582.0,1241.0,888.0,,,,
24369,13:18.500,13:18.527,1,1172.0,573.0,1389.0,878.0,,,,
24384,13:19.000,13:19.027,1,1117.0,552.0,1336.0,859.0,,,,
24399,13:19.500,13:19.527,1,1092.0,537.0,1315.0,846.0,,,,
24414,13:20.000,13:20.027,1,1085.0,507.0,1308.0,818.0,,,,
24429,13:20.500,13:20.527,1,1072.0,481.0,1303.0,797.0,,,,
24444,13:21.000,13:21.028,1,1108.0,475.0,1330.0,786.0,,,,
24459,13:21.500,13:21.528,1,1119.0,474.0,1345.0,789.0,,,,
24474,13:22.000,13:22.028,1,968.0,515.0,1198.0,835.0,,,,
24489,13:22.500,13:22.528,1,983.0,452.0,1214.0,770.0,,,,
24504,13:23.000,13:23.028,1,1018.0,424.0,1245.0,740.0,,,,
24519,13:23.500,13:23.528,1,1047.0,453.0,1269.0,763.0,,,,
24534,13:24.000,13:24.028,1,1060.0,493.0,1274.0,806.0,,,,
24549,13:24.500,13:24.528,1,1039.0,455.0,1261.0,767.0,,,,
24564,13:25.000,13:25.030,1,1057.0,446.0,1280.0,767.0,,,,
24579,13:25.500,13:25.530,1,1092.0,450.0,1313.0,766.0,,,,
24594,13:26.000,13:26.030,1,1142.0,480.0,1362.0,792.0,,,,
24609,13:26.500,13:26.530,1,920.0,474.0,1154.0,786.0,,,,
24624,13:27.000,13:27.030,1,882.0,463.0,1120.0,788.0,,,,
24639,13:27.500,13:27.530,1,896.0,446.0,1129.0,764.0,,,,
24654,13:28.000,13:28.030,1,906.0,424.0,1141.0,743.0,,,,
24669,13:28.500,13:28.532,1,935.0,501.0,1163.0,816.0,,,,
24684,13:29.000,13:29.032,1,924.0,489.0,1152.0,803.0,,,,
24699,13:29.500,13:29.532,1,928.0,504.0,1156.0,817.0,,,,
24714,13:30.000,13:30.032,1,951.0,572.0,1179.0,886.0,,,,
24729,13:30.500,13:30.532,1,947.0,506.0,1177.0,820.0,,,,
24744,13:31.000,13:31.032,1,946.0,479.0,1176.0,797.0,,,,
24759,13:31.500,13:31.532,1,940.0,474.0,1174.0,791.0,,,,
24774,13:32.000,13:32.032,1,952.0,447.0,1186.0,772.0,,,,
24788,13:32.500,13:32.500,1,979.0,463.0,1210.0,780.0,,,,
24803,13:33.000,13:33.000,1,981.0,478.0,1204.0,793.0,,,,
24818,13:33.500,13:33.500,1,968.0,475.0,1193.0,793.0,,,,
24833,13:34.000,13:34.000,1,978.0,422.0,1207.0,744.0,,,,
24848,13:34.500,13:34.500,1,972.0,389.0,1202.0,713.0,,,,
24863,13:35.000,13:35.000,1,969.0,385.0,1199.0,712.0,,,,
24878,13:35.500,13:35.500,1,966.0,391.0,1195.0,718.0,,,,
24893,13:36.000,13:36.000,1,992.0,397.0,1216.0,724.0,,,,
24908,13:36.500,13:36.502,1,969.0,418.0,1196.0,742.0,,,,
24923,13:37.000,13:37.002,1,900.0,452.0,1127.0,773.0,,,,
24939,13:37.500,13:37.527,1,912.0,449.0,1144.0,763.0,,,,
24954,13:38.000,13:38.027,1,949.0,411.0,1180.0,734.0,,,,
24969,13:38.500,13:38.527,1,957.0,396.0,1189.0,723.0,,,,
24984,13:39.000,13:39.027,1,971.0,417.0,1198.0,742.0,,,,
24999,13:39.500,13:39.527,1,995.0,433.0,1220.0,749.0,,,,
25014,13:40.000,13:40.027,1,996.0,415.0,1221.0,740.0,,,,
25029,13:40.500,13:40.528,1,978.0,380.0,1215.0,700.0,,,,
25044,13:41.000,13:41.028,1,984.0,490.0,1209.0,801.0,,,,
25059,13:41.500,13:41.528,1,945.0,583.0,1158.0,887.0,,,,
25074,13:42.000,13:42.028,1,1080.0,712.0,1292.0,1010.0,,,,
25089,13:42.500,13:42.528,1,1255.0,881.0,1493.0,1186.0,,,,
25104,13:43.000,13:43.028,1,1195.0,878.0,1434.0,1181.0,,,,
25119,13:43.500,13:43.528,1,1161.0,865.0,1389.0,1161.0,,,,
25134,13:44.000,13:44.028,1,1125.0,775.0,1348.0,1075.0,,,,
25149,13:44.500,13:44.530,1,1102.0,703.0,1333.0,1002.0,,,,
25164,13:45.000,13:45.030,1,1167.0,630.0,1392.0,922.0,,,,
25179,13:45.500,13:45.530,1,1179.0,566.0,1401.0,866.0,,,,
25194,13:46.000,13:46.030,1,1146.0,550.0,1370.0,859.0,,,,
25209,13:46.500,13:46.530,1,1102.0,522.0,1332.0,829.0,,,,
25224,13:47.000,13:47.030,1,1096.0,504.0,1320.0,809.0,,,,
25239,13:47.500,13:47.530,1,1086.0,498.0,1309.0,806.0,,,,
25254,13:48.000,13:48.030,1,1065.0,500.0,1283.0,802.0,,,,
25269,13:48.500,13:48.532,1,1113.0,492.0,1333.0,796.0,,,,
25284,13:49.000,13:49.032,1,1183.0,533.0,1400.0,827.0,,,,
25299,13:49.500,13:49.532,1,1185.0,501.0,1404.0,802.0,,,,
25314,13:50.000,13:50.032,1,1159.0,492.0,1381.0,794.0,,,,
25329,13:50.500,13:50.532,1,1163.0,483.0,1384.0,785.0,,,,
25344,13:51.000,13:51.032,1,1270.0,604.0,1491.0,896.0,,,,
25359,13:51.500,13:51.532,1,1169.0,710.0,1389.0,999.0,,,,
25374,13:52.000,13:52.032,1,1101.0,517.0,1329.0,819.0,,,,
25388,13:52.500,13:52.500,1,1067.0,448.0,1299.0,757.0,,,,
25403,13:53.000,13:53.000,1,1135.0,440.0,1360.0,744.0,,,,
25418,13:53.500,13:53.500,1,1149.0,423.0,1374.0,730.0,,,,
25433,13:54.000,13:54.000,1,1156.0,418.0,1382.0,729.0,,,,
25448,13:54.500,13:54.500,1,1158.0,414.0,1381.0,721.0,,,,
25463,13:55.000,13:55.000,1,1088.0,405.0,1316.0,715.0,,,,
25478,13:55.500,13:55.500,1,1043.0,408.0,1274.0,718.0,,,,
25493,13:56.000,13:56.000,1,1040.0,406.0,1272.0,719.0,,,,
25508,13:56.500,13:56.502,1,997.0,403.0,1230.0,720.0,,,,
25523,13:57.000,13:57.002,1,994.0,407.0,1219.0,723.0,,,,
25539,13:57.500,13:57.527,1,993.0,419.0,1221.0,737.0,,,,
25554,13:58.000,13:58.027,1,982.0,409.0,1215.0,727.0,,,,
25569,13:58.500,13:58.527,1,962.0,402.0,1194.0,725.0,,,,
25584,13:59.000,13:59.027,1,952.0,412.0,1187.0,731.0,,,,
25599,13:59.500,13:59.527,1,965.0,401.0,1197.0,729.0,,,,
25614,14:00.000,14:00.027,1,946.0,527.0,1183.0,848.0,,,,
25629,14:00.500,14:00.528,1,980.0,452.0,1213.0,770.0,,,,
25644,14:01.000,14:01.028,1,955.0,441.0,1192.0,759.0,,,,
25659,14:01.500,14:01.528,1,946.0,448.0,1174.0,764.0,,,,
25674,14:02.000,14:02.028,1,949.0,431.0,1178.0,757.0,,,,
25689,14:02.500,14:02.528,1,949.0,403.0,1176.0,728.0,,,,
25704,14:03.000,14:03.028,1,957.0,405.0,1184.0,736.0,,,,
25719,14:03.500,14:03.528,1,948.0,399.0,1181.0,725.0,,,,
25734,14:04.000,14:04.028,1,941.0,397.0,1166.0,721.0,,,,
25749,14:04.500,14:04.530,1,932.0,393.0,1153.0,707.0,,,,
25764,14:05.000,14:05.030,1,916.0,384.0,1144.0,700.0,,,,
25779,14:05.500,14:05.530,1,932.0,384.0,1158.0,702.0,,,,
25794,14:06.000,14:06.030,1,914.0,392.0,1144.0,708.0,,,,
25809,14:06.500,14:06.530,1,894.0,414.0,1126.0,733.0,,,,
25824,14:07.000,14:07.030,1,900.0,456.0,1135.0,780.0,,,,
25839,14:07.500,14:07.530,1,901.0,455.0,1130.0,772.0,,,,
25854,14:08.000,14:08.030,1,913.0,427.0,1146.0,750.0,,,,
25869,14:08.500,14:08.532,1,914.0,395.0,1146.0,715.0,,,,
25884,14:09.000,14:09.032,1,907.0,393.0,1135.0,709.0,,,,
25899,14:09.500,14:09.532,1,915.0,367.0,1145.0,689.0,,,,
25914,14:10.000,14:10.032,1,902.0,354.0,1130.0,681.0,,,,
25929,14:10.500,14:10.532,1,882.0,357.0,1121.0,691.0,,,,
25944,14:11.000,14:11.032,1,947.0,441.0,1177.0,772.0,,,,
25959,14:11.500,14:11.532,1,957.0,428.0,1185.0,759.0,,,,
25974,14:12.000,14:12.032,1,949.0,419.0,1177.0,745.0,,,,
25988,14:12.500,14:12.500,1,982.0,452.0,1208.0,773.0,,,,
26003,14:13.000,14:13.000,1,984.0,434.0,1210.0,754.0,,,,
26018,14:13.500,14:13.500,1,975.0,406.0,1202.0,734.0,,,,
26033,14:14.000,14:14.000,1,934.0,415.0,1155.0,739.0,,,,
26048,14:14.500,14:14.500,1,997.0,421.0,1218.0,741.0,,,,
26063,14:15.000,14:15.000,1,955.0,416.0,1181.0,742.0,,,,
26078,14:15.500,14:15.500,1,972.0,420.0,1201.0,743.0,,,,
26093,14:16.000,14:16.000,1,942.0,398.0,1175.0,729.0,,,,
26108,14:16.500,14:16.502,1,929.0,396.0,1153.0,721.0,,,,
26124,14:17.000,14:17.027,1,969.0,373.0,1197.0,702.0,,,,
26139,14:17.500,14:17.527,1,967.0,366.0,1194.0,695.0,,,,
26154,14:18.000,14:18.027,1,946.0,372.0,1175.0,699.0,,,,
26169,14:18.500,14:18.527,1,932.0,357.0,1158.0,683.0,,,,
26184,14:19.000,14:19.027,1,959.0,379.0,1186.0,701.0,,,,
26199,14:19.500,14:19.527,1,983.0,459.0,1203.0,784.0,,,,
26214,14:20.000,14:20.027,1,1009.0,507.0,1224.0,821.0,,,,
26229,14:20.500,14:20.528,1,1010.0,509.0,1231.0,830.0,,,,
26244,14:21.000,14:21.028,1,843.0,596.0,1063.0,910.0,,,,
26259,14:21.500,14:21.528,1,923.0,619.0,1138.0,922.0,,,,
26274,14:22.000,14:22.028,1,966.0,625.0,1183.0,932.0,,,,
26289,14:22.500,14:22.528,1,920.0,594.0,1137.0,901.0,,,,
26304,14:23.000,14:23.028,1,943.0,465.0,1158.0,787.0,,,,
26319,14:23.500,14:23.528,1,1000.0,458.0,1215.0,780.0,,,,
26334,14:24.000,14:24.028,1,1000.0,428.0,1214.0,747.0,,,,
26349,14:24.500,14:24.530,1,1003.0,413.0,1217.0,739.0,,,,
26364,14:25.000,14:25.030,1,1004.0,409.0,1221.0,731.0,,,,
26379,14:25.500,14:25.530,1,1007.0,415.0,1225.0,737.0,,,,
26394,14:26.000,14:26.030,1,1005.0,410.0,1226.0,733.0,,,,
26409,14:26.500,14:26.530,1,1002.0,406.0,1219.0,730.0,,,,
26424,14:27.000,14:27.030,1,979.0,493.0,1201.0,807.0,,,,
26439,14:27.500,14:27.530,1,1008.0,471.0,1231.0,787.0,,,,
26454,14:28.000,14:28.030,1,998.0,438.0,1210.0,760.0,,,,
26469,14:28.500,14:28.532,1,1014.0,417.0,1226.0,738.0,,,,
26484,14:29.000,14:29.032,1,986.0,414.0,1201.0,737.0,,,,
26499,14:29.500,14:29.532,1,1000.0,392.0,1218.0,712.0,,,,
26514,14:30.000,14:30.032,1,1008.0,413.0,1228.0,740.0,,,,
26529,14:30.500,14:30.532,1,1004.0,452.0,1224.0,782.0,,,,
26544,14:31.000,14:31.032,1,889.0,534.0,1114.0,858.0,,,,
26559,14:31.500,14:31.532,1,898.0,475.0,1119.0,798.0,,,,
26574,14:32.000,14:32.032,1,925.0,459.0,1147.0,779.0,,,,
26588,14:32.500,14:32.500,1,966.0,447.0,1187.0,774.0,,,,
26603,14:33.000,14:33.000,1,957.0,447.0,1179.0,770.0,,,,
26618,14:33.500,14:33.500,1,949.0,441.0,1175.0,761.0,,,,
26633,14:34.000,14:34.000,1,945.0,440.0,1167.0,757.0,,,,
26648,14:34.500,14:34.500,1,935.0,406.0,1158.0,731.0,,,,
26663,14:35.000,14:35.000,1,935.0,401.0,1158.0,727.0,,,,
26678,14:35.500,14:35.500,1,952.0,395.0,1176.0,718.0,,,,
26693,14:36.000,14:36.000,1,936.0,490.0,1151.0,805.0,,,,
26709,14:36.500,14:36.527,1,927.0,463.0,1143.0,783.0,,,,
26724,14:37.000,14:37.027,1,967.0,527.0,1175.0,862.0,,,,
26739,14:37.500,14:37.527,1,992.0,542.0,1197.0,856.0,,,,
26754,14:38.000,14:38.027,1,1039.0,515.0,1245.0,823.0,,,,
26769,14:38.500,14:38.527,1,949.0,394.0,1163.0,710.0,,,,
26784,14:39.000,14:39.027,1,947.0,423.0,1162.0,744.0,,,,
26799,14:39.500,14:39.527,1,986.0,426.0,1199.0,745.0,,,,
26814,14:40.000,14:40.027,1,977.0,428.0,1196.0,752.0,,,,
26829,14:40.500,14:40.528,1,980.0,431.0,1201.0,753.0,,,,
26844,14:41.000,14:41.028,1,977.0,389.0,1199.0,716.0,,,,
26859,14:41.500,14:41.528,1,1004.0,497.0,1217.0,812.0,,,,
26874,14:42.000,14:42.028,1,891.0,641.0,1100.0,948.0,,,,
26889,14:42.500,14:42.528,1,836.0,806.0,1042.0,1116.0,,,,
26904,14:43.000,14:43.028,1,994.0,810.0,1197.0,1118.0,,,,
26919,14:43.500,14:43.528,1,1336.0,571.0,1560.0,885.0,,,,
26934,14:44.000,14:44.028,1,1415.0,382.0,1656.0,710.0,,,,
26949,14:44.500,14:44.530,1,1501.0,450.0,1752.0,767.0,,,,
26964,14:45.000,14:45.030,1,1494.0,452.0,1742.0,771.0,,,,
26979,14:45.500,14:45.530,1,1292.0,427.0,1518.0,741.0,,,,
26994,14:46.000,14:46.030,1,1287.0,369.0,1517.0,686.0,,,,
27009,14:46.500,14:46.530,1,1280.0,343.0,1520.0,668.0,,,,
27024,14:47.000,14:47.030,1,1338.0,625.0,1561.0,932.0,,,,
27039,14:47.500,14:47.530,1,1369.0,487.0,1596.0,809.0,,,,
27054,14:48.000,14:48.032,1,1302.0,394.0,1535.0,720.0,,,,
27069,14:48.500,14:48.532,1,1185.0,485.0,1410.0,804.0,,,,
27084,14:49.000,14:49.032,1,1228.0,487.0,1461.0,804.0,,,,
27099,14:49.500,14:49.532,1,1123.0,500.0,1357.0,820.0,,,,
27114,14:50.000,14:50.032,1,1240.0,403.0,1462.0,733.0,,,,
27129,14:50.500,14:50.532,1,1244.0,390.0,1477.0,714.0,,,,
27144,14:51.000,14:51.032,1,1181.0,417.0,1406.0,735.0,,,,
27159,14:51.500,14:51.532,1,1240.0,373.0,1464.0,690.0,,,,
27173,14:52.000,14:52.000,1,1268.0,372.0,1493.0,686.0,,,,
27188,14:52.500,14:52.500,1,1246.0,379.0,1481.0,698.0,,,,
27203,14:53.000,14:53.000,1,1282.0,365.0,1505.0,683.0,,,,
27218,14:53.500,14:53.500,1,1294.0,390.0,1515.0,702.0,,,,
27233,14:54.000,14:54.000,1,1294.0,402.0,1521.0,721.0,,,,
27248,14:54.500,14:54.500,1,1280.0,371.0,1517.0,686.0,,,,
27264,14:55.000,14:55.025,1,1297.0,360.0,1539.0,678.0,,,,
27279,14:55.500,14:55.525,1,1274.0,333.0,1512.0,652.0,,,,
27294,14:56.000,14:56.027,1,1303.0,268.0,1555.0,604.0,,,,
27309,14:56.500,14:56.527,1,1325.0,263.0,1571.0,597.0,,,,
27324,14:57.000,14:57.027,1,1308.0,266.0,1559.0,601.0,,,,
27339,14:57.500,14:57.527,1,1306.0,250.0,1561.0,587.0,,,,
27354,14:58.000,14:58.027,1,1396.0,244.0,1642.0,575.0,,,,
27369,14:58.500,14:58.527,1,1403.0,234.0,1653.0,568.0,,,,
27384,14:59.000,14:59.027,1,1348.0,249.0,1595.0,581.0,,,,
27399,14:59.500,14:59.527,1,1016.0,316.0,1247.0,646.0,,,,
27414,15:00.000,15:00.028,1,1091.0,376.0,1324.0,698.0,,,,
27429,15:00.500,15:00.528,1,1205.0,393.0,1437.0,709.0,,,,
27444,15:01.000,15:01.028,1,1251.0,400.0,1479.0,716.0,,,,
27459,15:01.500,15:01.528,1,1264.0,360.0,1495.0,683.0,,,,
27474,15:02.000,15:02.028,1,1227.0,421.0,1454.0,742.0,,,,
27489,15:02.500,15:02.528,1,1191.0,440.0,1431.0,756.0,,,,
27504,15:03.000,15:03.028,1,1305.0,382.0,1545.0,706.0,,,,
27519,15:03.500,15:03.528,1,1316.0,344.0,1555.0,672.0,,,,
27534,15:04.000,15:04.030,1,1406.0,440.0,1645.0,763.0,,,,
27549,15:04.500,15:04.530,1,1405.0,401.0,1643.0,729.0,,,,
27564,15:05.000,15:05.030,1,1410.0,539.0,1658.0,861.0,,,,
27579,15:05.500,15:05.530,1,1402.0,625.0,1654.0,938.0,,,,
27594,15:06.000,15:06.030,1,1311.0,618.0,1553.0,928.0,,,,
27609,15:06.500,15:06.530,1,1272.0,619.0,1503.0,926.0,,,,
27624,15:07.000,15:07.030,1,1254.0,588.0,1482.0,903.0,,,,
27639,15:07.500,15:07.530,1,1255.0,542.0,1485.0,860.0,,,,
27654,15:08.000,15:08.032,1,1256.0,493.0,1491.0,813.0,,,,
27669,15:08.500,15:08.532,1,1266.0,435.0,1504.0,754.0,,,,
27684,15:09.000,15:09.032,1,1233.0,447.0,1466.0,759.0,,,,
27699,15:09.500,15:09.532,1,1214.0,445.0,1453.0,758.0,,,,
27714,15:10.000,15:10.032,1,1077.0,478.0,1309.0,801.0,,,,
27729,15:10.500,15:10.532,1,953.0,565.0,1187.0,878.0,,,,
27744,15:11.000,15:11.032,1,1035.0,565.0,1258.0,875.0,,,,
27759,15:11.500,15:11.532,1,1094.0,497.0,1320.0,811.0,,,,
27773,15:12.000,15:12.000,1,1118.0,462.0,1342.0,788.0,,,,
27788,15:12.500,15:12.500,1,1117.0,443.0,1340.0,756.0,,,,
27803,15:13.000,15:13.000,1,1209.0,436.0,1432.0,755.0,,,,
27818,15:13.500,15:13.500,1,1237.0,431.0,1459.0,745.0,,,,
27834,15:14.000,15:14.025,1,1178.0,417.0,1403.0,735.0,,,,
27849,15:14.500,15:14.525,1,1137.0,425.0,1363.0,742.0,,,,
27864,15:15.000,15:15.025,1,1126.0,444.0,1360.0,762.0,,,,
27879,15:15.500,15:15.525,1,1132.0,454.0,1362.0,771.0,,,,
27894,15:16.000,15:16.027,1,1133.0,453.0,1365.0,772.0,,,,
27909,15:16.500,15:16.527,1,1132.0,457.0,1365.0,776.0,,,,
27924,15:17.000,15:17.027,1,1128.0,450.0,1360.0,766.0,,,,
27939,15:17.500,15:17.527,1,1134.0,432.0,1361.0,744.0,,,,
27954,15:18.000,15:18.027,1,1121.0,533.0,1342.0,846.0,,,,
27969,15:18.500,15:18.527,1,1137.0,487.0,1361.0,800.0,,,,
27984,15:19.000,15:19.027,1,1079.0,583.0,1298.0,888.0,,,,
27999,15:19.500,15:19.527,1,983.0,624.0,1195.0,931.0,,,,
28014,15:20.000,15:20.028,1,999.0,625.0,1209.0,929.0,,,,
28029,15:20.500,15:20.528,1,1177.0,625.0,1391.0,924.0,,,,
28044,15:21.000,15:21.028,1,1184.0,760.0,1399.0,1059.0,,,,
28059,15:21.500,15:21.528,1,985.0,714.0,1210.0,1024.0,,,,
28074,15:22.000,15:22.028,1,1010.0,596.0,1235.0,904.0,,,,
28089,15:22.500,15:22.528,1,983.0,552.0,1209.0,864.0,,,,
28104,15:23.000,15:23.028,1,1004.0,507.0,1227.0,817.0,,,,
28119,15:23.500,15:23.528,1,956.0,414.0,1183.0,736.0,,,,
28134,15:24.000,15:24.030,1,1002.0,505.0,1218.0,815.0,,,,
28149,15:24.500,15:24.530,1,947.0,512.0,1168.0,828.0,,,,
28164,15:25.000,15:25.030,1,976.0,507.0,1195.0,824.0,,,,
28179,15:25.500,15:25.530,1,924.0,525.0,1143.0,834.0,,,,
28194,15:26.000,15:26.030,1,1024.0,553.0,1235.0,861.0,,,,
28209,15:26.500,15:26.530,1,1106.0,588.0,1318.0,898.0,,,,
28224,15:27.000,15:27.030,1,890.0,607.0,1107.0,918.0,,,,
28239,15:27.500,15:27.530,1,890.0,603.0,1103.0,909.0,,,,
28254,15:28.000,15:28.032,1,948.0,596.0,1155.0,904.0,,,,
28269,15:28.500,15:28.532,1,989.0,666.0,1194.0,966.0,,,,
28284,15:29.000,15:29.032,1,934.0,651.0,1135.0,953.0,,,,
28299,15:29.500,15:29.532,1,945.0,639.0,1144.0,939.0,,,,
28314,15:30.000,15:30.032,1,1038.0,612.0,1240.0,921.0,,,,
28329,15:30.500,15:30.532,1,994.0,584.0,1198.0,890.0,,,,
28344,15:31.000,15:31.032,1,987.0,516.0,1197.0,832.0,,,,
28359,15:31.500,15:31.532,1,1019.0,514.0,1223.0,823.0,,,,
28373,15:32.000,15:32.000,1,1016.0,541.0,1221.0,851.0,,,,
28388,15:32.500,15:32.500,1,970.0,526.0,1178.0,845.0,,,,
28403,15:33.000,15:33.000,1,914.0,529.0,1125.0,837.0,,,,
28419,15:33.500,15:33.525,1,888.0,514.0,1105.0,830.0,,,,
28434,15:34.000,15:34.025,1,850.0,551.0,1071.0,874.0,,,,
28449,15:34.500,15:34.525,1,587.0,636.0,819.0,959.0,,,,
28464,15:35.000,15:35.025,1,598.0,647.0,827.0,971.0,,,,
28479,15:35.500,15:35.525,1,772.0,612.0,990.0,924.0,,,,
28494,15:36.000,15:36.027,1,822.0,629.0,1033.0,934.0,,,,
28509,15:36.500,15:36.527,1,867.0,687.0,1083.0,994.0,,,,
28524,15:37.000,15:37.027,1,871.0,683.0,1082.0,990.0,,,,
28539,15:37.500,15:37.527,1,914.0,662.0,1120.0,963.0,,,,
28554,15:38.000,15:38.027,1,906.0,650.0,1113.0,954.0,,,,
28569,15:38.500,15:38.527,1,942.0,589.0,1149.0,891.0,,,,
28584,15:39.000,15:39.027,1,956.0,598.0,1165.0,904.0,,,,
28599,15:39.500,15:39.527,1,959.0,592.0,1171.0,900.0,,,,
28614,15:40.000,15:40.028,1,980.0,572.0,1197.0,883.0,,,,
28629,15:40.500,15:40.528,1,986.0,568.0,1200.0,872.0,,,,
28644,15:41.000,15:41.028,1,960.0,582.0,1176.0,893.0,,,,
28659,15:41.500,15:41.528,1,956.0,539.0,1169.0,857.0,,,,
28674,15:42.000,15:42.028,1,936.0,524.0,1151.0,841.0,,,,
28689,15:42.500,15:42.528,1,938.0,528.0,1153.0,844.0,,,,
28704,15:43.000,15:43.028,1,967.0,528.0,1182.0,849.0,,,,
28719,15:43.500,15:43.528,1,938.0,523.0,1154.0,847.0,,,,
28734,15:44.000,15:44.030,1,914.0,589.0,1134.0,904.0,,,,
28749,15:44.500,15:44.530,1,946.0,600.0,1157.0,917.0,,,,
28764,15:45.000,15:45.030,1,961.0,561.0,1178.0,878.0,,,,
28779,15:45.500,15:45.530,1,957.0,562.0,1172.0,874.0,,,,
28794,15:46.000,15:46.030,1,982.0,574.0,1195.0,891.0,,,,
28809,15:46.500,15:46.530,1,991.0,673.0,1199.0,984.0,,,,
28824,15:47.000,15:47.030,1,992.0,665.0,1197.0,973.0,,,,
28839,15:47.500,15:47.530,1,967.0,643.0,1178.0,959.0,,,,
28854,15:48.000,15:48.032,1,989.0,632.0,1198.0,941.0,,,,
28869,15:48.500,15:48.532,1,905.0,569.0,1122.0,886.0,,,,
28884,15:49.000,15:49.032,1,902.0,519.0,1116.0,838.0,,,,
28899,15:49.500,15:49.532,1,906.0,480.0,1119.0,802.0,,,,
28914,15:50.000,15:50.032,1,882.0,490.0,1096.0,808.0,,,,
28929,15:50.500,15:50.532,1,894.0,466.0,1112.0,786.0,,,,
28944,15:51.000,15:51.032,1,936.0,501.0,1145.0,810.0,,,,
28959,15:51.500,15:51.532,1,957.0,513.0,1173.0,826.0,,,,
28973,15:52.000,15:52.000,1,970.0,502.0,1180.0,815.0,,,,
28988,15:52.500,15:52.500,1,965.0,507.0,1178.0,820.0,,,,
29003,15:53.000,15:53.000,1,925.0,661.0,1135.0,975.0,,,,
29019,15:53.500,15:53.525,1,865.0,686.0,1092.0,1018.0,,,,
29034,15:54.000,15:54.025,1,940.0,730.0,1154.0,1050.0,,,,
29049,15:54.500,15:54.525,1,1042.0,595.0,1254.0,908.0,,,,
29064,15:55.000,15:55.025,1,951.0,524.0,1166.0,843.0,,,,
29079,15:55.500,15:55.525,1,844.0,505.0,1068.0,830.0,,,,
29094,15:56.000,15:56.027,1,822.0,518.0,1044.0,843.0,,,,
29109,15:56.500,15:56.527,1,840.0,526.0,1061.0,854.0,,,,
29124,15:57.000,15:57.027,1,827.0,525.0,1053.0,847.0,,,,
29139,15:57.500,15:57.527,1,837.0,524.0,1061.0,849.0,,,,
29154,15:58.000,15:58.027,1,820.0,516.0,1043.0,841.0,,,,
29169,15:58.500,15:58.527,1,826.0,591.0,1050.0,909.0,,,,
29184,15:59.000,15:59.027,1,781.0,564.0,1008.0,885.0,,,,
29199,15:59.500,15:59.527,1,842.0,533.0,1066.0,861.0,,,,
29214,16:00.000,16:00.028,1,881.0,534.0,1101.0,859.0,,,,
29229,16:00.500,16:00.528,1,898.0,502.0,1120.0,820.0,,,,
29244,16:01.000,16:01.028,1,903.0,489.0,1125.0,812.0,,,,
29259,16:01.500,16:01.528,1,891.0,491.0,1117.0,814.0,,,,
29274,16:02.000,16:02.028,1,883.0,475.0,1111.0,800.0,,,,
29289,16:02.500,16:02.528,1,873.0,475.0,1098.0,805.0,,,,
29304,16:03.000,16:03.028,1,869.0,424.0,1095.0,754.0,,,,
29319,16:03.500,16:03.530,1,829.0,470.0,1057.0,800.0,,,,
29334,16:04.000,16:04.030,1,658.0,533.0,896.0,869.0,,,,
29349,16:04.500,16:04.530,1,577.0,592.0,812.0,929.0,,,,
29364,16:05.000,16:05.030,1,644.0,575.0,871.0,908.0,,,,
29379,16:05.500,16:05.530,1,751.0,583.0,965.0,918.0,,,,
29394,16:06.000,16:06.030,1,756.0,572.0,971.0,896.0,,,,
29409,16:06.500,16:06.530,1,758.0,561.0,978.0,893.0,,,,
29424,16:07.000,16:07.030,1,816.0,587.0,1032.0,916.0,,,,
29439,16:07.500,16:07.532,1,823.0,576.0,1047.0,901.0,,,,
29454,16:08.000,16:08.032,1,793.0,598.0,1017.0,920.0,,,,
29469,16:08.500,16:08.532,1,804.0,589.0,1023.0,914.0,,,,
29484,16:09.000,16:09.032,1,793.0,581.0,1014.0,906.0,,,,
29499,16:09.500,16:09.532,1,822.0,565.0,1042.0,891.0,,,,
29514,16:10.000,16:10.032,1,823.0,610.0,1038.0,932.0,,,,
29529,16:10.500,16:10.532,1,812.0,643.0,1028.0,970.0,,,,
29544,16:11.000,16:11.032,1,776.0,670.0,994.0,987.0,,,,
29558,16:11.500,16:11.500,1,778.0,683.0,994.0,999.0,,,,
29575,16:12.000,16:12.000,1,779.0,690.0,993.0,1009.0,,,,
29590,16:12.500,16:12.500,1,760.0,671.0,973.0,987.0,,,,
29607,16:13.000,16:13.025,1,857.0,636.0,1072.0,954.0,,,,
29622,16:13.500,16:13.525,1,1010.0,608.0,1221.0,920.0,,,,
29637,16:14.000,16:14.025,1,963.0,588.0,1175.0,908.0,,,,
29652,16:14.500,16:14.525,1,943.0,558.0,1159.0,872.0,,,,
29667,16:15.000,16:15.025,1,915.0,537.0,1132.0,853.0,,,,
29682,16:15.500,16:15.527,1,943.0,593.0,1161.0,913.0,,,,
29697,16:16.000,16:16.027,1,922.0,573.0,1146.0,886.0,,,,
29712,16:16.500,16:16.527,1,901.0,536.0,1124.0,853.0,,,,
29727,16:17.000,16:17.027,1,848.0,629.0,1067.0,941.0,,,,
29742,16:17.500,16:17.527,1,821.0,689.0,1040.0,996.0,,,,
29758,16:18.000,16:18.027,1,858.0,600.0,1074.0,920.0,,,,
29773,16:18.500,16:18.527,1,830.0,544.0,1049.0,864.0,,,,
29788,16:19.000,16:19.027,1,765.0,668.0,977.0,981.0,,,,
29803,16:19.500,16:19.528,1,261.0,663.0,526.0,1029.0,,,,
29818,16:20.000,16:20.028,1,288.0,638.0,546.0,999.0,,,,
29833,16:20.500,16:20.528,1,316.0,652.0,570.0,1006.0,,,,
29848,16:21.000,16:21.028,1,330.0,669.0,583.0,1029.0,,,,
29863,16:21.500,16:21.528,1,318.0,652.0,573.0,1004.0,,,,
29878,16:22.000,16:22.028,1,403.0,618.0,649.0,968.0,,,,
29893,16:22.500,16:22.528,1,434.0,576.0,676.0,922.0,,,,
29908,16:23.000,16:23.028,1,440.0,548.0,682.0,892.0,,,,
29923,16:23.500,16:23.530,1,413.0,594.0,658.0,938.0,,,,
29938,16:24.000,16:24.030,1,380.0,634.0,631.0,992.0,,,,
29953,16:24.500,16:24.530,1,389.0,681.0,636.0,1039.0,,,,
29968,16:25.000,16:25.030,1,319.0,749.0,577.0,1114.0,,,,
29983,16:25.500,16:25.530,1,297.0,766.0,558.0,1134.0,,,,
29998,16:26.000,16:26.030,1,608.0,937.0,838.0,1287.0,,,,
30013,16:26.500,16:26.530,1,1421.0,1026.0,1656.0,1373.0,,,,
30028,16:27.000,16:27.030,1,1333.0,967.0,1566.0,1299.0,,,,
30043,16:27.500,16:27.532,1,1235.0,917.0,1466.0,1236.0,,,,
30058,16:28.000,16:28.032,1,1202.0,921.0,1437.0,1250.0,,,,
30073,16:28.500,16:28.532,1,1174.0,856.0,1402.0,1169.0,,,,
30088,16:29.000,16:29.032,1,1142.0,708.0,1367.0,1020.0,,,,
30103,16:29.500,16:29.532,1,1175.0,600.0,1396.0,919.0,,,,
30118,16:30.000,16:30.032,1,1183.0,519.0,1407.0,845.0,,,,
30133,16:30.500,16:30.532,1,1166.0,516.0,1394.0,836.0,,,,
30148,16:31.000,16:31.032,1,1157.0,511.0,1383.0,826.0,,,,
30162,16:31.500,16:31.500,1,1117.0,561.0,1341.0,873.0,,,,
30177,16:32.000,16:32.000,1,1193.0,595.0,1422.0,910.0,,,,
30193,16:32.500,16:32.525,1,1182.0,614.0,1418.0,927.0,,,,
30208,16:33.000,16:33.025,1,1154.0,627.0,1382.0,932.0,,,,
30223,16:33.500,16:33.525,1,1116.0,672.0,1341.0,989.0,,,,
30238,16:34.000,16:34.025,1,1052.0,690.0,1265.0,996.0,,,,
30253,16:34.500,16:34.525,1,995.0,690.0,1204.0,998.0,,,,
30268,16:35.000,16:35.025,1,1010.0,729.0,1215.0,1036.0,,,,
30283,16:35.500,16:35.527,1,987.0,836.0,1192.0,1150.0,,,,
30298,16:36.000,16:36.027,1,1057.0,785.0,1257.0,1092.0,,,,
30313,16:36.500,16:36.527,1,1101.0,755.0,1308.0,1067.0,,,,
30328,16:37.000,16:37.027,1,1053.0,763.0,1257.0,1069.0,,,,
30343,16:37.500,16:37.527,1,1131.0,770.0,1338.0,1083.0,,,,
30358,16:38.000,16:38.027,1,1125.0,750.0,1338.0,1056.0,,,,
30374,16:38.500,16:38.527,1,1167.0,863.0,1389.0,1168.0,,,,
30389,16:39.000,16:39.027,1,1084.0,774.0,1301.0,1085.0,,,,
30405,16:39.500,16:39.528,1,1081.0,729.0,1302.0,1038.0,,,,
30420,16:40.000,16:40.028,1,902.0,803.0,1132.0,1116.0,,,,
30435,16:40.500,16:40.528,1,897.0,765.0,1127.0,1074.0,,,,
30450,16:41.000,16:41.028,1,911.0,729.0,1135.0,1038.0,,,,
30465,16:41.500,16:41.528,1,962.0,688.0,1187.0,998.0,,,,
30480,16:42.000,16:42.028,1,997.0,617.0,1219.0,926.0,,,,
30495,16:42.500,16:42.528,1,976.0,584.0,1199.0,899.0,,,,
30510,16:43.000,16:43.028,1,1005.0,570.0,1228.0,885.0,,,,
30525,16:43.500,16:43.530,1,1079.0,618.0,1298.0,926.0,,,,
30540,16:44.000,16:44.030,1,1235.0,595.0,1455.0,908.0,,,,
30555,16:44.500,16:44.530,1,1146.0,634.0,1369.0,945.0,,,,
30570,16:45.000,16:45.030,1,942.0,583.0,1165.0,896.0,,,,
30585,16:45.500,16:45.530,1,1026.0,570.0,1243.0,878.0,,,,
30600,16:46.000,16:46.030,1,1111.0,581.0,1318.0,894.0,,,,
30615,16:46.500,16:46.530,1,1144.0,556.0,1345.0,865.0,,,,
30630,16:47.000,16:47.030,1,1134.0,544.0,1344.0,856.0,,,,
30645,16:47.500,16:47.532,1,1147.0,541.0,1354.0,854.0,,,,
30660,16:48.000,16:48.032,1,1140.0,539.0,1350.0,860.0,,,,
30675,16:48.500,16:48.532,1,1127.0,551.0,1338.0,864.0,,,,
30690,16:49.000,16:49.032,1,1101.0,535.0,1323.0,845.0,,,,
30705,16:49.500,16:49.532,1,1132.0,582.0,1350.0,886.0,,,,
30720,16:50.000,16:50.032,1,1128.0,582.0,1342.0,886.0,,,,
30735,16:50.500,16:50.532,1,1133.0,581.0,1345.0,893.0,,,,
30750,16:51.000,16:51.032,1,1141.0,587.0,1346.0,894.0,,,,
30764,16:51.500,16:51.500,1,1167.0,559.0,1379.0,867.0,,,,
30779,16:52.000,16:52.000,1,1131.0,561.0,1347.0,866.0,,,,
30794,16:52.500,16:52.500,1,1138.0,555.0,1352.0,860.0,,,,
30810,16:53.000,16:53.025,1,1142.0,503.0,1356.0,809.0,,,,
30825,16:53.500,16:53.525,1,1150.0,504.0,1365.0,811.0,,,,
30840,16:54.000,16:54.025,1,1128.0,486.0,1344.0,806.0,,,,
30855,16:54.500,16:54.525,1,1133.0,485.0,1352.0,796.0,,,,
30870,16:55.000,16:55.025,1,1110.0,477.0,1322.0,796.0,,,,
30885,16:55.500,16:55.527,1,1109.0,471.0,1323.0,789.0,,,,
30900,16:56.000,16:56.027,1,1095.0,470.0,1309.0,785.0,,,,
30915,16:56.500,16:56.527,1,1100.0,471.0,1314.0,786.0,,,,
30930,16:57.000,16:57.027,1,1119.0,463.0,1334.0,787.0,,,,
30945,16:57.500,16:57.527,1,1117.0,448.0,1333.0,766.0,,,,
30960,16:58.000,16:58.027,1,1119.0,511.0,1334.0,820.0,,,,
30975,16:58.500,16:58.527,1,1128.0,504.0,1342.0,816.0,,,,
30990,16:59.000,16:59.027,1,1125.0,475.0,1336.0,798.0,,,,
31005,16:59.500,16:59.528,1,1101.0,468.0,1317.0,788.0,,,,
31020,17:00.000,17:00.028,1,1103.0,465.0,1319.0,785.0,,,,
31035,17:00.500,17:00.528,1,1103.0,454.0,1320.0,768.0,,,,
31050,17:01.000,17:01.028,1,1122.0,447.0,1336.0,765.0,,,,
31065,17:01.500,17:01.528,1,1128.0,439.0,1342.0,752.0,,,,
31080,17:02.000,17:02.028,1,1130.0,431.0,1347.0,750.0,,,,
31095,17:02.500,17:02.528,1,1135.0,431.0,1353.0,744.0,,,,
31110,17:03.000,17:03.028,1,1129.0,433.0,1346.0,748.0,,,,
31125,17:03.500,17:03.530,1,1118.0,432.0,1333.0,748.0,,,,
31140,17:04.000,17:04.030,1,1116.0,426.0,1325.0,747.0,,,,
31155,17:04.500,17:04.530,1,1114.0,422.0,1327.0,743.0,,,,
31170,17:05.000,17:05.030,1,1115.0,425.0,1327.0,744.0,,,,
31185,17:05.500,17:05.530,1,1098.0,419.0,1319.0,743.0,,,,
31200,17:06.000,17:06.030,1,1107.0,414.0,1324.0,741.0,,,,
31215,17:06.500,17:06.530,1,1129.0,402.0,1346.0,728.0,,,,
31230,17:07.000,17:07.030,1,1121.0,401.0,1339.0,727.0,,,,
31245,17:07.500,17:07.532,1,1099.0,414.0,1318.0,735.0,,,,
31260,17:08.000,17:08.032,1,1112.0,399.0,1329.0,727.0,,,,
31275,17:08.500,17:08.532,1,1103.0,394.0,1325.0,716.0,,,,
31290,17:09.000,17:09.032,1,1101.0,413.0,1319.0,736.0,,,,
31305,17:09.500,17:09.532,1,1104.0,422.0,1320.0,745.0,,,,
31320,17:10.000,17:10.032,1,1094.0,371.0,1317.0,693.0,,,,
31335,17:10.500,17:10.532,1,1114.0,421.0,1327.0,737.0,,,,
31350,17:11.000,17:11.032,1,1029.0,430.0,1246.0,751.0,,,,
31364,17:11.500,17:11.500,1,1029.0,452.0,1245.0,773.0,,,,
31379,17:12.000,17:12.000,1,1002.0,453.0,1219.0,776.0,,,,
31395,17:12.500,17:12.525,1,1055.0,405.0,1267.0,733.0,,,,
31410,17:13.000,17:13.025,1,1033.0,411.0,1247.0,729.0,,,,
31425,17:13.500,17:13.525,1,1094.0,337.0,1316.0,665.0,,,,
31440,17:14.000,17:14.025,1,1142.0,337.0,1357.0,664.0,,,,
31455,17:14.500,17:14.525,1,1153.0,344.0,1364.0,674.0,,,,
31470,17:15.000,17:15.025,1,1098.0,474.0,1301.0,795.0,,,,
31485,17:15.500,17:15.527,1,1100.0,575.0,1305.0,886.0,,,,
31500,17:16.000,17:16.027,1,1105.0,698.0,1310.0,1001.0,,,,
31515,17:16.500,17:16.527,1,1214.0,752.0,1423.0,1059.0,,,,
31530,17:17.000,17:17.027,1,1279.0,738.0,1496.0,1041.0,,,,
31546,17:17.500,17:17.527,1,1241.0,739.0,1463.0,1037.0,,,,
31561,17:18.000,17:18.027,1,1251.0,690.0,1480.0,988.0,,,,
31576,17:18.500,17:18.527,1,1260.0,678.0,1487.0,978.0,,,,
31591,17:19.000,17:19.027,1,1235.0,800.0,1466.0,1100.0,,,,
31607,17:19.500,17:19.528,1,1201.0,727.0,1434.0,1024.0,,,,
31622,17:20.000,17:20.028,1,1233.0,647.0,1458.0,941.0,,,,
31637,17:20.500,17:20.528,1,1211.0,628.0,1439.0,927.0,,,,
31652,17:21.000,17:21.028,1,1239.0,628.0,1463.0,930.0,,,,
31667,17:21.500,17:21.528,1,1229.0,618.0,1455.0,918.0,,,,
31682,17:22.000,17:22.028,1,1213.0,616.0,1443.0,918.0,,,,
31697,17:22.500,17:22.528,1,1197.0,628.0,1426.0,935.0,,,,
31712,17:23.000,17:23.030,1,1197.0,604.0,1433.0,905.0,,,,
31727,17:23.500,17:23.530,1,1192.0,602.0,1429.0,906.0,,,,
31742,17:24.000,17:24.030,1,1171.0,614.0,1398.0,916.0,,,,
31758,17:24.500,17:24.530,1,1184.0,562.0,1411.0,866.0,,,,
31773,17:25.000,17:25.030,1,1130.0,543.0,1363.0,849.0,,,,
31788,17:25.500,17:25.530,1,1149.0,540.0,1375.0,844.0,,,,
31803,17:26.000,17:26.030,1,1139.0,529.0,1360.0,838.0,,,,
31818,17:26.500,17:26.530,1,1144.0,515.0,1369.0,826.0,,,,
31833,17:27.000,17:27.032,1,1122.0,506.0,1350.0,823.0,,,,
31848,17:27.500,17:27.532,1,1168.0,526.0,1389.0,834.0,,,,
31863,17:28.000,17:28.032,1,1042.0,604.0,1262.0,904.0,,,,
31878,17:28.500,17:28.532,1,1024.0,522.0,1241.0,831.0,,,,
31893,17:29.000,17:29.032,1,854.0,478.0,1082.0,804.0,,,,
31908,17:29.500,17:29.532,1,846.0,428.0,1078.0,751.0,,,,
31923,17:30.000,17:30.032,1,878.0,435.0,1108.0,755.0,,,,
31938,17:30.500,17:30.532,1,934.0,440.0,1159.0,756.0,,,,
31952,17:31.000,17:31.000,1,923.0,429.0,1147.0,744.0,,,,
31967,17:31.500,17:31.500,1,936.0,435.0,1160.0,749.0,,,,
31982,17:32.000,17:32.000,1,884.0,444.0,1116.0,767.0,,,,
31998,17:32.500,17:32.525,1,856.0,468.0,1089.0,790.0,,,,
32013,17:33.000,17:33.025,1,852.0,522.0,1082.0,837.0,,,,
32028,17:33.500,17:33.525,1,774.0,462.0,1013.0,784.0,,,,
32043,17:34.000,17:34.025,1,822.0,411.0,1063.0,735.0,,,,
32058,17:34.500,17:34.525,1,832.0,414.0,1064.0,736.0,,,,
32073,17:35.000,17:35.027,1,1045.0,503.0,1263.0,809.0,,,,
32088,17:35.500,17:35.527,1,1062.0,472.0,1282.0,786.0,,,,
32103,17:36.000,17:36.027,1,1047.0,472.0,1270.0,783.0,,,,
32118,17:36.500,17:36.527,1,1055.0,530.0,1274.0,832.0,,,,
32133,17:37.000,17:37.027,1,1097.0,730.0,1315.0,1026.0,,,,
32148,17:37.500,17:37.527,1,1292.0,851.0,1521.0,1155.0,,,,
32163,17:38.000,17:38.027,1,1327.0,905.0,1563.0,1216.0,,,,
32179,17:38.500,17:38.527,1,1334.0,799.0,1567.0,1105.0,,,,
32194,17:39.000,17:39.028,1,1324.0,773.0,1559.0,1075.0,,,,
32209,17:39.500,17:39.528,1,1323.0,764.0,1557.0,1068.0,,,,
32224,17:40.000,17:40.028,1,1308.0,722.0,1547.0,1025.0,,,,
32239,17:40.500,17:40.528,1,1292.0,744.0,1524.0,1045.0,,,,
32254,17:41.000,17:41.028,1,1266.0,721.0,1497.0,1018.0,,,,
32269,17:41.500,17:41.528,1,1194.0,567.0,1425.0,871.0,,,,
32284,17:42.000,17:42.028,1,1201.0,460.0,1430.0,777.0,,,,
32299,17:42.500,17:42.528,1,1204.0,456.0,1431.0,778.0,,,,
32314,17:43.000,17:43.030,1,1208.0,443.0,1429.0,755.0,,,,
32329,17:43.500,17:43.530,1,1210.0,431.0,1429.0,742.0,,,,
32344,17:44.000,17:44.030,1,1203.0,422.0,1426.0,738.0,,,,
32359,17:44.500,17:44.530,1,1193.0,400.0,1417.0,720.0,,,,
32374,17:45.000,17:45.030,1,1201.0,441.0,1423.0,761.0,,,,
32389,17:45.500,17:45.530,1,1228.0,408.0,1453.0,732.0,,,,
32404,17:46.000,17:46.030,1,1244.0,409.0,1465.0,731.0,,,,
32419,17:46.500,17:46.530,1,1225.0,403.0,1448.0,715.0,,,,
32434,17:47.000,17:47.032,1,1209.0,397.0,1432.0,717.0,,,,
32449,17:47.500,17:47.532,1,1184.0,437.0,1405.0,750.0,,,,
32464,17:48.000,17:48.032,1,1149.0,429.0,1372.0,743.0,,,,
32479,17:48.500,17:48.532,1,1158.0,432.0,1379.0,745.0,,,,
32494,17:49.000,17:49.032,1,1155.0,423.0,1376.0,739.0,,,,
32509,17:49.500,17:49.532,1,1176.0,405.0,1393.0,723.0,,,,
32524,17:50.000,17:50.032,1,1178.0,398.0,1394.0,707.0,,,,
32539,17:50.500,17:50.532,1,1204.0,368.0,1422.0,689.0,,,,
32553,17:51.000,17:51.000,1,1195.0,385.0,1416.0,702.0,,,,
32568,17:51.500,17:51.500,1,1179.0,397.0,1399.0,714.0,,,,
32584,17:52.000,17:52.025,1,1176.0,410.0,1396.0,728.0,,,,
32599,17:52.500,17:52.525,1,1173.0,425.0,1391.0,738.0,,,,
32614,17:53.000,17:53.025,1,1179.0,424.0,1396.0,737.0,,,,
32629,17:53.500,17:53.525,1,1184.0,419.0,1402.0,730.0,,,,
32644,17:54.000,17:54.025,1,1184.0,407.0,1399.0,726.0,,,,
32659,17:54.500,17:54.525,1,1178.0,380.0,1394.0,691.0,,,,
32674,17:55.000,17:55.027,1,1187.0,372.0,1406.0,684.0,,,,
32689,17:55.500,17:55.527,1,1196.0,490.0,1412.0,800.0,,,,
32704,17:56.000,17:56.027,1,1168.0,470.0,1383.0,783.0,,,,
32719,17:56.500,17:56.527,1,1174.0,414.0,1391.0,727.0,,,,
32734,17:57.000,17:57.027,1,1152.0,472.0,1369.0,785.0,,,,
32749,17:57.500,17:57.527,1,1153.0,445.0,1373.0,756.0,,,,
32764,17:58.000,17:58.027,1,1174.0,469.0,1389.0,781.0,,,,
32779,17:58.500,17:58.527,1,1146.0,417.0,1364.0,727.0,,,,
32794,17:59.000,17:59.028,1,1043.0,463.0,1262.0,774.0,,,,
32809,17:59.500,17:59.528,1,1084.0,465.0,1306.0,785.0,,,,
32824,18:00.000,18:00.028,1,1078.0,537.0,1301.0,850.0,,,,
32839,18:00.500,18:00.528,1,1089.0,541.0,1312.0,860.0,,,,
32854,18:01.000,18:01.028,1,1058.0,512.0,1274.0,816.0,,,,
32869,18:01.500,18:01.528,1,1066.0,494.0,1282.0,802.0,,,,
32884,18:02.000,18:02.028,1,1056.0,519.0,1267.0,821.0,,,,
32899,18:02.500,18:02.528,1,1020.0,508.0,1237.0,810.0,,,,
32914,18:03.000,18:03.030,1,1029.0,488.0,1242.0,798.0,,,,
32929,18:03.500,18:03.530,1,975.0,469.0,1193.0,785.0,,,,
32944,18:04.000,18:04.030,1,966.0,440.0,1185.0,755.0,,,,
32959,18:04.500,18:04.530,1,886.0,459.0,1102.0,777.0,,,,
32974,18:05.000,18:05.030,1,830.0,487.0,1051.0,801.0,,,,
32989,18:05.500,18:05.530,1,850.0,505.0,1069.0,819.0,,,,
33004,18:06.000,18:06.030,1,894.0,542.0,1112.0,857.0,,,,
33019,18:06.500,18:06.530,1,1121.0,543.0,1336.0,860.0,,,,
33034,18:07.000,18:07.032,1,1171.0,427.0,1386.0,742.0,,,,
33050,18:07.500,18:07.532,1,1133.0,383.0,1358.0,701.0,,,,
33065,18:08.000,18:08.032,1,1187.0,394.0,1411.0,714.0,,,,
33080,18:08.500,18:08.532,1,1149.0,472.0,1367.0,787.0,,,,
33095,18:09.000,18:09.032,1,1172.0,504.0,1385.0,809.0,,,,
33110,18:09.500,18:09.532,1,1129.0,504.0,1349.0,812.0,,,,
33125,18:10.000,18:10.032,1,1126.0,510.0,1345.0,818.0,,,,
33140,18:10.500,18:10.532,1,1096.0,448.0,1319.0,763.0,,,,
33154,18:11.000,18:11.000,1,1115.0,436.0,1330.0,747.0,,,,
33170,18:11.500,18:11.525,1,1081.0,423.0,1299.0,742.0,,,,
33185,18:12.000,18:12.025,1,1051.0,464.0,1267.0,771.0,,,,
33200,18:12.500,18:12.525,1,1057.0,481.0,1274.0,793.0,,,,
33215,18:13.000,18:13.025,1,1053.0,497.0,1263.0,802.0,,,,
33230,18:13.500,18:13.525,1,1047.0,494.0,1260.0,802.0,,,,
33245,18:14.000,18:14.025,1,1035.0,570.0,1253.0,875.0,,,,
33260,18:14.500,18:14.525,1,1170.0,846.0,1392.0,1151.0,,,,
33275,18:15.000,18:15.027,1,1133.0,911.0,1358.0,1224.0,,,,
33291,18:15.500,18:15.527,1,1039.0,857.0,1256.0,1168.0,,,,
33306,18:16.000,18:16.027,1,1124.0,842.0,1341.0,1149.0,,,,
33321,18:16.500,18:16.527,1,1246.0,812.0,1469.0,1119.0,,,,
33336,18:17.000,18:17.027,1,1226.0,829.0,1449.0,1140.0,,,,
33351,18:17.500,18:17.527,1,1236.0,743.0,1457.0,1048.0,,,,
33366,18:18.000,18:18.027,1,1208.0,737.0,1430.0,1043.0,,,,
33381,18:18.500,18:18.527,1,1216.0,626.0,1438.0,930.0,,,,
33396,18:19.000,18:19.028,1,1212.0,626.0,1433.0,931.0,,,,
33411,18:19.500,18:19.528,1,1185.0,601.0,1408.0,906.0,,,,
33426,18:20.000,18:20.028,1,1163.0,573.0,1386.0,877.0,,,,
33441,18:20.500,18:20.528,1,1145.0,560.0,1370.0,869.0,,,,
33456,18:21.000,18:21.028,1,1141.0,541.0,1362.0,855.0,,,,
33471,18:21.500,18:21.528,1,1134.0,538.0,1359.0,846.0,,,,
33486,18:22.000,18:22.028,1,1135.0,554.0,1359.0,858.0,,,,
33501,18:22.500,18:22.528,1,1348.0,754.0,1580.0,1056.0,,,,
33516,18:23.000,18:23.030,1,1163.0,828.0,1391.0,1124.0,,,,
33531,18:23.500,18:23.530,1,920.0,959.0,1144.0,1265.0,,,,
33546,18:24.000,18:24.030,1,865.0,722.0,1086.0,1028.0,,,,
33561,18:24.500,18:24.530,1,887.0,627.0,1109.0,940.0,,,,
33576,18:25.000,18:25.030,1,920.0,574.0,1146.0,880.0,,,,
33591,18:25.500,18:25.530,1,940.0,562.0,1160.0,873.0,,,,
33606,18:26.000,18:26.030,1,890.0,612.0,1118.0,918.0,,,,
33621,18:26.500,18:26.532,1,906.0,588.0,1131.0,898.0,,,,
33636,18:27.000,18:27.032,1,905.0,570.0,1133.0,882.0,,,,
33651,18:27.500,18:27.532,1,902.0,566.0,1129.0,875.0,,,,
33666,18:28.000,18:28.032,1,887.0,542.0,1118.0,855.0,,,,
33681,18:28.500,18:28.532,1,884.0,524.0,1114.0,841.0,,,,
33696,18:29.000,18:29.032,1,892.0,497.0,1124.0,808.0,,,,
33711,18:29.500,18:29.532,1,954.0,505.0,1181.0,820.0,,,,
33726,18:30.000,18:30.032,1,978.0,483.0,1202.0,801.0,,,,
33741,18:30.500,18:30.523,1,938.0,497.0,1163.0,806.0,,,,
33756,18:31.000,18:31.025,1,950.0,488.0,1178.0,801.0,,,,
33771,18:31.500,18:31.525,1,963.0,566.0,1188.0,874.0,,,,
33786,18:32.000,18:32.025,1,943.0,514.0,1174.0,828.0,,,,
33801,18:32.500,18:32.525,1,933.0,558.0,1161.0,867.0,,,,
33816,18:33.000,18:33.025,1,1155.0,656.0,1370.0,967.0,,,,
33831,18:33.500,18:33.525,1,1178.0,588.0,1386.0,906.0,,,,
33846,18:34.000,18:34.025,1,1163.0,546.0,1376.0,861.0,,,,
33861,18:34.500,18:34.525,1,1134.0,543.0,1349.0,855.0,,,,
33876,18:35.000,18:35.027,1,1120.0,567.0,1339.0,883.0,,,,
33891,18:35.500,18:35.527,1,1130.0,534.0,1348.0,848.0,,,,
33906,18:36.000,18:36.027,1,1097.0,605.0,1320.0,916.0,,,,
33921,18:36.500,18:36.527,1,1026.0,606.0,1256.0,921.0,,,,
33936,18:37.000,18:37.027,1,975.0,566.0,1210.0,881.0,,,,
33951,18:37.500,18:37.527,1,1038.0,571.0,1263.0,882.0,,,,
33966,18:38.000,18:38.027,1,1174.0,529.0,1390.0,850.0,,,,
33981,18:38.500,18:38.527,1,1182.0,489.0,1393.0,804.0,,,,
33996,18:39.000,18:39.028,1,1135.0,444.0,1357.0,761.0,,,,
34011,18:39.500,18:39.528,1,1129.0,427.0,1350.0,745.0,,,,
34026,18:40.000,18:40.028,1,1077.0,417.0,1296.0,738.0,,,,
34041,18:40.500,18:40.528,1,1075.0,419.0,1294.0,741.0,,,,
34056,18:41.000,18:41.028,1,1068.0,423.0,1287.0,747.0,,,,
34071,18:41.500,18:41.528,1,1063.0,424.0,1283.0,741.0,,,,
34086,18:42.000,18:42.028,1,1070.0,404.0,1290.0,725.0,,,,
34101,18:42.500,18:42.530,1,1059.0,414.0,1276.0,734.0,,,,
34116,18:43.000,18:43.030,1,1053.0,416.0,1270.0,734.0,,,,
34131,18:43.500,18:43.530,1,1051.0,391.0,1268.0,702.0,,,,
34146,18:44.000,18:44.030,1,1049.0,401.0,1265.0,711.0,,,,
34161,18:44.500,18:44.530,1,1046.0,355.0,1266.0,682.0,,,,
34176,18:45.000,18:45.030,1,1004.0,435.0,1226.0,754.0,,,,
34191,18:45.500,18:45.530,1,1007.0,458.0,1226.0,782.0,,,,
34206,18:46.000,18:46.030,1,1029.0,479.0,1248.0,797.0,,,,
34221,18:46.500,18:46.532,1,1023.0,481.0,1240.0,799.0,,,,
34236,18:47.000,18:47.032,1,999.0,452.0,1218.0,774.0,,,,
34251,18:47.500,18:47.532,1,1046.0,447.0,1267.0,763.0,,,,
34266,18:48.000,18:48.032,1,1023.0,449.0,1241.0,765.0,,,,
34281,18:48.500,18:48.532,1,983.0,587.0,1205.0,902.0,,,,
34296,18:49.000,18:49.023,1,844.0,593.0,1064.0,907.0,,,,
34311,18:49.500,18:49.523,1,922.0,543.0,1133.0,852.0,,,,
34326,18:50.000,18:50.023,1,940.0,512.0,1150.0,825.0,,,,
34341,18:50.500,18:50.525,1,933.0,488.0,1141.0,805.0,,,,
34356,18:51.000,18:51.025,1,970.0,464.0,1182.0,786.0,,,,
34371,18:51.500,18:51.525,1,975.0,460.0,1193.0,788.0,,,,
34386,18:52.000,18:52.025,1,1056.0,512.0,1267.0,826.0,,,,
34401,18:52.500,18:52.525,1,1098.0,534.0,1311.0,858.0,,,,
34416,18:53.000,18:53.025,1,1174.0,601.0,1379.0,914.0,,,,
34431,18:53.500,18:53.525,1,1277.0,568.0,1485.0,883.0,,,,
34446,18:54.000,18:54.025,1,1336.0,536.0,1547.0,865.0,,,,
34461,18:54.500,18:54.527,1,1292.0,494.0,1502.0,818.0,,,,
34476,18:55.000,18:55.027,1,1280.0,526.0,1495.0,847.0,,,,
34491,18:55.500,18:55.527,1,1268.0,537.0,1479.0,858.0,,,,
34506,18:56.000,18:56.027,1,1276.0,500.0,1493.0,817.0,,,,
34521,18:56.500,18:56.527,1,1275.0,456.0,1494.0,779.0,,,,
34536,18:57.000,18:57.027,1,1323.0,417.0,1541.0,742.0,,,,
34551,18:57.500,18:57.527,1,1368.0,436.0,1597.0,763.0,,,,
34566,18:58.000,18:58.027,1,1361.0,433.0,1584.0,753.0,,,,
34581,18:58.500,18:58.528,1,1327.0,455.0,1548.0,786.0,,,,
34596,18:59.000,18:59.028,1,1245.0,462.0,1461.0,788.0,,,,
34611,18:59.500,18:59.528,1,1198.0,465.0,1410.0,786.0,,,,
34626,19:00.000,19:00.028,1,1152.0,474.0,1363.0,793.0,,,,
34641,19:00.500,19:00.528,1,1137.0,463.0,1349.0,785.0,,,,
34656,19:01.000,19:01.028,1,1141.0,453.0,1354.0,772.0,,,,
34671,19:01.500,19:01.528,1,1087.0,422.0,1304.0,749.0,,,,
34686,19:02.000,19:02.028,1,1043.0,424.0,1259.0,746.0,,,,
34701,19:02.500,19:02.530,1,1025.0,418.0,1239.0,739.0,,,,
34716,19:03.000,19:03.030,1,1028.0,426.0,1246.0,747.0,,,,
34731,19:03.500,19:03.530,1,1036.0,430.0,1253.0,748.0,,,,
34746,19:04.000,19:04.030,1,989.0,424.0,1202.0,743.0,,,,
34761,19:04.500,19:04.530,1,990.0,436.0,1208.0,755.0,,,,
34776,19:05.000,19:05.030,1,998.0,445.0,1214.0,767.0,,,,
34791,19:05.500,19:05.530,1,964.0,439.0,1181.0,766.0,,,,
34806,19:06.000,19:06.030,1,885.0,343.0,1117.0,674.0,,,,
34821,19:06.500,19:06.532,1,919.0,374.0,1145.0,693.0,,,,
34836,19:07.000,19:07.032,1,982.0,387.0,1206.0,710.0,,,,
34851,19:07.500,19:07.532,1,987.0,402.0,1208.0,733.0,,,,
34866,19:08.000,19:08.032,1,981.0,404.0,1202.0,732.0,,,,
34881,19:08.500,19:08.523,1,992.0,481.0,1206.0,807.0,,,,
34896,19:09.000,19:09.023,1,1000.0,427.0,1219.0,746.0,,,,
34911,19:09.500,19:09.523,1,1042.0,453.0,1263.0,765.0,,,,
34926,19:10.000,19:10.023,1,1081.0,393.0,1297.0,711.0,,,,
34941,19:10.500,19:10.525,1,1161.0,365.0,1377.0,682.0,,,,
34956,19:11.000,19:11.025,1,1130.0,321.0,1352.0,649.0,,,,
34971,19:11.500,19:11.525,1,1115.0,381.0,1329.0,697.0,,,,
34986,19:12.000,19:12.025,1,1031.0,363.0,1248.0,681.0,,,,
35001,19:12.500,19:12.525,1,1092.0,446.0,1299.0,762.0,,,,
35016,19:13.000,19:13.025,1,1210.0,457.0,1419.0,778.0,,,,
35031,19:13.500,19:13.525,1,1177.0,435.0,1384.0,754.0,,,,
35046,19:14.000,19:14.025,1,1181.0,428.0,1388.0,743.0,,,,
35061,19:14.500,19:14.527,1,1165.0,411.0,1373.0,729.0,,,,
35076,19:15.000,19:15.027,1,1145.0,426.0,1354.0,743.0,,,,
35091,19:15.500,19:15.527,1,1097.0,424.0,1308.0,743.0,,,,
35106,19:16.000,19:16.027,1,1086.0,439.0,1297.0,756.0,,,,
35121,19:16.500,19:16.527,1,1052.0,454.0,1261.0,764.0,,,,
35136,19:17.000,19:17.027,1,1041.0,447.0,1254.0,757.0,,,,
35151,19:17.500,19:17.527,1,1064.0,453.0,1269.0,767.0,,,,
35166,19:18.000,19:18.027,1,1072.0,453.0,1283.0,768.0,,,,
35181,19:18.500,19:18.528,1,1052.0,456.0,1261.0,770.0,,,,
35196,19:19.000,19:19.028,1,1064.0,454.0,1274.0,766.0,,,,
35211,19:19.500,19:19.528,1,1073.0,454.0,1282.0,771.0,,,,
35226,19:20.000,19:20.028,1,1055.0,453.0,1263.0,771.0,,,,
