group,filename,sync_time,task_time,condition
1,001_POV_tracking.csv,19:46,26:40,Spatial/MR
1,002_POV_tracking.csv,17:10,,
1,004_POV_tracking.csv,9:21,,
2,005_POV_tracking.csv,14:21,14:24,Spatial/VR
2,007_POV_tracking.csv,12:10,,
4,013_POV_tracking.csv,0:23,9:14,Grid/MR
4,014_POV_tracking.csv,7:22,,
5,016_POV_tracking.csv,4:37,13:06,Grid/VR
5,017_POV_tracking.csv,9:16,,
5,018_POV_tracking.csv,6:25,,
6,019_POV_tracking.csv,3:18,11:12,Spatial/VR
6,020_POV_tracking.csv,5:53,,
6,021_POV_tracking.csv,9:23,,
7,022_POV_tracking.csv,9:23,19:00,Grid/VR
7,023_POV_tracking.csv,5:14,,
7,024_POV_tracking.csv,7:14,,
7,025_POV_tracking.csv,13:17,,
8,026_POV_tracking.csv,6:01,15:32,Grid/MR
8,027_POV_tracking.csv,8:41,,
8,028_POV_tracking.csv,12:05,,
9,029_POV_tracking.csv,3:03,12:52,Spatial/VR
9,030_POV_tracking.csv,7:53,,
9,031_POV_tracking.csv,7:39,,
9,032_POV_tracking.csv,10:55,,
10,033_POV_tracking.csv,3:21,14:39,Spatial/MR
10,034_POV_tracking.csv,3:04,,
10,035_POV_tracking.csv,8:53,,
10,036_POV_tracking.csv,12:06,,
11,037_POV_tracking.csv,4:11,11:56,Grid/VR
11,038_POV_tracking.csv,7:18,,
12,039_POV_tracking.csv,3:57,12:53,Spatial/VR
12,040_POV_tracking.csv,6:53,,
12,041_POV_tracking.csv,8:32,,
13,042_POV_tracking.csv,3:40,12:04,Spatial/MR
13,043_POV_tracking.csv,5:19,,
13,044_POV_tracking.csv,8:03,,
14,045_POV_tracking.csv,8:13,17:29,Spatial/MR
14,046_POV_tracking.csv,15:57,,
14,047_POV_tracking.csv,19:24,,
14,048_POV_tracking.csv,13:00,,
15,049_POV_tracking.csv,0:04,6:15,Grid/MR
15,050_POV_tracking.csv,11:17,,
16,051_POV_tracking.csv,1:46,10:45,Spatial/VR
16,052_POV_tracking.csv,7:50,,
17,053_POV_tracking.csv,3:02,11:00,Spatial/MR
17,054_POV_tracking.csv,6:34,,
18,055_POV_tracking.csv,3:51,11:29,Grid/VR
18,056_POV_tracking.csv,6:34,,
19,057_POV_tracking.csv,7:51,18:24,Spatial/VR
19,058_POV_tracking.csv,9:27,,
19,059_POV_tracking.csv,12:10,,
19,060_POV_tracking.csv,3:44,,
20,061_POV_tracking.csv,2:59,10:31,Spatial/MR
20,062_POV_tracking.csv,4:27,,
21,063_POV_tracking.csv,11:41,21:48,Grid/MR
21,064_POV_tracking.csv,8:09,,
21,065_POV_tracking.csv,13:47,,
22,066_POV_tracking.csv,0:58,18:20,Grid/VR
22,067_POV_tracking.csv,3:04,,
22,068_POV_tracking.csv,9:26,,
22,069_POV_tracking.csv,6:18,,
23,070_POV_tracking.csv,4:39,13:45,Grid/MR
23,071_POV_tracking.csv,7:04,,
23,072_POV_tracking.csv,10:20,,
23,073_POV_tracking.csv,13:33,,
24,074_POV_tracking.csv,2:44,10:57,Spatial/MR
24,075_POV_tracking.csv,5:14,,
24,076_POV_tracking.csv,8:30,,
25,077_POV_tracking.csv,3:35,11:02,Grid/VR
25,078_POV_tracking.csv,5:31,,
25,079_POV_tracking.csv,9:57,,
26,080_POV_tracking.csv,2:05,8:55,Spatial/VR
26,081_POV_tracking.csv,4:51,,
27,082_POV_tracking.csv,6:36,16:00,Grid/VR
27,083_POV_tracking.csv,8:29,,
27,084_POV_tracking.csv,12:22,,
28,085_POV_tracking.csv,4:15,11:45,Grid/MR
28,086_POV_tracking.csv,6:10,,
28,087_POV_tracking.csv,9:03,,
29,088_POV_tracking.csv,1:02,7:25,Spatial/MR
29,089_POV_tracking.csv,3:11,,
30,090_POV_tracking.csv,4:04,,
30,091_POV_tracking.csv,6:36,13:32,Grid/MR
31,092_POV_tracking.csv,4:26,13:29,Spatial/VR
31,093_POV_tracking.csv,5:10,,
31,094_POV_tracking.csv,8:42,,
31,095_POV_tracking.csv,12:33,,
33,100_POV_tracking.csv,7:12,15:42,Spatial/MR
33,101_POV_tracking.csv,9:11,,
34,103_POV_tracking.csv,2:19,17:06,Grid/VR
34,104_POV_tracking.csv,4:53,,
34,105_POV_tracking.csv,7:23,,
34,106_POV_tracking.csv,10:16,,
35,107_POV_tracking.csv,5:13,16:03,Grid/MR
35,108_POV_tracking.csv,10:51,,
35,109_POV_tracking.csv,7:31,,
35,110_POV_tracking.csv,13:45,,
36,111_POV_tracking.csv,5:10,13:38,Spatial/MR
36,112_POV_tracking.csv,8:01,,
36,113_POV_tracking.csv,2:48,,
36,114_POV_tracking.csv,5:21,,
37,115_POV_tracking.csv,2:10,9:34,Spatial/VR
37,116_POV_tracking.csv,4:22,,
37,117_POV_tracking.csv,6:13,,
38,118_POV_tracking.csv,12:27,21:36,Grid/MR
38,119_POV_tracking.csv,4:03,,
38,120_POV_tracking.csv,13:46,,
39,122_POV_tracking.csv,6:28,15:03,Grid/VR
39,123_POV_tracking.csv,8:29,,
39,124_POV_tracking.csv,10:43,,
40,125_POV_tracking.csv,2:07,11:34,Spatial/VR
40,126_POV_tracking.csv,8:34,,
40,127_POV_tracking.csv,5:43,,
41,128_POV_tracking.csv,2:27,9:42,Spatial/MR
41,129_POV_tracking.csv,2:20,,
42,130_POV_tracking.csv,2:50,9:35,Grid/MR
42,131_POV_tracking.csv,4:51,,
43,132_POV_tracking.csv,4:09,11:53,Grid/MR
43,133_POV_tracking.csv,6:39,,
43,134_POV_tracking.csv,5:39,,
44,135_POV_tracking.csv,5:02,13:20,Spatial/VR
44,136_POV_tracking.csv,7:17,,
44,137_POV_tracking.csv,4:03,,
44,138_POV_tracking.csv,6:57,,
45,139_POV_tracking.csv,1:27,7:45,Spatial/VR
45,140_POV_tracking.csv,5:38,,
46,141_POV_tracking.csv,3:45,11:21,Grid/VR
46,142_POV_tracking.csv,6:19,,
46,143_POV_tracking.csv,8:18,,
