ParticipantNum,GroupSize,Spatiality,Environment,TotalFrames,ZeroFace,OneFace,TwoFace,ThreeFace,FourFace
2,4,Spatial,MR,2524,732,586,1201,5,0
4,4,Spatial,MR,2524,46,878,1595,5,0
9,4,Spatial,MR,3693,237,2202,1127,127,0
10,4,Spatial,MR,3808,248,1789,1760,11,0
13,4,Window,MR,2654,339,409,275,1604,27
14,4,Window,MR,2602,249,63,747,1541,2
16,3,Window,VR,2660,249,213,2197,1,0
17,3,Window,VR,2632,4,39,2571,18,0
18,3,Window,VR,2642,4,39,2581,18,0
19,3,Spatial,VR,2642,138,1751,753,0,0
20,3,Spatial,VR,2644,291,1393,960,0,0
21,3,Spatial,VR,2644,110,1724,810,0,0
22,4,Window,VR,2822,130,670,591,1431,0
23,4,Window,VR,2829,133,85,250,2361,0
24,4,Window,VR,2810,145,73,266,2326,0
25,4,Window,VR,2827,71,94,125,2537,0
26,3,Window,MR,2812,39,34,2726,13,0
27,3,Window,MR,2818,13,2,2790,13,0
28,3,Window,MR,2809,95,52,2561,101,0
29,4,Spatial,VR,2832,545,611,1567,109,0
30,4,Spatial,VR,2830,171,723,1826,110,0
31,4,Spatial,VR,2842,200,992,1638,12,0
32,4,Spatial,VR,2830,27,984,1817,2,0
33,4,Spatial,MR,3038,251,813,1950,24,0
34,4,Spatial,MR,3024,433,622,1955,14,0
35,4,Spatial,MR,3040,21,765,2245,9,0
36,4,Spatial,MR,3022,6,276,2735,5,0
37,2,Window,VR,2600,139,2461,0,0,0
38,2,Window,VR,3210,100,3110,0,0,0
39,3,Spatial,VR,2758,526,769,1463,0,0
40,3,Spatial,VR,2760,246,2108,406,0,0
41,3,Spatial,VR,2776,202,1544,1030,0,0
42,3,Spatial,MR,2668,268,1424,975,1,0
43,3,Spatial,MR,2670,232,631,1807,0,0
44,3,Spatial,MR,2694,56,1311,1327,0,0
45,4,Spatial,MR,2794,641,1348,805,0,0
46,4,Spatial,MR,2787,158,506,2123,0,0
47,4,Spatial,MR,2716,74,745,1897,0,0
48,4,Spatial,MR,2800,30,458,2047,264,1
49,2,Window,MR,1708,16,1629,63,0,0
50,2,Window,MR,2622,4,2618,0,0,0
51,2,Spatial,VR,2738,411,2327,0,0,0
52,2,Spatial,VR,2575,61,2514,0,0,0
53,2,Spatial,MR,2605,301,2303,1,0,0
54,2,Spatial,MR,1826,960,864,2,0,0
55,2,Window,VR,2612,50,2562,0,0,0
56,2,Window,VR,2604,31,2573,0,0,0
57,4,Spatial,VR,2954,580,1649,719,6,0
58,4,Spatial,VR,2968,136,1181,1651,0,0
59,4,Spatial,VR,2968,7,1306,1634,21,0
60,4,Spatial,VR,2972,77,601,2273,21,0
61,2,Spatial,MR,2622,255,2317,50,0,0
62,2,Spatial,MR,2616,79,2537,0,0,0
63,3,Window,MR,3658,204,325,2513,613,3
64,3,Window,MR,2862,20,40,2802,0,0
65,3,Window,MR,2847,13,4,2805,25,0
66,4,Window,VR,3882,194,84,536,2832,236
67,4,Window,VR,3892,35,86,745,3010,15
68,4,Window,VR,3888,385,55,86,2192,1170
69,4,Window,VR,3402,77,57,567,2691,10
70,4,Window,MR,2760,60,27,93,2574,6
71,4,Window,MR,2762,60,37,299,2366,0
72,4,Window,MR,2774,28,53,198,2495,0
73,4,Window,MR,2794,9,11,144,2630,0
74,3,Spatial,MR,2632,314,1831,487,0,0
75,3,Spatial,MR,2646,382,1579,685,0,0
76,3,Spatial,MR,2600,25,1503,1066,6,0
77,3,Window,VR,2536,338,295,1884,19,0
78,3,Window,VR,2550,242,308,1863,137,0
79,3,Window,VR,2528,0,5,2523,0,0
80,2,Spatial,VR,2468,311,2157,0,0,0
81,2,Spatial,VR,2474,1026,1448,0,0,0
82,3,Window,VR,2818,168,401,1288,935,26
83,3,Window,VR,2876,88,247,2461,80,0
84,3,Window,VR,2894,92,89,2449,236,28
85,3,Window,MR,2540,6,1,2533,0,0
86,3,Window,MR,2560,0,1,2559,0,0
87,3,Window,MR,2548,4,5,2539,0,0
88,2,Spatial,MR,2412,123,2289,0,0,0
89,2,Spatial,MR,2426,184,2238,4,0,0
90,2,Window,MR,2496,5,2491,0,0,0
91,2,Window,MR,2506,17,2489,0,0,0
92,4,Spatial,VR,2746,165,560,1986,35,0
93,4,Spatial,VR,2780,57,228,2495,0,0
94,4,Spatial,VR,3002,348,825,1829,0,0
95,4,Spatial,VR,2792,274,213,2305,0,0
100,3,Spatial,MR,2754,350,2147,257,0,0
101,3,Spatial,MR,2732,36,1596,1100,0,0
103,4,Window,VR,3402,355,25,92,2930,0
104,4,Window,VR,3464,272,345,442,2405,0
105,4,Window,VR,3434,64,63,752,2555,0
106,4,Window,VR,2544,2,10,1404,1128,0
107,4,Window,MR,3022,8,0,45,2969,0
108,4,Window,MR,3016,10,9,26,2971,0
109,4,Window,MR,3004,8,7,27,2962,0
110,4,Window,MR,3008,0,2,39,2967,0
111,4,Spatial,MR,2734,52,465,2217,0,0
112,4,Spatial,MR,2738,16,1811,911,0,0
113,4,Spatial,MR,2717,153,727,1837,0,0
114,4,Spatial,MR,2754,128,433,2193,0,0
115,3,Spatial,VR,2537,129,1146,1262,0,0
116,3,Spatial,VR,2534,79,1433,1022,0,0
117,3,Spatial,VR,2574,925,949,699,1,0
118,4,Window,MR,2784,9,7,26,2742,0
119,4,Window,MR,2774,15,48,296,2200,215
120,4,Window,MR,2802,32,4,41,2725,0
122,3,Window,VR,2690,24,24,2642,0,0
123,3,Window,VR,2678,77,32,2563,6,0
124,3,Window,VR,2704,6,2,2696,0,0
125,3,Spatial,VR,2800,463,1274,1063,0,0
126,3,Spatial,VR,2802,235,1100,1467,0,0
127,3,Spatial,VR,2794,644,1580,570,0,0
128,2,Spatial,MR,2542,241,2301,0,0,0
129,2,Spatial,MR,2542,327,2215,0,0,0
130,2,Window,MR,2460,1,2459,0,0,0
131,2,Window,MR,2460,32,2397,31,0,0
132,3,Window,MR,2612,6,7,2599,0,0
133,3,Window,MR,2612,11,63,2533,5,0
134,3,Window,MR,2612,4,18,2579,11,0
135,4,Spatial,VR,2686,235,603,1848,0,0
136,4,Spatial,VR,2684,54,1042,1567,21,0
137,4,Spatial,VR,2686,33,1420,1233,0,0
138,4,Spatial,VR,2684,801,523,1360,0,0
139,2,Spatial,VR,2400,265,2130,5,0,0
140,2,Spatial,VR,2401,809,1592,0,0,0
141,3,Window,VR,2570,74,90,2394,12,0
142,3,Window,VR,2570,47,61,2238,224,0
143,3,Window,VR,2570,30,68,2423,49,0